Source_File,Source_Format,ID,Latitude,Longitude,Driver_primary_code,Driver_primary,Confidence_primary,Driver_secondary,Confidence_secondary,Region,Region_code,Tags,Notes,Country_Filter,Country_Filter_Source,Active_learning,Noise
training_2001_2025_v1_3.csv,csv,3118,49.954996894929614,37.83499978275255,5,Wildfire,Medium,Logging,High,Europe,3,Not applicable,,Russia,built_in_approx_russia_geometry,0,
training_2001_2025_v1_3.csv,csv,3162,53.73499910930797,31.525001666830796,4,Logging,High,,Not applicable,Europe,3,Not applicable,,Russia,built_in_approx_russia_geometry,0,
training_2001_2025_v1_3.csv,csv,3174,54.27500072177177,21.10500106575032,4,Logging,High,,Not applicable,Europe,3,Not applicable,logging,Russia,built_in_approx_russia_geometry,0,
training_2001_2025_v1_3.csv,csv,3194,55.07499912717083,22.354998581387697,4,Logging,High,,Not applicable,Europe,3,Not applicable,,Russia,built_in_approx_russia_geometry,0,
training_2001_2025_v1_3.csv,csv,3463,54.69500119782191,20.32499955587297,6,Settlements & infrastructure,High,Commodity-driven deforestation,High,Europe,3,Energy,Industrial plant; power lines,Russia,built_in_approx_russia_geometry,0,
training_2001_2025_v1_3.csv,csv,3600,54.6049987241561,20.485001000142493,5,Wildfire,Low,,Not applicable,Europe,3,Not applicable,"There's a significant gap in the high res timeseries imagery. Difficult to tell what happened circa 2010, but does appear as though wildfire could be driver",Russia,built_in_approx_russia_geometry,1,
training_2001_2025_v1_3.csv,csv,3675,62.98500059641486,31.244999136007465,2,Hard commodities,High,,Not applicable,Europe,3,Mining,,Russia,built_in_approx_russia_geometry,1,
training_2001_2025_v1_3.csv,csv,3691,68.62500082058233,28.21499981981319,4,Logging,High,,Not applicable,Europe,3,Not applicable,,Russia,built_in_approx_russia_geometry,1,
training_2001_2025_v1_3.csv,csv,3726,67.7849998581102,28.86500074031399,4,Logging,High,,Not applicable,Europe,3,Not applicable,,Russia,built_in_approx_russia_geometry,1,
training_2001_2025_v1_3.csv,csv,3728,67.82500024061537,29.06500032534657,4,Logging,High,,Not applicable,Europe,3,Not applicable,,Russia,built_in_approx_russia_geometry,1,
training_2001_2025_v1_3.csv,csv,5281,58.25500031578706,86.03499936062542,4,Logging,Medium,,Not applicable,Asia,5,Not applicable,,Russia,built_in_approx_russia_geometry,0,
training_2001_2025_v1_3.csv,csv,5282,57.614998916730066,57.16499993560383,4,Logging,High,,Not applicable,Asia,5,Not applicable,,Russia,built_in_approx_russia_geometry,0,
training_2001_2025_v1_3.csv,csv,5301,53.76499993757662,101.1649989943129,4,Logging,High,,Not applicable,Asia,5,Not applicable,,Russia,built_in_approx_russia_geometry,0,
training_2001_2025_v1_3.csv,csv,5306,50.3150001767446,136.30500060376022,4,Logging,High,,Not applicable,Asia,5,Not applicable,,Russia,built_in_approx_russia_geometry,0,
training_2001_2025_v1_3.csv,csv,5310,56.21499949466637,48.12499971666332,4,Logging,Medium,,Not applicable,Asia,5,Not applicable,,Russia,built_in_approx_russia_geometry,0,
training_2001_2025_v1_3.csv,csv,5316,60.274999818841934,44.45500126549116,4,Logging,High,,Not applicable,Asia,5,Not applicable,,Russia,built_in_approx_russia_geometry,0,
training_2001_2025_v1_3.csv,csv,5319,56.24500034074871,134.95499883130643,5,Wildfire,High,,Not applicable,Asia,5,Not applicable,,Russia,built_in_approx_russia_geometry,0,
training_2001_2025_v1_3.csv,csv,5347,55.264999179798735,101.16500124829236,4,Logging,High,,Not applicable,Asia,5,Not applicable,,Russia,built_in_approx_russia_geometry,0,
training_2001_2025_v1_3.csv,csv,5350,53.89500060002054,82.37500041728711,4,Logging,Medium,,Not applicable,Asia,5,Not applicable,,Russia,built_in_approx_russia_geometry,0,
training_2001_2025_v1_3.csv,csv,5375,57.834999821792,33.15499930838282,7,Other natural disturbances,Medium,,Not applicable,Asia,5,Not applicable,,Russia,built_in_approx_russia_geometry,0,
training_2001_2025_v1_3.csv,csv,5391,55.50499913611947,128.5050005376442,5,Wildfire,High,,Not applicable,Asia,5,Not applicable,,Russia,built_in_approx_russia_geometry,0,
training_2001_2025_v1_3.csv,csv,5396,58.86500083432087,30.925000650322467,1,Permanent agriculture,Low,,Not applicable,Asia,5,Agriculture,,Russia,built_in_approx_russia_geometry,0,
training_2001_2025_v1_3.csv,csv,5410,51.12499812402781,112.00500232478684,5,Wildfire,High,,Not applicable,Asia,5,Not applicable,,Russia,built_in_approx_russia_geometry,0,
training_2001_2025_v1_3.csv,csv,5426,58.73500020582215,131.88499917206653,5,Wildfire,High,,Not applicable,Asia,5,Not applicable,,Russia,built_in_approx_russia_geometry,0,
training_2001_2025_v1_3.csv,csv,5427,53.10499951002016,118.9650013800897,5,Wildfire,Low,,Not applicable,Asia,5,Not applicable,,Russia,built_in_approx_russia_geometry,0,
training_2001_2025_v1_3.csv,csv,5446,56.90499859396286,32.505000611706365,4,Logging,High,,Not applicable,Asia,5,Not applicable,,Russia,built_in_approx_russia_geometry,0,
training_2001_2025_v1_3.csv,csv,5455,62.91499942184926,61.054999342349106,5,Wildfire,High,,Not applicable,Asia,5,Not applicable,,Russia,built_in_approx_russia_geometry,0,
training_2001_2025_v1_3.csv,csv,5464,56.73499981621782,118.25500101464922,5,Wildfire,High,,Not applicable,Asia,5,Not applicable,,Russia,built_in_approx_russia_geometry,0,
training_2001_2025_v1_3.csv,csv,5467,68.58500049393297,136.2249998643583,5,Wildfire,High,,Not applicable,Asia,5,Not applicable,,Russia,built_in_approx_russia_geometry,0,
training_2001_2025_v1_3.csv,csv,5473,59.30500043132925,130.98499879848745,5,Wildfire,High,,Not applicable,Asia,5,Not applicable,,Russia,built_in_approx_russia_geometry,0,
training_2001_2025_v1_3.csv,csv,5475,53.57499990686501,128.6749993593131,5,Wildfire,High,,Not applicable,Asia,5,Not applicable,,Russia,built_in_approx_russia_geometry,0,
training_2001_2025_v1_3.csv,csv,5482,56.81500052865657,57.21499984314784,4,Logging,High,,Not applicable,Asia,5,Not applicable,,Russia,built_in_approx_russia_geometry,0,
training_2001_2025_v1_3.csv,csv,5483,59.24500097116978,135.1849992420386,5,Wildfire,High,,Not applicable,Asia,5,Not applicable,,Russia,built_in_approx_russia_geometry,0,
training_2001_2025_v1_3.csv,csv,5484,54.56500057384093,121.71500025839018,5,Wildfire,High,,Not applicable,Asia,5,Not applicable,,Russia,built_in_approx_russia_geometry,0,
training_2001_2025_v1_3.csv,csv,5486,59.74500001808691,70.34500122175535,4,Logging,High,Commodity-driven deforestation,High,Asia,5,Not applicable,energy is secondary,Russia,built_in_approx_russia_geometry,0,
training_2001_2025_v1_3.csv,csv,5488,57.535000421116095,43.54500130943333,4,Logging,High,,Not applicable,Asia,5,Not applicable,,Russia,built_in_approx_russia_geometry,0,
training_2001_2025_v1_3.csv,csv,5495,55.40499934140713,121.855000495768,5,Wildfire,High,,Not applicable,Asia,5,Not applicable,,Russia,built_in_approx_russia_geometry,0,
training_2001_2025_v1_3.csv,csv,5498,59.1049986397109,130.77499959522254,5,Wildfire,High,,Not applicable,Asia,5,Not applicable,,Russia,built_in_approx_russia_geometry,0,
training_2001_2025_v1_3.csv,csv,5501,58.42499907226393,47.9250001441909,4,Logging,High,,Not applicable,Asia,5,Not applicable,,Russia,built_in_approx_russia_geometry,0,
training_2001_2025_v1_3.csv,csv,5502,60.03499987161484,134.00500074551306,5,Wildfire,High,,Not applicable,Asia,5,Not applicable,,Russia,built_in_approx_russia_geometry,0,
training_2001_2025_v1_3.csv,csv,5514,67.64499967146836,145.37499938592526,5,Wildfire,High,Other natural disturbances,High,Asia,5,Not applicable,,Russia,built_in_approx_russia_geometry,0,
training_2001_2025_v1_3.csv,csv,5542,60.595000512427085,117.57499920686212,5,Wildfire,High,,Not applicable,Asia,5,Not applicable,,Russia,built_in_approx_russia_geometry,0,
training_2001_2025_v1_3.csv,csv,5552,65.32499858639436,126.07500002024312,5,Wildfire,High,,Not applicable,Asia,5,Not applicable,,Russia,built_in_approx_russia_geometry,0,
training_2001_2025_v1_3.csv,csv,5557,69.2650000035549,142.13499877088125,5,Wildfire,High,,Not applicable,Asia,5,Not applicable,,Russia,built_in_approx_russia_geometry,0,
training_2001_2025_v1_3.csv,csv,5567,66.85500085228612,134.0749997291289,5,Wildfire,High,,Not applicable,Asia,5,Not applicable,,Russia,built_in_approx_russia_geometry,0,
training_2001_2025_v1_3.csv,csv,5577,61.06499867775106,121.82499964806196,5,Wildfire,High,,Not applicable,Asia,5,Not applicable,,Russia,built_in_approx_russia_geometry,0,
training_2001_2025_v1_3.csv,csv,5587,54.10499972160894,47.09499866654773,4,Logging,High,,Not applicable,Asia,5,Not applicable,,Russia,built_in_approx_russia_geometry,0,
training_2001_2025_v1_3.csv,csv,5589,57.15500028100861,107.1550008548387,4,Logging,High,,Not applicable,Asia,5,Not applicable,,Russia,built_in_approx_russia_geometry,0,
training_2001_2025_v1_3.csv,csv,5594,55.045000526386914,118.6649996908786,5,Wildfire,High,,Not applicable,Asia,5,Not applicable,,Russia,built_in_approx_russia_geometry,0,
training_2001_2025_v1_3.csv,csv,5615,53.59499897509163,114.43500058815602,5,Wildfire,High,,Not applicable,Asia,5,Not applicable,,Russia,built_in_approx_russia_geometry,0,
training_2001_2025_v1_3.csv,csv,5631,65.09500034790992,158.17500058226173,5,Wildfire,High,,Not applicable,Asia,5,Not applicable,,Russia,built_in_approx_russia_geometry,0,
training_2001_2025_v1_3.csv,csv,5642,70.28499928374879,140.76500023545867,5,Wildfire,High,,Not applicable,Asia,5,Not applicable,,Russia,built_in_approx_russia_geometry,0,
training_2001_2025_v1_3.csv,csv,5644,55.44499969256439,122.03499875576512,5,Wildfire,High,,Not applicable,Asia,5,Not applicable,,Russia,built_in_approx_russia_geometry,0,
training_2001_2025_v1_3.csv,csv,5645,67.05500045460964,146.5050002943456,5,Wildfire,High,,Not applicable,Asia,5,Not applicable,,Russia,built_in_approx_russia_geometry,0,
training_2001_2025_v1_3.csv,csv,5646,54.60499872513787,111.0250011654905,5,Wildfire,High,Logging,Medium,Asia,5,Not applicable,,Russia,built_in_approx_russia_geometry,0,
training_2001_2025_v1_3.csv,csv,5650,54.91499986916519,68.09500132078954,7,Other natural disturbances,Medium,,Not applicable,Asia,5,Not applicable,flooding,Russia,built_in_approx_russia_geometry,0,
training_2001_2025_v1_3.csv,csv,5671,53.84500068811529,116.75499950148698,5,Wildfire,High,Other natural disturbances,Low,Asia,5,Not applicable,,Russia,built_in_approx_russia_geometry,0,
training_2001_2025_v1_3.csv,csv,5673,53.15499940180256,112.40499926626592,5,Wildfire,High,,Not applicable,Asia,5,Not applicable,,Russia,built_in_approx_russia_geometry,0,
training_2001_2025_v1_3.csv,csv,5683,53.34499946016158,111.58499956802576,5,Wildfire,Medium,,Not applicable,Asia,5,Not applicable,,Russia,built_in_approx_russia_geometry,0,
training_2001_2025_v1_3.csv,csv,5695,58.67499858780281,92.87499951091698,4,Logging,High,,Not applicable,Asia,5,Not applicable,,Russia,built_in_approx_russia_geometry,0,
training_2001_2025_v1_3.csv,csv,5698,52.3549987747739,115.31499970662252,5,Wildfire,High,,Not applicable,Asia,5,Not applicable,,Russia,built_in_approx_russia_geometry,0,
training_2001_2025_v1_3.csv,csv,5701,63.42500015937748,121.25499945128256,5,Wildfire,High,,Not applicable,Asia,5,Not applicable,,Russia,built_in_approx_russia_geometry,0,
training_2001_2025_v1_3.csv,csv,5708,61.22500015641161,55.69499930891241,4,Logging,High,,Not applicable,Asia,5,Not applicable,,Russia,built_in_approx_russia_geometry,0,
training_2001_2025_v1_3.csv,csv,5712,58.0650002502307,60.86499923059235,6,Settlements & infrastructure,High,,Not applicable,Asia,5,Not applicable,road,Russia,built_in_approx_russia_geometry,0,
training_2001_2025_v1_3.csv,csv,5714,59.355000342632515,98.455000404439,4,Logging,High,,Not applicable,Asia,5,Not applicable,,Russia,built_in_approx_russia_geometry,0,
training_2001_2025_v1_3.csv,csv,5715,62.0649989065421,56.174999219066706,4,Logging,High,,Not applicable,Asia,5,Not applicable,,Russia,built_in_approx_russia_geometry,0,
training_2001_2025_v1_3.csv,csv,5718,56.17499914549215,91.43499969781416,2,Hard commodities,Medium,,Not applicable,Asia,5,Energy,Looks related to oil refinery/storage,Russia,built_in_approx_russia_geometry,0,
training_2001_2025_v1_3.csv,csv,5720,51.75499995046848,112.76500033658886,5,Wildfire,High,,Not applicable,Asia,5,Not applicable,,Russia,built_in_approx_russia_geometry,0,
training_2001_2025_v1_3.csv,csv,5729,59.72500093776553,107.30500061740534,2,Hard commodities,Medium,,Not applicable,Asia,5,Energy,"Geological exploration, uncertain whether for oil or mining",Russia,built_in_approx_russia_geometry,0,
training_2001_2025_v1_3.csv,csv,5730,46.91500032490309,128.34500132310944,2,Hard commodities,Medium,,Not applicable,Asia,5,Mining,some sort of quarry or mining,Russia,built_in_approx_russia_geometry,0,
training_2001_2025_v1_3.csv,csv,5738,55.06499956686608,125.61499923382158,4,Logging,High,,Not applicable,Asia,5,Not applicable,,Russia,built_in_approx_russia_geometry,0,
training_2001_2025_v1_3.csv,csv,5740,60.04499938364202,39.31499988638995,4,Logging,High,Settlements & infrastructure,High,Asia,5,Not applicable,,Russia,built_in_approx_russia_geometry,0,
training_2001_2025_v1_3.csv,csv,5753,61.34499898513653,45.774999958312435,4,Logging,High,,Not applicable,Asia,5,Not applicable,,Russia,built_in_approx_russia_geometry,0,
training_2001_2025_v1_3.csv,csv,5754,60.24499900386277,56.30499992085729,4,Logging,High,,Not applicable,Asia,5,Not applicable,,Russia,built_in_approx_russia_geometry,0,
training_2001_2025_v1_3.csv,csv,5756,53.97499908275059,116.12499981926496,5,Wildfire,High,,Not applicable,Asia,5,Not applicable,,Russia,built_in_approx_russia_geometry,0,
training_2001_2025_v1_3.csv,csv,5768,54.855000449363715,115.5350006243776,5,Wildfire,High,,Not applicable,Asia,5,Not applicable,,Russia,built_in_approx_russia_geometry,0,
training_2001_2025_v1_3.csv,csv,5785,55.93499913937913,53.095000056529024,2,Hard commodities,High,,Not applicable,Asia,5,Energy,Oil drilling,Russia,built_in_approx_russia_geometry,0,
training_2001_2025_v1_3.csv,csv,5789,65.2049997143022,42.84500045063168,4,Logging,High,,Not applicable,Asia,5,Not applicable,,Russia,built_in_approx_russia_geometry,0,
training_2001_2025_v1_3.csv,csv,5791,62.14499963351149,56.544999852816275,7,Other natural disturbances,Medium,,Not applicable,Asia,5,Not applicable,windfall,Russia,built_in_approx_russia_geometry,0,
training_2001_2025_v1_3.csv,csv,5793,60.85499953844309,55.62500036952129,4,Logging,High,,Not applicable,Asia,5,Not applicable,,Russia,built_in_approx_russia_geometry,0,
training_2001_2025_v1_3.csv,csv,5800,51.15500118233909,116.53500087269128,5,Wildfire,High,,Not applicable,Asia,5,Not applicable,,Russia,built_in_approx_russia_geometry,0,
training_2001_2025_v1_3.csv,csv,5801,58.84499956632183,46.86500043865136,4,Logging,High,,Not applicable,Asia,5,Not applicable,,Russia,built_in_approx_russia_geometry,0,
training_2001_2025_v1_3.csv,csv,5811,52.515000241512915,115.48500075330702,5,Wildfire,High,,Not applicable,Asia,5,Not applicable,,Russia,built_in_approx_russia_geometry,0,
training_2001_2025_v1_3.csv,csv,5815,52.25499897201709,114.62500065127104,5,Wildfire,High,,Not applicable,Asia,5,Not applicable,,Russia,built_in_approx_russia_geometry,0,
training_2001_2025_v1_3.csv,csv,5825,52.43499950022178,115.67500080768772,5,Wildfire,High,,Not applicable,Asia,5,Not applicable,,Russia,built_in_approx_russia_geometry,0,
training_2001_2025_v1_3.csv,csv,5836,59.48499874042798,45.73499958688208,4,Logging,High,,Not applicable,Asia,5,Not applicable,,Russia,built_in_approx_russia_geometry,0,
training_2001_2025_v1_3.csv,csv,5857,58.81500094627706,39.78500034211526,4,Logging,High,,Not applicable,Asia,5,Not applicable,,Russia,built_in_approx_russia_geometry,0,
training_2001_2025_v1_3.csv,csv,8526,43.23500010278928,145.01500055106357,1,Permanent agriculture,Medium,,Not applicable,Asia,5,Agriculture,adj to crops and tree crops,Russia,built_in_approx_russia_geometry,0,
training_2001_2025_v1_3.csv,csv,8527,43.244999639070514,145.41499978501278,4,Logging,High,,Not applicable,Asia,5,Not applicable,,Russia,built_in_approx_russia_geometry,0,
training_2001_2025_v1_3.csv,csv,8529,43.294999550783075,145.17499983639598,1,Permanent agriculture,High,Noise/non-forest,High,Asia,5,Agriculture,,Russia,built_in_approx_russia_geometry,0,
training_2001_2025_v1_3.csv,csv,8543,43.655000586212495,145.01500059844312,4,Logging,High,,Not applicable,Asia,5,Not applicable,,Russia,built_in_approx_russia_geometry,0,
training_2001_2025_v1_3.csv,csv,8544,43.66500012438534,40.28499932591097,6,Settlements & infrastructure,High,,Not applicable,Asia,5,Not applicable,,Russia,built_in_approx_russia_geometry,0,
training_2001_2025_v1_3.csv,csv,8563,44.36499874947515,146.23500171665228,7,Other natural disturbances,Low,,Not applicable,Asia,5,Not applicable,,Russia,built_in_approx_russia_geometry,0,
training_2001_2025_v1_3.csv,csv,8564,44.97499929838891,147.80499989062554,5,Wildfire,Medium,,Not applicable,Asia,5,Not applicable,,Russia,built_in_approx_russia_geometry,0,
training_2001_2025_v1_3.csv,csv,8566,45.69499920176851,42.914999426116985,6,Settlements & infrastructure,Medium,,Not applicable,Asia,5,Not applicable,no images of years prior to deforestation,Russia,built_in_approx_russia_geometry,0,
training_2001_2025_v1_3.csv,csv,8567,45.75499862215593,130.89499843661676,4,Logging,Medium,,Not applicable,Asia,5,Not applicable,adj to cropland,Russia,built_in_approx_russia_geometry,0,
training_2001_2025_v1_3.csv,csv,8571,46.874999949629,137.7749990127303,7,Other natural disturbances,High,,Not applicable,Asia,5,Not applicable,insect damage,Russia,built_in_approx_russia_geometry,0,
training_2001_2025_v1_3.csv,csv,8573,47.304999984904875,125.90500130096224,4,Logging,Medium,,Not applicable,Asia,5,Not applicable,,Russia,built_in_approx_russia_geometry,0,
training_2001_2025_v1_3.csv,csv,8575,47.59499983417276,126.11500043026444,6,Settlements & infrastructure,High,,Not applicable,Asia,5,Not applicable,,Russia,built_in_approx_russia_geometry,0,
training_2001_2025_v1_3.csv,csv,8576,47.6949996498963,134.39500038311203,8,Noise/non-forest,High,,Not applicable,Asia,5,Not applicable,,Russia,built_in_approx_russia_geometry,0,
training_2001_2025_v1_3.csv,csv,8577,48.03499941283959,41.175000249499234,4,Logging,Low,,Not applicable,Asia,5,Agriculture,adj to ag,Russia,built_in_approx_russia_geometry,0,
training_2001_2025_v1_3.csv,csv,8580,48.64499997888165,132.4550015749084,5,Wildfire,Low,,Not applicable,Asia,5,Not applicable,,Russia,built_in_approx_russia_geometry,0,
training_2001_2025_v1_3.csv,csv,8581,48.71499894645425,127.60500010830933,7,Other natural disturbances,Low,,Not applicable,Asia,5,Not applicable,,Russia,built_in_approx_russia_geometry,0,
training_2001_2025_v1_3.csv,csv,8582,48.7250006910979,139.51500040320877,4,Logging,Medium,,Not applicable,Asia,5,Not applicable,,Russia,built_in_approx_russia_geometry,0,
training_2001_2025_v1_3.csv,csv,8583,49.19499886033592,138.04499978450298,7,Other natural disturbances,Medium,,Not applicable,Asia,5,Not applicable,insect damage or other natural disturbance,Russia,built_in_approx_russia_geometry,0,
training_2001_2025_v1_3.csv,csv,8590,49.44500063197405,131.01499959225538,7,Other natural disturbances,Medium,,Not applicable,Asia,5,Not applicable,looks like nat dist of some sort,Russia,built_in_approx_russia_geometry,0,
training_2001_2025_v1_3.csv,csv,8593,49.68500056635429,109.64500077248154,5,Wildfire,Medium,,Not applicable,Asia,5,Not applicable,,Russia,built_in_approx_russia_geometry,0,
training_2001_2025_v1_3.csv,csv,8594,50.11500057143831,40.35499830414525,4,Logging,Medium,,Not applicable,Asia,5,Not applicable,,Russia,built_in_approx_russia_geometry,0,
training_2001_2025_v1_3.csv,csv,8595,50.12500011858564,107.66499938980904,5,Wildfire,High,,Not applicable,Asia,5,Not applicable,,Russia,built_in_approx_russia_geometry,0,
training_2001_2025_v1_3.csv,csv,8596,50.175000037719514,43.4449992453599,5,Wildfire,High,,Not applicable,Asia,5,Not applicable,,Russia,built_in_approx_russia_geometry,0,
training_2001_2025_v1_3.csv,csv,8597,50.21500039879356,135.35500022260712,5,Wildfire,High,,Not applicable,Asia,5,Not applicable,,Russia,built_in_approx_russia_geometry,0,
training_2001_2025_v1_3.csv,csv,8598,50.24500121937203,130.7249997284285,5,Wildfire,High,,Not applicable,Asia,5,Not applicable,,Russia,built_in_approx_russia_geometry,0,
training_2001_2025_v1_3.csv,csv,8599,50.374999624117365,98.2049986696094,5,Wildfire,High,,Not applicable,Asia,5,Not applicable,,Russia,built_in_approx_russia_geometry,0,
training_2001_2025_v1_3.csv,csv,8600,50.384999142513216,98.30499846165658,5,Wildfire,Medium,,Not applicable,Asia,5,Not applicable,close to sample 8599,Russia,built_in_approx_russia_geometry,0,
training_2001_2025_v1_3.csv,csv,8601,50.49500073197774,37.0449986957875,4,Logging,High,,Not applicable,Asia,5,Not applicable,,Russia,built_in_approx_russia_geometry,0,
training_2001_2025_v1_3.csv,csv,8602,50.845000020279784,107.95500149817504,5,Wildfire,High,,Not applicable,Asia,5,Not applicable,"large wildfire in region, later imagery looks like post-burn",Russia,built_in_approx_russia_geometry,0,
training_2001_2025_v1_3.csv,csv,8603,50.87500082514016,106.90499908220728,5,Wildfire,High,,Not applicable,Asia,5,Not applicable,large wildfire in region,Russia,built_in_approx_russia_geometry,0,
training_2001_2025_v1_3.csv,csv,8604,50.90499946795662,88.99499969708107,5,Wildfire,High,,Not applicable,Asia,5,Not applicable,"large wildfire in area, imagery looks post-burn",Russia,built_in_approx_russia_geometry,0,
training_2001_2025_v1_3.csv,csv,8606,51.02500056901935,87.81499892098152,5,Wildfire,Medium,,Not applicable,Asia,5,Not applicable,,Russia,built_in_approx_russia_geometry,0,
training_2001_2025_v1_3.csv,csv,8607,51.025000557253584,94.54499975653104,5,Wildfire,High,Logging,Medium,Asia,5,Not applicable,,Russia,built_in_approx_russia_geometry,0,
training_2001_2025_v1_3.csv,csv,8608,51.094999531710414,133.53500036642458,7,Other natural disturbances,Medium,Wildfire,Low,Asia,5,Not applicable,insect damage?,Russia,built_in_approx_russia_geometry,0,
training_2001_2025_v1_3.csv,csv,8610,51.175000260155294,113.52499843923025,5,Wildfire,Medium,,Not applicable,Asia,5,Not applicable,,Russia,built_in_approx_russia_geometry,0,
training_2001_2025_v1_3.csv,csv,8611,51.20500109532771,88.50500022238698,5,Wildfire,High,,Not applicable,Asia,5,Not applicable,"remote area, part of larger wildfire",Russia,built_in_approx_russia_geometry,0,
training_2001_2025_v1_3.csv,csv,8612,51.20500107465327,97.00500107624264,7,Other natural disturbances,High,,Not applicable,Asia,5,Not applicable,probable insect damage,Russia,built_in_approx_russia_geometry,0,
training_2001_2025_v1_3.csv,csv,8613,51.215000625447495,88.50500019956539,5,Wildfire,High,,Not applicable,Asia,5,Not applicable,,Russia,built_in_approx_russia_geometry,0,
training_2001_2025_v1_3.csv,csv,8614,51.22500016750779,37.7349999892874,2,Hard commodities,High,,Not applicable,Asia,5,Mining,,Russia,built_in_approx_russia_geometry,0,
training_2001_2025_v1_3.csv,csv,8616,51.26500049773999,116.78500035832734,5,Wildfire,High,,Not applicable,Asia,5,Not applicable,,Russia,built_in_approx_russia_geometry,0,
training_2001_2025_v1_3.csv,csv,8617,51.38499936910781,44.86500003551566,5,Wildfire,High,,Not applicable,Asia,5,Not applicable,,Russia,built_in_approx_russia_geometry,0,
training_2001_2025_v1_3.csv,csv,8618,51.40500069621424,95.35499989589074,5,Wildfire,Medium,,Not applicable,Asia,5,Not applicable,,Russia,built_in_approx_russia_geometry,0,
training_2001_2025_v1_3.csv,csv,8619,51.46500010283376,107.2349993804102,5,Wildfire,Medium,,Not applicable,Asia,5,Not applicable,adj to forestry or cropland,Russia,built_in_approx_russia_geometry,0,
training_2001_2025_v1_3.csv,csv,8620,51.47499962929773,113.5749982817018,5,Wildfire,High,,Not applicable,Asia,5,Not applicable,,Russia,built_in_approx_russia_geometry,0,
training_2001_2025_v1_3.csv,csv,8621,51.484999212632665,49.03499970023895,7,Other natural disturbances,Medium,Commodity-driven deforestation,High,Asia,5,Agriculture,,Russia,built_in_approx_russia_geometry,0,
training_2001_2025_v1_3.csv,csv,8622,51.48499916951865,133.69499958375985,5,Wildfire,High,,Not applicable,Asia,5,Not applicable,"remote area, looks burned",Russia,built_in_approx_russia_geometry,0,
training_2001_2025_v1_3.csv,csv,8623,51.49499870354631,127.37499969319298,5,Wildfire,High,,Not applicable,Asia,5,Not applicable,both overlap w TCL due to fire. 2017 img has burned trees. No good imagery from early 00s,Russia,built_in_approx_russia_geometry,0,
training_2001_2025_v1_3.csv,csv,8624,51.50500050660479,118.1250003353101,1,Permanent agriculture,Low,,Not applicable,Asia,5,Agriculture,no imagery in 2000 and hard to tell from Landsat,Russia,built_in_approx_russia_geometry,0,
training_2001_2025_v1_3.csv,csv,8625,51.53499909536979,65.10500013385746,8,Noise/non-forest,Medium,,Not applicable,Asia,5,Not applicable,,Russia,built_in_approx_russia_geometry,0,
training_2001_2025_v1_3.csv,csv,8626,51.555000387654715,84.9950009757274,1,Permanent agriculture,Medium,,Not applicable,Asia,5,Agriculture,,Russia,built_in_approx_russia_geometry,0,
training_2001_2025_v1_3.csv,csv,8627,51.59500075447207,113.03500114048325,5,Wildfire,High,Commodity-driven deforestation,High,Asia,5,Mining,,Russia,built_in_approx_russia_geometry,0,
training_2001_2025_v1_3.csv,csv,8629,51.72499914924831,36.2649993555437,6,Settlements & infrastructure,High,Logging,High,Asia,5,Not applicable,,Russia,built_in_approx_russia_geometry,0,
training_2001_2025_v1_3.csv,csv,8631,51.774999038895615,122.76500044616526,5,Wildfire,High,,Not applicable,Asia,5,Not applicable,,Russia,built_in_approx_russia_geometry,0,
training_2001_2025_v1_3.csv,csv,8632,51.824998948482715,80.12499822616616,4,Logging,High,,Not applicable,Asia,5,Not applicable,,Russia,built_in_approx_russia_geometry,0,
training_2001_2025_v1_3.csv,csv,8634,51.88500061907967,107.54500048674342,6,Settlements & infrastructure,High,,Not applicable,Asia,5,Not applicable,cemetery according to Google,Russia,built_in_approx_russia_geometry,0,
training_2001_2025_v1_3.csv,csv,8635,51.924998747979586,119.0649989157627,5,Wildfire,Medium,,Not applicable,Asia,5,Not applicable,no prev year imagery,Russia,built_in_approx_russia_geometry,0,
training_2001_2025_v1_3.csv,csv,8636,51.94500003384681,85.94499907741077,4,Logging,Medium,,Not applicable,Asia,5,Not applicable,,Russia,built_in_approx_russia_geometry,0,
training_2001_2025_v1_3.csv,csv,8637,51.97499863261743,70.45500058171953,5,Wildfire,Medium,,Not applicable,Asia,5,Not applicable,wildfire in a forestry system ,Russia,built_in_approx_russia_geometry,0,
training_2001_2025_v1_3.csv,csv,8638,51.98500040463063,111.19499994858732,5,Wildfire,High,,Not applicable,Asia,5,Not applicable,,Russia,built_in_approx_russia_geometry,0,
training_2001_2025_v1_3.csv,csv,8639,52.05499937949205,71.19499957851937,4,Logging,Medium,,Not applicable,Asia,5,Not applicable,no prev imgs,Russia,built_in_approx_russia_geometry,0,
training_2001_2025_v1_3.csv,csv,8640,52.065001141608576,96.0249999253213,2,Hard commodities,High,,Not applicable,Asia,5,Mining,,Russia,built_in_approx_russia_geometry,0,
training_2001_2025_v1_3.csv,csv,8641,52.07500066123362,92.62499999274269,5,Wildfire,Low,,Not applicable,Asia,5,Not applicable,"This one is confusing me, I would expect to see more evidence of burning at this large of scale if it were a fire (but maybe there's just not good imagery or it was low intensity fire?) But the imagery is not great so also hard to confirm a different nat disturbance. I feel unsure about this one.",Russia,built_in_approx_russia_geometry,0,
training_2001_2025_v1_3.csv,csv,8643,52.11500103740232,131.8849991785262,5,Wildfire,High,,Not applicable,Asia,5,Not applicable,"remote area, part of broader wildfire",Russia,built_in_approx_russia_geometry,0,
training_2001_2025_v1_3.csv,csv,8644,52.12500057663863,40.09500150146675,8,Noise/non-forest,High,,Not applicable,Asia,5,Not applicable,flooding,Russia,built_in_approx_russia_geometry,0,
training_2001_2025_v1_3.csv,csv,8645,52.12500056016986,108.75499990700256,1,Permanent agriculture,Low,,Not applicable,Asia,5,Agriculture,,Russia,built_in_approx_russia_geometry,0,
training_2001_2025_v1_3.csv,csv,8646,52.1650009510948,104.10500027902503,1,Permanent agriculture,Medium,Settlements & infrastructure,Medium,Asia,5,Agriculture,,Russia,built_in_approx_russia_geometry,0,
training_2001_2025_v1_3.csv,csv,8647,52.18499999838183,64.24500011101891,1,Permanent agriculture,Medium,,Not applicable,Asia,5,Agriculture,,Russia,built_in_approx_russia_geometry,0,
training_2001_2025_v1_3.csv,csv,8648,52.194999559496985,41.27500005686101,8,Noise/non-forest,High,,Not applicable,Asia,5,Not applicable,water - not trees ,Russia,built_in_approx_russia_geometry,0,
training_2001_2025_v1_3.csv,csv,8649,52.21500081974317,88.11499833347867,2,Hard commodities,High,,Not applicable,Asia,5,Mining,,Russia,built_in_approx_russia_geometry,0,
training_2001_2025_v1_3.csv,csv,8650,52.27500027182775,157.98500051060734,2,Hard commodities,High,,Not applicable,Asia,5,Mining,,Russia,built_in_approx_russia_geometry,0,
training_2001_2025_v1_3.csv,csv,8651,52.284999795467186,56.725000393975634,4,Logging,Medium,,Not applicable,Asia,5,Not applicable,"no prev years of imagery, but looks regrown. adj to ag",Russia,built_in_approx_russia_geometry,0,
training_2001_2025_v1_3.csv,csv,8652,52.294999340774794,156.5750015361325,8,Noise/non-forest,Medium,,Not applicable,Asia,5,Not applicable,,Russia,built_in_approx_russia_geometry,0,
training_2001_2025_v1_3.csv,csv,8653,52.294999338605734,158.00499961329908,2,Hard commodities,High,,Not applicable,Asia,5,Mining,,Russia,built_in_approx_russia_geometry,0,
training_2001_2025_v1_3.csv,csv,8654,52.29499934506918,158.0150013564628,2,Hard commodities,High,,Not applicable,Asia,5,Mining,8653 is right next to it!,Russia,built_in_approx_russia_geometry,0,
training_2001_2025_v1_3.csv,csv,8655,52.344999230587035,113.72500018131528,5,Wildfire,High,,Not applicable,Asia,5,Not applicable,wildfire in forestry,Russia,built_in_approx_russia_geometry,0,
training_2001_2025_v1_3.csv,csv,8656,52.354998763210986,63.56499834991141,7,Other natural disturbances,High,Logging,High,Asia,5,Not applicable,"insect damage corresponds to loss year, logged later in time series to remove dead trees and later a healthy patch upper left",Russia,built_in_approx_russia_geometry,0,
training_2001_2025_v1_3.csv,csv,8657,52.354998758549215,137.22500007609258,4,Logging,High,Wildfire,Low,Asia,5,Not applicable,"large swaths of forestry in region, roads w tree cutting alongside through mtns. big wildfire nearby.",Russia,built_in_approx_russia_geometry,0,
training_2001_2025_v1_3.csv,csv,8658,52.384997385841714,84.23500072340293,4,Logging,Medium,,Not applicable,Asia,5,Not applicable,,Russia,built_in_approx_russia_geometry,0,
training_2001_2025_v1_3.csv,csv,8659,52.39499914885118,108.58500111834825,5,Wildfire,High,Logging,Medium,Asia,5,Not applicable,"remote area, part of large wildfire. some inroads with logging nearby pre-fire",Russia,built_in_approx_russia_geometry,0,
training_2001_2025_v1_3.csv,csv,8660,52.404998680453694,70.34499907128203,5,Wildfire,Low,,Not applicable,Asia,5,Not applicable,no early imagery to confirm if fire or harvest,Russia,built_in_approx_russia_geometry,0,
training_2001_2025_v1_3.csv,csv,8661,52.44499904530082,84.84500125829031,4,Logging,Low,,Not applicable,Asia,5,Not applicable,,Russia,built_in_approx_russia_geometry,0,
training_2001_2025_v1_3.csv,csv,8662,52.454998567717055,104.3350007010034,2,Hard commodities,Medium,,Not applicable,Asia,5,Mining,,Russia,built_in_approx_russia_geometry,0,
training_2001_2025_v1_3.csv,csv,8663,52.48499939864404,85.13499892735514,6,Settlements & infrastructure,High,,Not applicable,Asia,5,Not applicable,,Russia,built_in_approx_russia_geometry,0,
training_2001_2025_v1_3.csv,csv,8665,52.50500070678478,70.58500122488485,4,Logging,Medium,,Not applicable,Asia,5,Not applicable,,Russia,built_in_approx_russia_geometry,0,
training_2001_2025_v1_3.csv,csv,8666,52.51500024545571,64.13500076789049,5,Wildfire,High,,Not applicable,Asia,5,Not applicable,,Russia,built_in_approx_russia_geometry,0,
training_2001_2025_v1_3.csv,csv,8667,52.524999779198886,119.84499823848384,2,Hard commodities,High,Wildfire,High,Asia,5,Mining,,Russia,built_in_approx_russia_geometry,0,
training_2001_2025_v1_3.csv,csv,8668,52.565000137479664,120.34500168255995,5,Wildfire,High,,Not applicable,Asia,5,Not applicable,,Russia,built_in_approx_russia_geometry,0,
training_2001_2025_v1_3.csv,csv,8669,52.56500015239288,133.57499846365525,5,Wildfire,High,,Not applicable,Asia,5,Not applicable,,Russia,built_in_approx_russia_geometry,0,
training_2001_2025_v1_3.csv,csv,8670,52.57499964464256,68.82499848995691,4,Logging,High,,Not applicable,Asia,5,Not applicable,,Russia,built_in_approx_russia_geometry,0,
training_2001_2025_v1_3.csv,csv,8671,52.60500051079646,56.75500121646704,4,Logging,High,,Not applicable,Asia,5,Not applicable,,Russia,built_in_approx_russia_geometry,0,
training_2001_2025_v1_3.csv,csv,8672,52.60500050428588,127.4450008936198,5,Wildfire,High,,Not applicable,Asia,5,Not applicable,,Russia,built_in_approx_russia_geometry,0,
training_2001_2025_v1_3.csv,csv,8673,52.61500006443592,57.435000736339006,4,Logging,High,,Not applicable,Asia,5,Not applicable,,Russia,built_in_approx_russia_geometry,0,
training_2001_2025_v1_3.csv,csv,8674,52.64500089153489,68.71500141039989,4,Logging,Medium,,Not applicable,Asia,5,Not applicable,,Russia,built_in_approx_russia_geometry,0,
training_2001_2025_v1_3.csv,csv,8675,52.64500086287352,125.79499976810996,5,Wildfire,High,,Not applicable,Asia,5,Not applicable,,Russia,built_in_approx_russia_geometry,0,
training_2001_2025_v1_3.csv,csv,8676,52.67499947041079,58.6049997370523,2,Hard commodities,High,,Not applicable,Asia,5,Mining,,Russia,built_in_approx_russia_geometry,0,
training_2001_2025_v1_3.csv,csv,8677,52.70500031407001,58.625001025304336,2,Hard commodities,High,,Not applicable,Asia,5,Mining,,Russia,built_in_approx_russia_geometry,0,
training_2001_2025_v1_3.csv,csv,8678,52.734998912762435,57.454999841378985,4,Logging,High,,Not applicable,Asia,5,Not applicable,,Russia,built_in_approx_russia_geometry,0,
training_2001_2025_v1_3.csv,csv,8679,52.75500020805216,157.99500008691646,7,Other natural disturbances,High,,Not applicable,Asia,5,Not applicable,remote region ,Russia,built_in_approx_russia_geometry,0,
training_2001_2025_v1_3.csv,csv,8680,52.77499926992677,96.99499930487896,5,Wildfire,High,,Not applicable,Asia,5,Not applicable,,Russia,built_in_approx_russia_geometry,0,
training_2001_2025_v1_3.csv,csv,8681,52.784998817643775,131.3150011630546,5,Wildfire,High,,Not applicable,Asia,5,Not applicable,,Russia,built_in_approx_russia_geometry,0,
training_2001_2025_v1_3.csv,csv,8682,52.79500057086854,90.30500106454556,5,Wildfire,High,,Not applicable,Asia,5,Not applicable,,Russia,built_in_approx_russia_geometry,0,
training_2001_2025_v1_3.csv,csv,8683,52.805000092036,45.5449995179949,2,Hard commodities,High,Logging,High,Asia,5,Energy,,Russia,built_in_approx_russia_geometry,0,
training_2001_2025_v1_3.csv,csv,8684,52.80500008471674,67.5250010855676,1,Permanent agriculture,Medium,,Not applicable,Asia,5,Agriculture,cleared early in the time series and never grew back so I assume it's maintained as pasture,Russia,built_in_approx_russia_geometry,0,
training_2001_2025_v1_3.csv,csv,8685,52.834996492448504,57.81500085684533,4,Logging,High,,Not applicable,Asia,5,Not applicable,,Russia,built_in_approx_russia_geometry,0,
training_2001_2025_v1_3.csv,csv,8686,52.85500001004768,104.08500116998556,5,Wildfire,High,,Not applicable,Asia,5,Not applicable,,Russia,built_in_approx_russia_geometry,0,
training_2001_2025_v1_3.csv,csv,8687,52.874999060321414,101.7749996022471,4,Logging,Medium,,Not applicable,Asia,5,Not applicable,,Russia,built_in_approx_russia_geometry,0,
training_2001_2025_v1_3.csv,csv,8688,52.89500037503954,104.5350002965718,5,Wildfire,High,Other natural disturbances,Low,Asia,5,Not applicable,maybe some logging in other years or dead standing trees,Russia,built_in_approx_russia_geometry,0,
training_2001_2025_v1_3.csv,csv,8689,52.91499942217803,114.06499996491569,5,Wildfire,High,,Not applicable,Asia,5,Not applicable,,Russia,built_in_approx_russia_geometry,0,
training_2001_2025_v1_3.csv,csv,8690,52.93500074095404,101.71500014960252,5,Wildfire,Medium,,Not applicable,Asia,5,Not applicable,,Russia,built_in_approx_russia_geometry,0,
training_2001_2025_v1_3.csv,csv,8691,53.014999243550555,52.205001363899314,2,Hard commodities,Medium,,Not applicable,Asia,5,Energy,early oil exploration it seems - energy infrastructure present,Russia,built_in_approx_russia_geometry,0,
training_2001_2025_v1_3.csv,csv,8692,53.01499922634645,91.75500039622044,7,Other natural disturbances,Medium,,Not applicable,Asia,5,Not applicable,,Russia,built_in_approx_russia_geometry,0,
training_2001_2025_v1_3.csv,csv,8693,53.02500099299999,105.53499828733744,8,Noise/non-forest,Medium,,Not applicable,Asia,5,Not applicable,,Russia,built_in_approx_russia_geometry,0,
training_2001_2025_v1_3.csv,csv,8694,53.03500054674082,132.2549997642147,2,Hard commodities,High,,Not applicable,Asia,5,Mining,,Russia,built_in_approx_russia_geometry,0,
training_2001_2025_v1_3.csv,csv,8695,53.04500006313954,41.10500126561139,4,Logging,High,,Not applicable,Asia,5,Not applicable,,Russia,built_in_approx_russia_geometry,0,
training_2001_2025_v1_3.csv,csv,8696,53.04500005199292,158.68499916722857,6,Settlements & infrastructure,High,,Not applicable,Asia,5,Not applicable,,Russia,built_in_approx_russia_geometry,0,
training_2001_2025_v1_3.csv,csv,8697,53.05499960519504,104.02499953616046,5,Wildfire,Medium,Logging,Low,Asia,5,Not applicable,,Russia,built_in_approx_russia_geometry,0,
training_2001_2025_v1_3.csv,csv,8698,53.06499912798608,58.015000459639325,4,Logging,Medium,,Not applicable,Asia,5,Not applicable,looks like there might've been a fire or natural disaster around 2020,Russia,built_in_approx_russia_geometry,0,
training_2001_2025_v1_3.csv,csv,8699,53.07500091165228,63.14500002481561,2,Hard commodities,High,,Not applicable,Asia,5,Mining,,Russia,built_in_approx_russia_geometry,0,
training_2001_2025_v1_3.csv,csv,8700,53.08500041941225,103.13499862571696,2,Hard commodities,High,,Not applicable,Asia,5,Mining,coal mining,Russia,built_in_approx_russia_geometry,0,
training_2001_2025_v1_3.csv,csv,8701,53.08500042978962,132.91500022431143,5,Wildfire,High,Commodity-driven deforestation,Medium,Asia,5,Mining,mining after wildfire,Russia,built_in_approx_russia_geometry,0,
training_2001_2025_v1_3.csv,csv,8702,53.09499997297401,92.23500034502462,4,Logging,Medium,Other natural disturbances,Medium,Asia,5,Not applicable,seems like insect damage and salvage logging?,Russia,built_in_approx_russia_geometry,0,
training_2001_2025_v1_3.csv,csv,8703,53.09499995344752,103.12500132051574,2,Hard commodities,Medium,Noise/non-forest,Low,Asia,5,Mining,coal mining,Russia,built_in_approx_russia_geometry,0,
training_2001_2025_v1_3.csv,csv,8704,53.0949999738061,124.26499968557202,4,Logging,Medium,,Not applicable,Asia,5,Not applicable,clearcut,Russia,built_in_approx_russia_geometry,0,
training_2001_2025_v1_3.csv,csv,8705,53.09499997994506,137.70500000886753,5,Wildfire,High,,Not applicable,Asia,5,Not applicable,,Russia,built_in_approx_russia_geometry,0,
training_2001_2025_v1_3.csv,csv,8706,53.125000807197615,103.01499979700051,5,Wildfire,Low,,Not applicable,Asia,5,Not applicable,,Russia,built_in_approx_russia_geometry,0,
training_2001_2025_v1_3.csv,csv,8707,53.13500031334237,103.03499881838428,7,Other natural disturbances,Medium,,Not applicable,Asia,5,Not applicable,insect damage,Russia,built_in_approx_russia_geometry,0,
training_2001_2025_v1_3.csv,csv,8708,53.15499941537601,60.04499954066681,5,Wildfire,High,,Not applicable,Asia,5,Not applicable,,Russia,built_in_approx_russia_geometry,0,
training_2001_2025_v1_3.csv,csv,8709,53.16499893747,45.325000807112346,4,Logging,High,,Not applicable,Asia,5,Not applicable,clearcut,Russia,built_in_approx_russia_geometry,0,
training_2001_2025_v1_3.csv,csv,8710,53.16499892693439,63.655000773028,6,Settlements & infrastructure,High,,Not applicable,Asia,5,Not applicable,conversion of pine plantation to road infrastructure,Russia,built_in_approx_russia_geometry,0,
training_2001_2025_v1_3.csv,csv,8711,53.175000688985634,86.84500174285665,7,Other natural disturbances,Low,,Not applicable,Asia,5,Not applicable,windthrow,Russia,built_in_approx_russia_geometry,0,
training_2001_2025_v1_3.csv,csv,8712,53.21499883377469,87.27499954544545,6,Settlements & infrastructure,High,Noise/non-forest,High,Asia,5,Not applicable,construction,Russia,built_in_approx_russia_geometry,0,
training_2001_2025_v1_3.csv,csv,8713,53.21499885730184,158.50499862888316,5,Wildfire,Low,,Not applicable,Asia,5,Not applicable,,Russia,built_in_approx_russia_geometry,0,
training_2001_2025_v1_3.csv,csv,8714,53.22500057742506,47.585000361209666,5,Wildfire,High,Logging,High,Asia,5,Not applicable,fire following clearcut,Russia,built_in_approx_russia_geometry,0,
training_2001_2025_v1_3.csv,csv,8715,53.22500058909557,106.16500014137718,5,Wildfire,High,,Not applicable,Asia,5,Not applicable,,Russia,built_in_approx_russia_geometry,0,
training_2001_2025_v1_3.csv,csv,8716,53.22500060889802,124.79500172705936,5,Wildfire,High,,Not applicable,Asia,5,Not applicable,,Russia,built_in_approx_russia_geometry,0,
training_2001_2025_v1_3.csv,csv,8717,53.244999655172,55.19500034710087,4,Logging,High,,Not applicable,Asia,5,Not applicable,clearcut,Russia,built_in_approx_russia_geometry,0,
training_2001_2025_v1_3.csv,csv,8718,53.254999193813106,102.99500070365312,8,Noise/non-forest,High,,Not applicable,Asia,5,Not applicable,stable agriculture,Russia,built_in_approx_russia_geometry,0,
training_2001_2025_v1_3.csv,csv,8719,53.26499871607793,83.5250003706335,6,Settlements & infrastructure,High,,Not applicable,Asia,5,Not applicable,road expansion,Russia,built_in_approx_russia_geometry,0,
training_2001_2025_v1_3.csv,csv,8720,53.28500002427841,46.70499902221967,4,Logging,High,Other natural disturbances,Low,Asia,5,Not applicable,clearcut,Russia,built_in_approx_russia_geometry,0,
training_2001_2025_v1_3.csv,csv,8721,53.294999548559495,64.31500127131487,5,Wildfire,Medium,,Not applicable,Asia,5,Not applicable,evidence of fire in plantation,Russia,built_in_approx_russia_geometry,0,
training_2001_2025_v1_3.csv,csv,8722,53.31499860787417,64.30499951696797,5,Wildfire,Medium,Logging,Medium,Asia,5,Not applicable,evidence of fire in plantation,Russia,built_in_approx_russia_geometry,0,
training_2001_2025_v1_3.csv,csv,8723,53.31499860337297,78.10499871101047,8,Noise/non-forest,High,,Not applicable,Asia,5,Not applicable,wetland,Russia,built_in_approx_russia_geometry,0,
training_2001_2025_v1_3.csv,csv,8724,53.31499862274523,158.47499997512026,5,Wildfire,High,,Not applicable,Asia,5,Not applicable,,Russia,built_in_approx_russia_geometry,0,
training_2001_2025_v1_3.csv,csv,8725,53.34499947077878,57.66500117689808,7,Other natural disturbances,Medium,,Not applicable,Asia,5,Not applicable,insect damage,Russia,built_in_approx_russia_geometry,0,
training_2001_2025_v1_3.csv,csv,8726,53.35500122210066,83.92499953904091,7,Other natural disturbances,Medium,,Not applicable,Asia,5,Not applicable,flooded trees,Russia,built_in_approx_russia_geometry,0,
training_2001_2025_v1_3.csv,csv,8727,53.36500075456559,158.4450013999104,5,Wildfire,High,,Not applicable,Asia,5,Not applicable,most of the fire is outside the forest,Russia,built_in_approx_russia_geometry,0,
training_2001_2025_v1_3.csv,csv,8728,53.37499804779089,58.95500126189041,6,Settlements & infrastructure,High,,Not applicable,Asia,5,Not applicable,,Russia,built_in_approx_russia_geometry,0,
training_2001_2025_v1_3.csv,csv,8729,53.39499937094129,84.48500023478256,4,Logging,Medium,,Not applicable,Asia,5,Not applicable,,Russia,built_in_approx_russia_geometry,0,
training_2001_2025_v1_3.csv,csv,8730,53.40500112283856,47.805001264185705,4,Logging,Low,,Not applicable,Asia,5,Not applicable,"selective logging but no early imagery to confirm, could be insect damage",Russia,built_in_approx_russia_geometry,0,
training_2001_2025_v1_3.csv,csv,8731,53.415000672749535,47.45499974174612,5,Wildfire,High,Logging,Medium,Asia,5,Not applicable,,Russia,built_in_approx_russia_geometry,0,
training_2001_2025_v1_3.csv,csv,8732,53.434999731969214,87.41499972142424,2,Hard commodities,High,Wildfire,Low,Asia,5,Mining,coal mining,Russia,built_in_approx_russia_geometry,0,
training_2001_2025_v1_3.csv,csv,8733,53.44499924365583,57.55499964324649,4,Logging,Medium,,Not applicable,Asia,5,Not applicable,selective logging in the region,Russia,built_in_approx_russia_geometry,0,
training_2001_2025_v1_3.csv,csv,8734,53.45500104875867,87.30500036194564,2,Hard commodities,High,Settlements & infrastructure,Medium,Asia,5,Mining,coal mining,Russia,built_in_approx_russia_geometry,0,
training_2001_2025_v1_3.csv,csv,8735,53.49499919432933,45.77499998964413,4,Logging,High,,Not applicable,Asia,5,Not applicable,,Russia,built_in_approx_russia_geometry,0,
training_2001_2025_v1_3.csv,csv,8736,53.49499919233148,87.74499994417364,4,Logging,Medium,Other natural disturbances,Low,Asia,5,Not applicable,,Russia,built_in_approx_russia_geometry,0,
training_2001_2025_v1_3.csv,csv,8737,53.50500093739807,119.74499842559868,5,Wildfire,Medium,,Not applicable,Asia,5,Not applicable,,Russia,built_in_approx_russia_geometry,0,
training_2001_2025_v1_3.csv,csv,8738,53.53499955323496,58.944999513169705,7,Other natural disturbances,Medium,Commodity-driven deforestation,Medium,Asia,5,Agriculture,,Russia,built_in_approx_russia_geometry,0,
training_2001_2025_v1_3.csv,csv,8739,53.544999062084834,54.97499940260636,4,Logging,Medium,,Not applicable,Asia,5,Not applicable,not clear if expansion of crop or trees replanted ,Russia,built_in_approx_russia_geometry,0,
training_2001_2025_v1_3.csv,csv,8740,53.54499906785822,119.62499962105366,5,Wildfire,High,,Not applicable,Asia,5,Not applicable,,Russia,built_in_approx_russia_geometry,0,
training_2001_2025_v1_3.csv,csv,8741,53.57499991463537,90.10500150367676,4,Logging,Medium,,Not applicable,Asia,5,Not applicable,,Russia,built_in_approx_russia_geometry,0,
training_2001_2025_v1_3.csv,csv,8742,53.57499991152715,102.4049991932911,7,Other natural disturbances,High,,Not applicable,Asia,5,Not applicable,some kind of disease,Russia,built_in_approx_russia_geometry,0,
training_2001_2025_v1_3.csv,csv,8743,53.584999448260874,83.21499917184546,4,Logging,High,,Not applicable,Asia,5,Not applicable,,Russia,built_in_approx_russia_geometry,0,
training_2001_2025_v1_3.csv,csv,8744,53.5949989896057,87.925000474599,2,Hard commodities,High,,Not applicable,Asia,5,Mining,coal mining,Russia,built_in_approx_russia_geometry,0,
training_2001_2025_v1_3.csv,csv,8745,53.62499758558913,87.80500161752657,2,Hard commodities,High,,Not applicable,Asia,5,Mining,coal,Russia,built_in_approx_russia_geometry,0,
training_2001_2025_v1_3.csv,csv,8746,53.634999324441594,49.68499840916917,4,Logging,Medium,,Not applicable,Asia,5,Not applicable,could be logging,Russia,built_in_approx_russia_geometry,0,
training_2001_2025_v1_3.csv,csv,8747,53.63499932818034,159.0750010144078,7,Other natural disturbances,Medium,,Not applicable,Asia,5,Not applicable,very remote area,Russia,built_in_approx_russia_geometry,0,
training_2001_2025_v1_3.csv,csv,8748,53.64499887004425,86.93499980115733,2,Hard commodities,High,,Not applicable,Asia,5,Mining,coal mining,Russia,built_in_approx_russia_geometry,0,
training_2001_2025_v1_3.csv,csv,8749,53.65500064731105,156.84500012938688,7,Other natural disturbances,Medium,,Not applicable,Asia,5,Not applicable,landslide,Russia,built_in_approx_russia_geometry,0,
training_2001_2025_v1_3.csv,csv,8750,53.68499923851357,82.74500100710607,4,Logging,High,Wildfire,High,Asia,5,Not applicable,,Russia,built_in_approx_russia_geometry,0,
training_2001_2025_v1_3.csv,csv,8751,53.6949987913517,47.26499964879094,4,Logging,High,,Not applicable,Asia,5,Not applicable,,Russia,built_in_approx_russia_geometry,0,
training_2001_2025_v1_3.csv,csv,8752,53.69499875647801,91.63499929090356,4,Logging,Medium,,Not applicable,Asia,5,Not applicable,selective logging,Russia,built_in_approx_russia_geometry,0,
training_2001_2025_v1_3.csv,csv,8753,53.69499877424485,91.95499999522268,4,Logging,High,Settlements & infrastructure,Medium,Asia,5,Not applicable,,Russia,built_in_approx_russia_geometry,0,
training_2001_2025_v1_3.csv,csv,8754,53.69499877450661,125.7649989100561,5,Wildfire,High,,Not applicable,Asia,5,Not applicable,,Russia,built_in_approx_russia_geometry,0,
training_2001_2025_v1_3.csv,csv,8755,53.71500003871399,42.484999379852376,4,Logging,Low,,Not applicable,Asia,5,Not applicable,no way to tell because loss was really early,Russia,built_in_approx_russia_geometry,0,
training_2001_2025_v1_3.csv,csv,8756,53.71500005155599,87.81499893821989,6,Settlements & infrastructure,High,,Not applicable,Asia,5,Not applicable,industrial infrastructure,Russia,built_in_approx_russia_geometry,0,
training_2001_2025_v1_3.csv,csv,8757,53.72499960390513,104.5749984704475,5,Wildfire,High,,Not applicable,Asia,5,Not applicable,,Russia,built_in_approx_russia_geometry,0,
training_2001_2025_v1_3.csv,csv,8758,53.75500042346308,81.38499969965977,7,Other natural disturbances,Low,,Not applicable,Asia,5,Not applicable,flooded wetland,Russia,built_in_approx_russia_geometry,0,
training_2001_2025_v1_3.csv,csv,8759,53.75500042316488,126.49499832451716,5,Wildfire,High,,Not applicable,Asia,5,Not applicable,,Russia,built_in_approx_russia_geometry,0,
training_2001_2025_v1_3.csv,csv,8760,53.76499997817386,35.195000111638585,4,Logging,High,,Not applicable,Asia,5,Not applicable,,Russia,built_in_approx_russia_geometry,0,
training_2001_2025_v1_3.csv,csv,8761,53.794998557974296,82.72499973901975,5,Wildfire,High,,Not applicable,Asia,5,Not applicable,,Russia,built_in_approx_russia_geometry,0,
training_2001_2025_v1_3.csv,csv,8762,53.81499988489629,57.23500112471003,4,Logging,High,,Not applicable,Asia,5,Not applicable,,Russia,built_in_approx_russia_geometry,0,
training_2001_2025_v1_3.csv,csv,8763,53.81499984297619,133.58500023992218,5,Wildfire,High,,Not applicable,Asia,5,Not applicable,,Russia,built_in_approx_russia_geometry,0,
training_2001_2025_v1_3.csv,csv,8764,53.82499938433365,64.25499963648471,4,Logging,High,,Not applicable,Asia,5,Not applicable,,Russia,built_in_approx_russia_geometry,0,
training_2001_2025_v1_3.csv,csv,8765,53.82499939571935,89.03500003528454,8,Noise/non-forest,Medium,,Not applicable,Asia,5,Not applicable,noise,Russia,built_in_approx_russia_geometry,0,
training_2001_2025_v1_3.csv,csv,8766,53.835001168097655,86.74499969356103,2,Hard commodities,High,,Not applicable,Asia,5,Mining,coal mining,Russia,built_in_approx_russia_geometry,0,
training_2001_2025_v1_3.csv,csv,8767,53.8850010744063,42.05499935976712,4,Logging,Medium,,Not applicable,Asia,5,Not applicable,,Russia,built_in_approx_russia_geometry,0,
training_2001_2025_v1_3.csv,csv,8768,53.88500103681119,58.32500167875707,4,Logging,High,,Not applicable,Asia,5,Not applicable,,Russia,built_in_approx_russia_geometry,0,
training_2001_2025_v1_3.csv,csv,8769,53.885001072136504,86.70499936469352,2,Hard commodities,High,,Not applicable,Asia,5,Mining,coal mining,Russia,built_in_approx_russia_geometry,0,
training_2001_2025_v1_3.csv,csv,8770,53.88500105957499,99.45500061380972,5,Wildfire,Low,,Not applicable,Asia,5,Not applicable,,Russia,built_in_approx_russia_geometry,0,
training_2001_2025_v1_3.csv,csv,8771,53.89500060852682,103.66499845537024,4,Logging,High,,Not applicable,Asia,5,Not applicable,,Russia,built_in_approx_russia_geometry,0,
training_2001_2025_v1_3.csv,csv,8772,53.895000573507424,111.98499880288333,5,Wildfire,High,,Not applicable,Asia,5,Not applicable,,Russia,built_in_approx_russia_geometry,0,
training_2001_2025_v1_3.csv,csv,8773,53.90500014926582,48.39499832290767,2,Hard commodities,High,Settlements & infrastructure,Medium,Asia,5,Mining,quartz sand mining,Russia,built_in_approx_russia_geometry,0,
training_2001_2025_v1_3.csv,csv,8774,53.905000135391525,48.75499938440637,4,Logging,Low,,Not applicable,Asia,5,Not applicable,loss too early to confirm,Russia,built_in_approx_russia_geometry,0,
training_2001_2025_v1_3.csv,csv,8775,53.90500011595981,100.00499953555492,4,Logging,Medium,,Not applicable,Asia,5,Not applicable,,Russia,built_in_approx_russia_geometry,0,
training_2001_2025_v1_3.csv,csv,8776,53.90500014039152,126.19499893822945,1,Permanent agriculture,Low,,Not applicable,Asia,5,Agriculture,looks like maybe a pasture but unclear,Russia,built_in_approx_russia_geometry,0,
training_2001_2025_v1_3.csv,csv,8777,53.90500012916961,157.70500019479277,5,Wildfire,High,,Not applicable,Asia,5,Not applicable,,Russia,built_in_approx_russia_geometry,0,
training_2001_2025_v1_3.csv,csv,8778,53.914999668988344,57.495000174909094,2,Hard commodities,Medium,,Not applicable,Asia,5,Mining,,Russia,built_in_approx_russia_geometry,0,
training_2001_2025_v1_3.csv,csv,8779,53.92499918956981,57.75499919559281,4,Logging,High,,Not applicable,Asia,5,Not applicable,,Russia,built_in_approx_russia_geometry,0,
training_2001_2025_v1_3.csv,csv,8780,53.92499921458109,119.50500070845636,2,Hard commodities,High,Wildfire,High,Asia,5,Mining,gold mining,Russia,built_in_approx_russia_geometry,0,
training_2001_2025_v1_3.csv,csv,8781,53.93499870653514,46.40499955679352,4,Logging,High,,Not applicable,Asia,5,Not applicable,,Russia,built_in_approx_russia_geometry,0,
training_2001_2025_v1_3.csv,csv,8782,53.935000941898885,81.54499896506974,6,Settlements & infrastructure,Medium,,Not applicable,Asia,5,Not applicable," a line cut along a border between two regions but not all the way. t looks like clearings I would expect to see with power lines, but in the imagery I don't see any evidence of powerlines. If it's just to demarcate a political boundary, it doesn't really fit in a clear category... maybe urbanization? ",Russia,built_in_approx_russia_geometry,0,
training_2001_2025_v1_3.csv,csv,8783,53.945000491016856,92.15499962298004,4,Logging,High,,Not applicable,Asia,5,Not applicable,,Russia,built_in_approx_russia_geometry,0,
training_2001_2025_v1_3.csv,csv,8784,53.94500048439436,124.75499913821504,5,Wildfire,High,,Not applicable,Asia,5,Not applicable,,Russia,built_in_approx_russia_geometry,0,
training_2001_2025_v1_3.csv,csv,8785,53.95500000888805,85.33499849273296,7,Other natural disturbances,Low,,Not applicable,Asia,5,Not applicable,loss was early in time series and no imagery to tell what's going on,Russia,built_in_approx_russia_geometry,0,
training_2001_2025_v1_3.csv,csv,8786,54.03500075104475,86.61500129362865,2,Hard commodities,High,Noise/non-forest,High,Asia,5,Mining,coal mining,Russia,built_in_approx_russia_geometry,0,
training_2001_2025_v1_3.csv,csv,8787,54.035000776275474,90.16499869600456,2,Hard commodities,High,,Not applicable,Asia,5,Mining,,Russia,built_in_approx_russia_geometry,0,
training_2001_2025_v1_3.csv,csv,8788,54.05499980441221,110.214998754769,8,Noise/non-forest,High,,Not applicable,Asia,5,Not applicable,non-forest,Russia,built_in_approx_russia_geometry,0,
training_2001_2025_v1_3.csv,csv,8789,54.10499974808193,134.39500039057816,5,Wildfire,Medium,,Not applicable,Asia,5,Not applicable,"from wayback imagery, for 2012 and earlier loss it looks like there was a fire and then fallen burned trees. For 2015 I'm actually not sure-- there is a clearcut, but the shape is there before 2015 and in the latest wayback it kind of looks like there could have been a fire there as well? But hard to verify?",Russia,built_in_approx_russia_geometry,0,
training_2001_2025_v1_3.csv,csv,8790,54.14500007053878,36.42500082254125,4,Logging,Medium,,Not applicable,Asia,5,Not applicable,,Russia,built_in_approx_russia_geometry,0,
training_2001_2025_v1_3.csv,csv,8791,54.15499962432354,87.20499834519116,2,Hard commodities,High,,Not applicable,Asia,5,Mining,coal mining,Russia,built_in_approx_russia_geometry,0,
training_2001_2025_v1_3.csv,csv,8792,54.154999648826006,90.71499980600088,4,Logging,Medium,,Not applicable,Asia,5,Not applicable,,Russia,built_in_approx_russia_geometry,0,
training_2001_2025_v1_3.csv,csv,8793,54.15499963671226,123.14500057607312,7,Other natural disturbances,Low,,Not applicable,Asia,5,Not applicable,no imagery available this early in the time series so no way to tell what's going on,Russia,built_in_approx_russia_geometry,0,
training_2001_2025_v1_3.csv,csv,8794,54.17499868172688,38.26499978079392,2,Hard commodities,High,,Not applicable,Asia,5,Mining,,Russia,built_in_approx_russia_geometry,0,
training_2001_2025_v1_3.csv,csv,8795,54.19499998541794,87.0749999631372,2,Hard commodities,High,Logging,Medium,Asia,5,Mining,,Russia,built_in_approx_russia_geometry,0,
training_2001_2025_v1_3.csv,csv,8796,54.20499952092832,54.23499820343479,4,Logging,High,,Not applicable,Asia,5,Not applicable,,Russia,built_in_approx_russia_geometry,0,
training_2001_2025_v1_3.csv,csv,8797,54.21499907993044,37.8650006049585,1,Permanent agriculture,High,,Not applicable,Asia,5,Agriculture,,Russia,built_in_approx_russia_geometry,0,
training_2001_2025_v1_3.csv,csv,8798,54.21499902878637,91.65499838378022,7,Other natural disturbances,Medium,,Not applicable,Asia,5,Not applicable,insect damage,Russia,built_in_approx_russia_geometry,0,
training_2001_2025_v1_3.csv,csv,8799,54.21499906554832,110.17500061636308,4,Logging,Medium,,Not applicable,Asia,5,Not applicable,selective logging,Russia,built_in_approx_russia_geometry,0,
training_2001_2025_v1_3.csv,csv,8800,54.22499859580941,101.36499859574424,8,Noise/non-forest,High,,Not applicable,Asia,5,Not applicable,non-forest,Russia,built_in_approx_russia_geometry,0,
training_2001_2025_v1_3.csv,csv,8801,54.26500120075825,38.45499991337804,4,Logging,High,,Not applicable,Asia,5,Not applicable,,Russia,built_in_approx_russia_geometry,0,
training_2001_2025_v1_3.csv,csv,8802,54.26500118953244,91.5349995252956,1,Permanent agriculture,Medium,,Not applicable,Asia,5,Agriculture,2012 trees cut and don't regrow ever so presumably maintained as ag,Russia,built_in_approx_russia_geometry,0,
training_2001_2025_v1_3.csv,csv,8803,54.2850002462661,91.64500105970266,4,Logging,High,,Not applicable,Asia,5,Not applicable,selective logging,Russia,built_in_approx_russia_geometry,0,
training_2001_2025_v1_3.csv,csv,8804,54.29499979578598,40.1650004700675,6,Settlements & infrastructure,High,,Not applicable,Asia,5,Not applicable,,Russia,built_in_approx_russia_geometry,0,
training_2001_2025_v1_3.csv,csv,8805,54.29499979363094,124.80499902979942,5,Wildfire,Low,,Not applicable,Asia,5,Not applicable,"no imagery this early on in the time series, hard to tell ",Russia,built_in_approx_russia_geometry,0,
training_2001_2025_v1_3.csv,csv,8806,54.30499932175364,42.19500177466664,5,Wildfire,High,Logging,High,Asia,5,Not applicable,,Russia,built_in_approx_russia_geometry,0,
training_2001_2025_v1_3.csv,csv,8807,54.33500014649166,122.18500065125674,5,Wildfire,Low,,Not applicable,Asia,5,Not applicable,,Russia,built_in_approx_russia_geometry,0,
training_2001_2025_v1_3.csv,csv,8808,54.3650009856895,86.76500100842162,2,Hard commodities,High,,Not applicable,Asia,5,Mining,,Russia,built_in_approx_russia_geometry,0,
training_2001_2025_v1_3.csv,csv,8809,54.3949995665519,101.92499923910307,5,Wildfire,High,,Not applicable,Asia,5,Not applicable,,Russia,built_in_approx_russia_geometry,0,
training_2001_2025_v1_3.csv,csv,8810,54.39499958623785,110.32500029447912,4,Logging,Medium,,Not applicable,Asia,5,Not applicable,patterns consistent with logging but no imagery to confirm early loss,Russia,built_in_approx_russia_geometry,0,
training_2001_2025_v1_3.csv,csv,8811,54.39499960867391,110.33499985427792,4,Logging,High,,Not applicable,Asia,5,Not applicable,selective logging,Russia,built_in_approx_russia_geometry,0,
training_2001_2025_v1_3.csv,csv,8812,54.40499912837207,44.73499940196543,8,Noise/non-forest,High,,Not applicable,Asia,5,Not applicable,non-forest,Russia,built_in_approx_russia_geometry,0,
training_2001_2025_v1_3.csv,csv,8813,54.404999105627425,110.31499856097022,4,Logging,Medium,,Not applicable,Asia,5,Not applicable,selective logging,Russia,built_in_approx_russia_geometry,0,
training_2001_2025_v1_3.csv,csv,8814,54.425000415653095,35.304999491451916,4,Logging,High,,Not applicable,Asia,5,Not applicable,,Russia,built_in_approx_russia_geometry,0,
training_2001_2025_v1_3.csv,csv,8815,54.43499993671511,127.04500171881708,2,Hard commodities,High,,Not applicable,Asia,5,Mining,gold mining,Russia,built_in_approx_russia_geometry,0,
training_2001_2025_v1_3.csv,csv,8816,54.52500019809991,126.99499953891171,5,Wildfire,High,,Not applicable,Asia,5,Not applicable,,Russia,built_in_approx_russia_geometry,0,
training_2001_2025_v1_3.csv,csv,8817,54.575000136508166,39.15500069755808,4,Logging,High,,Not applicable,Asia,5,Not applicable,,Russia,built_in_approx_russia_geometry,0,
training_2001_2025_v1_3.csv,csv,8818,54.57500011823644,52.77499933679146,4,Logging,High,,Not applicable,Asia,5,Not applicable,,Russia,built_in_approx_russia_geometry,0,
training_2001_2025_v1_3.csv,csv,8819,54.58499965520776,89.36500026855748,5,Wildfire,High,,Not applicable,Asia,5,Not applicable,,Russia,built_in_approx_russia_geometry,0,
training_2001_2025_v1_3.csv,csv,8820,54.60499872289627,37.28500086706351,4,Logging,High,,Not applicable,Asia,5,Not applicable,,Russia,built_in_approx_russia_geometry,0,
training_2001_2025_v1_3.csv,csv,8821,54.60499647447452,126.53500091215484,5,Wildfire,High,Commodity-driven deforestation,High,Asia,5,Mining,gold mining secondary,Russia,built_in_approx_russia_geometry,0,
training_2001_2025_v1_3.csv,csv,8822,54.64499910387646,83.35500159236221,4,Logging,High,Settlements & infrastructure,High,Asia,5,Not applicable,,Russia,built_in_approx_russia_geometry,0,
training_2001_2025_v1_3.csv,csv,8823,54.69500121407485,83.61499836016627,1,Permanent agriculture,High,Commodity-driven deforestation,High,Asia,5,Agriculture,clearing forested field,Russia,built_in_approx_russia_geometry,0,
training_2001_2025_v1_3.csv,csv,8824,54.72499981744224,93.61500070459822,4,Logging,High,,Not applicable,Asia,5,Not applicable,selective logging,Russia,built_in_approx_russia_geometry,0,
training_2001_2025_v1_3.csv,csv,8825,54.734999354808465,59.98500011549862,4,Logging,Medium,,Not applicable,Asia,5,Not applicable,,Russia,built_in_approx_russia_geometry,0,
training_2001_2025_v1_3.csv,csv,8826,54.74500110844978,83.02500134008072,7,Other natural disturbances,Medium,,Not applicable,Asia,5,Not applicable,possibly insect damage,Russia,built_in_approx_russia_geometry,0,
training_2001_2025_v1_3.csv,csv,8827,54.77499970014318,55.945001032870145,6,Settlements & infrastructure,High,,Not applicable,Asia,5,Not applicable,,Russia,built_in_approx_russia_geometry,0,
training_2001_2025_v1_3.csv,csv,8828,54.77499973603168,125.8649986800366,2,Hard commodities,High,,Not applicable,Asia,5,Mining,gold mining,Russia,built_in_approx_russia_geometry,0,
training_2001_2025_v1_3.csv,csv,8829,54.784999256844905,126.81500124656172,2,Hard commodities,High,,Not applicable,Asia,5,Mining,gold mining,Russia,built_in_approx_russia_geometry,0,
training_2001_2025_v1_3.csv,csv,8830,54.795001022372055,86.60499955014984,4,Logging,Low,,Not applicable,Asia,5,Not applicable,pine tree plantation,Russia,built_in_approx_russia_geometry,0,
training_2001_2025_v1_3.csv,csv,8831,54.805000556341554,61.41500039491566,7,Other natural disturbances,High,,Not applicable,Asia,5,Not applicable,,Russia,built_in_approx_russia_geometry,0,
training_2001_2025_v1_3.csv,csv,8832,54.83499913763313,52.3050011786819,6,Settlements & infrastructure,High,,Not applicable,Asia,5,Not applicable,,Russia,built_in_approx_russia_geometry,0,
training_2001_2025_v1_3.csv,csv,8833,54.88499906345905,61.25500114688318,2,Hard commodities,High,,Not applicable,Asia,5,Mining,ore mining,Russia,built_in_approx_russia_geometry,0,
training_2001_2025_v1_3.csv,csv,8834,54.914999881976506,59.81500131136732,4,Logging,Medium,,Not applicable,Asia,5,Not applicable,selective logging,Russia,built_in_approx_russia_geometry,0,
training_2001_2025_v1_3.csv,csv,8835,54.9349989481573,83.17500103634556,6,Settlements & infrastructure,High,,Not applicable,Asia,5,Not applicable,,Russia,built_in_approx_russia_geometry,0,
training_2001_2025_v1_3.csv,csv,8836,54.95500023014049,112.40500154039736,5,Wildfire,High,,Not applicable,Asia,5,Not applicable,,Russia,built_in_approx_russia_geometry,0,
training_2001_2025_v1_3.csv,csv,8837,55.045000524668666,82.66500026800584,7,Other natural disturbances,High,,Not applicable,Asia,5,Not applicable,,Russia,built_in_approx_russia_geometry,0,
training_2001_2025_v1_3.csv,csv,8838,55.05500005097943,82.61500039123572,4,Logging,Medium,,Not applicable,Asia,5,Not applicable,,Russia,built_in_approx_russia_geometry,0,
training_2001_2025_v1_3.csv,csv,8839,55.084998662040285,72.36499858812255,7,Other natural disturbances,Medium,,Not applicable,Asia,5,Not applicable,insect damage,Russia,built_in_approx_russia_geometry,0,
training_2001_2025_v1_3.csv,csv,8840,55.095000430990225,82.8649998792108,6,Settlements & infrastructure,High,,Not applicable,Asia,5,Not applicable,,Russia,built_in_approx_russia_geometry,0,
training_2001_2025_v1_3.csv,csv,8841,55.095000418129864,158.98499851672858,1,Permanent agriculture,High,,Not applicable,Asia,5,Agriculture,,Russia,built_in_approx_russia_geometry,0,
training_2001_2025_v1_3.csv,csv,8842,55.1349985661685,41.865001503017,4,Logging,High,,Not applicable,Asia,5,Not applicable,,Russia,built_in_approx_russia_geometry,0,
training_2001_2025_v1_3.csv,csv,8843,55.13499852208318,104.22499913774033,5,Wildfire,High,,Not applicable,Asia,5,Not applicable,,Russia,built_in_approx_russia_geometry,0,
training_2001_2025_v1_3.csv,csv,8844,55.14500030029593,91.21500102148237,1,Permanent agriculture,Medium,Noise/non-forest,High,Asia,5,Agriculture,,Russia,built_in_approx_russia_geometry,0,
training_2001_2025_v1_3.csv,csv,8845,55.14500030545156,124.79500171959587,6,Settlements & infrastructure,High,Wildfire,High,Asia,5,Not applicable,,Russia,built_in_approx_russia_geometry,0,
training_2001_2025_v1_3.csv,csv,8846,55.175001163362936,158.95499997120663,8,Noise/non-forest,High,,Not applicable,Asia,5,Not applicable,non-forest,Russia,built_in_approx_russia_geometry,0,
training_2001_2025_v1_3.csv,csv,8847,55.204999738239145,158.96499950154666,4,Logging,Low,Noise/non-forest,High,Asia,5,Not applicable,2016 might be forestry but hard to tell; 2012 loss is noise,Russia,built_in_approx_russia_geometry,0,
training_2001_2025_v1_3.csv,csv,8848,55.21499927376396,158.97500123307515,4,Logging,Medium,,Not applicable,Asia,5,Not applicable,selective logging in 2016,Russia,built_in_approx_russia_geometry,0,
training_2001_2025_v1_3.csv,csv,8849,55.24500013133687,37.81500069949561,6,Settlements & infrastructure,High,,Not applicable,Asia,5,Not applicable,,Russia,built_in_approx_russia_geometry,0,
training_2001_2025_v1_3.csv,csv,8850,55.24500012391057,58.41499968972959,4,Logging,High,,Not applicable,Asia,5,Not applicable,,Russia,built_in_approx_russia_geometry,0,
training_2001_2025_v1_3.csv,csv,8851,55.254999669030965,36.844999080031606,4,Logging,High,Commodity-driven deforestation,High,Asia,5,Not applicable,,Russia,built_in_approx_russia_geometry,0,
training_2001_2025_v1_3.csv,csv,8852,55.26499920317966,62.48499954573013,8,Noise/non-forest,High,,Not applicable,Asia,5,Not applicable,,Russia,built_in_approx_russia_geometry,0,
training_2001_2025_v1_3.csv,csv,8853,55.33500037518008,65.36499919615731,4,Logging,High,,Not applicable,Asia,5,Not applicable,,Russia,built_in_approx_russia_geometry,0,
training_2001_2025_v1_3.csv,csv,8854,55.36499898690376,65.45500165996474,6,Settlements & infrastructure,High,,Not applicable,Asia,5,Not applicable,,Russia,built_in_approx_russia_geometry,0,
training_2001_2025_v1_3.csv,csv,8855,55.39499982142687,65.43500035339618,2,Hard commodities,High,,Not applicable,Asia,5,Energy,,Russia,built_in_approx_russia_geometry,0,
training_2001_2025_v1_3.csv,csv,8856,55.41499662690432,41.064998666217605,4,Logging,High,,Not applicable,Asia,5,Not applicable,,Russia,built_in_approx_russia_geometry,0,
training_2001_2025_v1_3.csv,csv,8857,55.43500017526404,76.23499884629673,5,Wildfire,Low,,Not applicable,Asia,5,Not applicable,no imagery so hard to tell what's actually going on,Russia,built_in_approx_russia_geometry,0,
training_2001_2025_v1_3.csv,csv,8858,55.47500055882875,125.75500162157098,5,Wildfire,High,Commodity-driven deforestation,High,Asia,5,Not applicable,,Russia,built_in_approx_russia_geometry,0,
training_2001_2025_v1_3.csv,csv,8859,55.485000068077085,65.12500144014554,4,Logging,High,,Not applicable,Asia,5,Not applicable,,Russia,built_in_approx_russia_geometry,0,
training_2001_2025_v1_3.csv,csv,8860,55.5449994892576,37.35499985142721,6,Settlements & infrastructure,High,,Not applicable,Asia,5,Not applicable,,Russia,built_in_approx_russia_geometry,0,
training_2001_2025_v1_3.csv,csv,8861,55.63499978573354,72.93500099299031,7,Other natural disturbances,Low,,Not applicable,Asia,5,Not applicable,no imagery available to clearly see what's going on ,Russia,built_in_approx_russia_geometry,0,
training_2001_2025_v1_3.csv,csv,8862,55.65500105831272,36.36499913027863,4,Logging,High,,Not applicable,Asia,5,Not applicable,,Russia,built_in_approx_russia_geometry,0,
training_2001_2025_v1_3.csv,csv,8863,55.675000140555404,127.76499933829784,5,Wildfire,High,,Not applicable,Asia,5,Not applicable,,Russia,built_in_approx_russia_geometry,0,
training_2001_2025_v1_3.csv,csv,8864,55.79499900396116,49.36499991184712,6,Settlements & infrastructure,High,,Not applicable,Asia,5,Not applicable,,Russia,built_in_approx_russia_geometry,0,
training_2001_2025_v1_3.csv,csv,8865,55.794999009140184,109.58499913431814,6,Settlements & infrastructure,High,,Not applicable,Asia,5,Not applicable,,Russia,built_in_approx_russia_geometry,0,
training_2001_2025_v1_3.csv,csv,8866,55.82499985692213,49.265000166602874,4,Logging,High,,Not applicable,Asia,5,Not applicable,,Russia,built_in_approx_russia_geometry,0,
training_2001_2025_v1_3.csv,csv,8867,55.82499984879337,84.82500000264945,7,Other natural disturbances,Low,,Not applicable,Asia,5,Not applicable,insect damage,Russia,built_in_approx_russia_geometry,0,
training_2001_2025_v1_3.csv,csv,8868,55.8349993806078,94.91500036075904,2,Hard commodities,High,,Not applicable,Asia,5,Mining,coal mining,Russia,built_in_approx_russia_geometry,0,
training_2001_2025_v1_3.csv,csv,8869,55.83499934914171,94.97499977085788,2,Hard commodities,High,,Not applicable,Asia,5,Mining,coal mining,Russia,built_in_approx_russia_geometry,0,
training_2001_2025_v1_3.csv,csv,8870,55.91500010791189,48.65499952825175,4,Logging,High,,Not applicable,Asia,5,Not applicable,,Russia,built_in_approx_russia_geometry,0,
training_2001_2025_v1_3.csv,csv,8871,55.91500010044597,97.99500173366044,2,Hard commodities,High,Settlements & infrastructure,High,Asia,5,Energy,power line,Russia,built_in_approx_russia_geometry,0,
training_2001_2025_v1_3.csv,csv,8872,56.0050003781378,88.63500086919079,4,Logging,Medium,,Not applicable,Asia,5,Not applicable,selective logging,Russia,built_in_approx_russia_geometry,0,
training_2001_2025_v1_3.csv,csv,8873,56.005000367719305,92.74499887124718,6,Settlements & infrastructure,High,,Not applicable,Asia,5,Not applicable,,Russia,built_in_approx_russia_geometry,0,
training_2001_2025_v1_3.csv,csv,8874,56.01499988724634,92.72499982243606,6,Settlements & infrastructure,High,,Not applicable,Asia,5,Not applicable,,Russia,built_in_approx_russia_geometry,0,
training_2001_2025_v1_3.csv,csv,8875,56.01499992654599,159.94499841018552,4,Logging,High,,Not applicable,Asia,5,Not applicable,,Russia,built_in_approx_russia_geometry,0,
training_2001_2025_v1_3.csv,csv,8876,56.02499945054048,92.76500016410372,6,Settlements & infrastructure,High,,Not applicable,Asia,5,Not applicable,,Russia,built_in_approx_russia_geometry,0,
training_2001_2025_v1_3.csv,csv,8877,56.035001180652664,58.60499973740748,4,Logging,High,Noise/non-forest,High,Asia,5,Not applicable,,Russia,built_in_approx_russia_geometry,0,
training_2001_2025_v1_3.csv,csv,8878,56.064999797663354,86.28500111937103,2,Hard commodities,High,,Not applicable,Asia,5,Mining,quartzite mining,Russia,built_in_approx_russia_geometry,0,
training_2001_2025_v1_3.csv,csv,8879,56.105000162496175,37.08500125968931,6,Settlements & infrastructure,High,,Not applicable,Asia,5,Not applicable,,Russia,built_in_approx_russia_geometry,0,
training_2001_2025_v1_3.csv,csv,8880,56.114999696075614,101.44499935195851,2,Hard commodities,High,Wildfire,High,Asia,5,Energy,power line,Russia,built_in_approx_russia_geometry,0,
training_2001_2025_v1_3.csv,csv,8881,56.12499925221359,93.3749985198894,6,Settlements & infrastructure,High,,Not applicable,Asia,5,Not applicable,,Russia,built_in_approx_russia_geometry,0,
training_2001_2025_v1_3.csv,csv,8882,56.124999253838475,98.2150004514958,5,Wildfire,High,,Not applicable,Asia,5,Not applicable,,Russia,built_in_approx_russia_geometry,0,
training_2001_2025_v1_3.csv,csv,8883,56.13500099291065,111.72499973435592,4,Logging,Medium,Settlements & infrastructure,Medium,Asia,5,Not applicable,,Russia,built_in_approx_russia_geometry,0,
training_2001_2025_v1_3.csv,csv,8884,56.1450005438914,111.71500023104292,6,Settlements & infrastructure,High,,Not applicable,Asia,5,Not applicable,,Russia,built_in_approx_russia_geometry,0,
training_2001_2025_v1_3.csv,csv,8885,56.14500053338059,111.7249997849052,6,Settlements & infrastructure,High,,Not applicable,Asia,5,Not applicable,,Russia,built_in_approx_russia_geometry,0,
training_2001_2025_v1_3.csv,csv,8886,56.15500007407233,92.98500109830832,6,Settlements & infrastructure,High,,Not applicable,Asia,5,Not applicable,,Russia,built_in_approx_russia_geometry,0,
training_2001_2025_v1_3.csv,csv,8887,56.174999124774594,107.46499978660395,6,Settlements & infrastructure,High,,Not applicable,Asia,5,Not applicable,,Russia,built_in_approx_russia_geometry,0,
training_2001_2025_v1_3.csv,csv,8888,56.21499953723206,44.50499893158114,6,Settlements & infrastructure,High,,Not applicable,Asia,5,Not applicable,,Russia,built_in_approx_russia_geometry,0,
training_2001_2025_v1_3.csv,csv,8889,56.235000782211074,162.53500036517764,8,Noise/non-forest,Medium,,Not applicable,Asia,5,Not applicable,,Russia,built_in_approx_russia_geometry,0,
training_2001_2025_v1_3.csv,csv,8890,56.245000331758085,42.574999618269366,4,Logging,High,,Not applicable,Asia,5,Not applicable,,Russia,built_in_approx_russia_geometry,0,
training_2001_2025_v1_3.csv,csv,8891,56.29500023666963,95.6350002116284,8,Noise/non-forest,High,,Not applicable,Asia,5,Not applicable,,Russia,built_in_approx_russia_geometry,0,
training_2001_2025_v1_3.csv,csv,8892,56.30499976543694,47.15500032073634,5,Wildfire,High,,Not applicable,Asia,5,Not applicable,,Russia,built_in_approx_russia_geometry,0,
training_2001_2025_v1_3.csv,csv,8893,56.30499976971127,92.98500105882088,7,Other natural disturbances,High,,Not applicable,Asia,5,Not applicable,insect damage,Russia,built_in_approx_russia_geometry,0,
training_2001_2025_v1_3.csv,csv,8894,56.33500060774715,85.04500089283617,7,Other natural disturbances,High,Logging,High,Asia,5,Not applicable,insect damage,Russia,built_in_approx_russia_geometry,0,
training_2001_2025_v1_3.csv,csv,8895,56.345000144134005,114.86499838065662,2,Hard commodities,Medium,Logging,High,Asia,5,Energy,power station,Russia,built_in_approx_russia_geometry,0,
training_2001_2025_v1_3.csv,csv,8896,56.47499853144433,84.82500000677967,4,Logging,High,,Not applicable,Asia,5,Not applicable,,Russia,built_in_approx_russia_geometry,0,
training_2001_2025_v1_3.csv,csv,8897,56.50499938404223,61.32500009697652,4,Logging,High,,Not applicable,Asia,5,Not applicable,,Russia,built_in_approx_russia_geometry,0,
training_2001_2025_v1_3.csv,csv,8898,56.554999265273864,42.43499949404757,5,Wildfire,High,Logging,Not applicable,Asia,5,Not applicable,,Russia,built_in_approx_russia_geometry,0,
training_2001_2025_v1_3.csv,csv,8899,56.67500037471091,100.82500146506676,5,Wildfire,High,,Not applicable,Asia,5,Not applicable,,Russia,built_in_approx_russia_geometry,0,
training_2001_2025_v1_3.csv,csv,8900,56.71500073639193,60.7750012380715,6,Settlements & infrastructure,High,,Not applicable,Asia,5,Not applicable,,Russia,built_in_approx_russia_geometry,0,
training_2001_2025_v1_3.csv,csv,8901,56.725000274059106,108.6350010354926,5,Wildfire,High,,Not applicable,Asia,5,Not applicable,,Russia,built_in_approx_russia_geometry,0,
training_2001_2025_v1_3.csv,csv,8902,56.73499978799511,59.40500037371979,4,Logging,High,,Not applicable,Asia,5,Not applicable,,Russia,built_in_approx_russia_geometry,0,
training_2001_2025_v1_3.csv,csv,8903,56.74499930864824,31.6149996649582,4,Logging,High,,Not applicable,Asia,5,Not applicable,,Russia,built_in_approx_russia_geometry,0,
training_2001_2025_v1_3.csv,csv,8904,56.75499887474662,136.56499966364376,5,Wildfire,Low,,Not applicable,Asia,5,Not applicable,no imagery early on when the loss happened,Russia,built_in_approx_russia_geometry,0,
training_2001_2025_v1_3.csv,csv,8905,56.96500022542122,89.15499889793935,4,Logging,High,,Not applicable,Asia,5,Not applicable,,Russia,built_in_approx_russia_geometry,0,
training_2001_2025_v1_3.csv,csv,8906,57.005000587346984,37.89500146152176,4,Logging,High,,Not applicable,Asia,5,Not applicable,,Russia,built_in_approx_russia_geometry,0,
training_2001_2025_v1_3.csv,csv,8907,57.02499968594895,57.79499958987081,1,Permanent agriculture,High,,Not applicable,Asia,5,Agriculture,clearing forested field,Russia,built_in_approx_russia_geometry,0,
training_2001_2025_v1_3.csv,csv,8908,57.155000294358786,95.03500144629004,1,Permanent agriculture,Low,,Not applicable,Asia,5,Agriculture,no early imagery so cannot tell what's going on for sure,Russia,built_in_approx_russia_geometry,0,
training_2001_2025_v1_3.csv,csv,8909,57.17499935695727,94.82500009851644,2,Hard commodities,High,,Not applicable,Asia,5,Mining,,Russia,built_in_approx_russia_geometry,0,
training_2001_2025_v1_3.csv,csv,8910,57.19500065867136,54.134998417425585,4,Logging,High,Noise/non-forest,High,Asia,5,Not applicable,,Russia,built_in_approx_russia_geometry,0,
training_2001_2025_v1_3.csv,csv,8911,57.214997472580606,35.51500081794494,4,Logging,High,Other natural disturbances,High,Asia,5,Not applicable,secondary is flooding,Russia,built_in_approx_russia_geometry,0,
training_2001_2025_v1_3.csv,csv,8912,57.25500007778234,85.7849998552396,7,Other natural disturbances,Low,,Not applicable,Asia,5,Not applicable,insect damage in later years but no imagery in 2005 to confirm what's going on,Russia,built_in_approx_russia_geometry,0,
training_2001_2025_v1_3.csv,csv,8913,57.30499998069765,61.23499985487323,7,Other natural disturbances,High,Commodity-driven deforestation,High,Asia,5,Mining,,Russia,built_in_approx_russia_geometry,0,
training_2001_2025_v1_3.csv,csv,8914,57.354999911214456,102.81500014536137,5,Wildfire,High,,Not applicable,Asia,5,Not applicable,,Russia,built_in_approx_russia_geometry,0,
training_2001_2025_v1_3.csv,csv,8915,57.54499997746444,35.20499969854449,4,Logging,High,,Not applicable,Asia,5,Not applicable,,Russia,built_in_approx_russia_geometry,0,
training_2001_2025_v1_3.csv,csv,8916,57.564999010072384,53.58499950771793,4,Logging,Low,,Not applicable,Asia,5,Not applicable,no imagery early in the time series so cannot tell for sure,Russia,built_in_approx_russia_geometry,0,
training_2001_2025_v1_3.csv,csv,8917,57.58500030431118,37.19499835843104,2,Hard commodities,High,Logging,Medium,Asia,5,Energy,power line,Russia,built_in_approx_russia_geometry,0,
training_2001_2025_v1_3.csv,csv,8918,57.6449997615788,60.92500090234671,1,Permanent agriculture,High,,Not applicable,Asia,5,Agriculture,clearing forested field,Russia,built_in_approx_russia_geometry,0,
training_2001_2025_v1_3.csv,csv,8919,57.6850001061044,104.1550001132006,4,Logging,High,,Not applicable,Asia,5,Not applicable,,Russia,built_in_approx_russia_geometry,0,
training_2001_2025_v1_3.csv,csv,8920,57.71499872367423,64.46500100521683,4,Logging,High,,Not applicable,Asia,5,Not applicable,,Russia,built_in_approx_russia_geometry,0,
training_2001_2025_v1_3.csv,csv,8921,57.76499860861597,158.68499913738253,5,Wildfire,High,,Not applicable,Asia,5,Not applicable,,Russia,built_in_approx_russia_geometry,0,
training_2001_2025_v1_3.csv,csv,8922,57.83499981818563,52.17500050944653,8,Noise/non-forest,Medium,,Not applicable,Asia,5,Not applicable,,Russia,built_in_approx_russia_geometry,0,
training_2001_2025_v1_3.csv,csv,8923,57.88499969104761,59.91500117990888,5,Wildfire,Low,,Not applicable,Asia,5,Not applicable,"hard to tell what's going on, no clear imagery ",Russia,built_in_approx_russia_geometry,0,
training_2001_2025_v1_3.csv,csv,8924,57.88499970484061,103.95500056436391,5,Wildfire,High,,Not applicable,Asia,5,Not applicable,,Russia,built_in_approx_russia_geometry,0,
training_2001_2025_v1_3.csv,csv,8925,57.94499912836513,112.70500093955847,5,Wildfire,High,,Not applicable,Asia,5,Not applicable,,Russia,built_in_approx_russia_geometry,0,
training_2001_2025_v1_3.csv,csv,8926,57.98499949688194,106.79499974297904,2,Hard commodities,High,,Not applicable,Asia,5,Energy,oil refiniers,Russia,built_in_approx_russia_geometry,0,
training_2001_2025_v1_3.csv,csv,8927,57.994999035943565,136.88500035028054,5,Wildfire,High,,Not applicable,Asia,5,Not applicable,,Russia,built_in_approx_russia_geometry,0,
training_2001_2025_v1_3.csv,csv,8928,58.084999351905495,86.18500127944627,5,Wildfire,High,,Not applicable,Asia,5,Not applicable,,Russia,built_in_approx_russia_geometry,0,
training_2001_2025_v1_3.csv,csv,8929,58.1050006107298,136.88500031327115,5,Wildfire,High,,Not applicable,Asia,5,Not applicable,,Russia,built_in_approx_russia_geometry,0,
training_2001_2025_v1_3.csv,csv,8930,58.27499937155125,50.63500096365955,4,Logging,High,,Not applicable,Asia,5,Not applicable,,Russia,built_in_approx_russia_geometry,0,
training_2001_2025_v1_3.csv,csv,8931,58.41499955576642,54.36499882258753,4,Logging,High,,Not applicable,Asia,5,Not applicable,,Russia,built_in_approx_russia_geometry,0,
training_2001_2025_v1_3.csv,csv,8932,58.48500076392765,37.19499839684149,4,Logging,High,,Not applicable,Asia,5,Not applicable,,Russia,built_in_approx_russia_geometry,0,
training_2001_2025_v1_3.csv,csv,8933,58.514999331964475,58.86499878765857,8,Noise/non-forest,Low,,Not applicable,Asia,5,Not applicable,,Russia,built_in_approx_russia_geometry,0,
training_2001_2025_v1_3.csv,csv,8934,58.514999355756984,105.76499873444985,5,Wildfire,High,,Not applicable,Asia,5,Not applicable,,Russia,built_in_approx_russia_geometry,0,
training_2001_2025_v1_3.csv,csv,8935,58.52499888520328,109.76499964364533,4,Logging,Low,,Not applicable,Asia,5,Not applicable,"no imagery in and after 2022, a forestry system but adjacent to a lot of ag so hard to tell ",Russia,built_in_approx_russia_geometry,0,
training_2001_2025_v1_3.csv,csv,8936,58.564999237164336,58.96499858294233,4,Logging,High,Commodity-driven deforestation,High,Asia,5,Mining,,Russia,built_in_approx_russia_geometry,0,
training_2001_2025_v1_3.csv,csv,8937,58.574998762951,109.9250011012478,1,Permanent agriculture,High,,Not applicable,Asia,5,Agriculture,,Russia,built_in_approx_russia_geometry,0,
training_2001_2025_v1_3.csv,csv,8938,58.624998683908906,115.31499971433102,5,Wildfire,High,,Not applicable,Asia,5,Not applicable,,Russia,built_in_approx_russia_geometry,0,
training_2001_2025_v1_3.csv,csv,8939,58.635000443631455,59.025000284634494,4,Logging,High,,Not applicable,Asia,5,Not applicable,,Russia,built_in_approx_russia_geometry,0,
training_2001_2025_v1_3.csv,csv,8940,58.67499856914737,99.90499975096132,5,Wildfire,High,,Not applicable,Asia,5,Not applicable,,Russia,built_in_approx_russia_geometry,0,
training_2001_2025_v1_3.csv,csv,8941,58.71500116087237,128.34499908954928,5,Wildfire,High,,Not applicable,Asia,5,Not applicable,,Russia,built_in_approx_russia_geometry,0,
training_2001_2025_v1_3.csv,csv,8942,58.73499800415999,94.34500013643674,2,Hard commodities,High,,Not applicable,Asia,5,Mining,,Russia,built_in_approx_russia_geometry,0,
training_2001_2025_v1_3.csv,csv,8943,58.73500022757422,111.89500071544585,5,Wildfire,High,,Not applicable,Asia,5,Not applicable,,Russia,built_in_approx_russia_geometry,0,
training_2001_2025_v1_3.csv,csv,8944,58.77500058164995,59.4749993106002,2,Hard commodities,High,,Not applicable,Asia,5,Mining,ore mining,Russia,built_in_approx_russia_geometry,0,
training_2001_2025_v1_3.csv,csv,8945,58.94499935415795,84.93499931231956,5,Wildfire,High,,Not applicable,Asia,5,Not applicable,,Russia,built_in_approx_russia_geometry,0,
training_2001_2025_v1_3.csv,csv,8946,58.95499890164909,34.22500075087237,4,Logging,High,,Not applicable,Asia,5,Not applicable,,Russia,built_in_approx_russia_geometry,0,
training_2001_2025_v1_3.csv,csv,8947,58.95499890636889,42.70500028108907,4,Logging,High,,Not applicable,Asia,5,Not applicable,,Russia,built_in_approx_russia_geometry,0,
training_2001_2025_v1_3.csv,csv,8948,58.98499973883264,126.21500025631278,2,Hard commodities,High,,Not applicable,Asia,5,Mining,,Russia,built_in_approx_russia_geometry,0,
training_2001_2025_v1_3.csv,csv,8949,59.00499881240071,86.62499864857317,5,Wildfire,High,,Not applicable,Asia,5,Not applicable,,Russia,built_in_approx_russia_geometry,0,
training_2001_2025_v1_3.csv,csv,8950,59.02500011192146,76.90500106851412,5,Wildfire,High,,Not applicable,Asia,5,Not applicable,,Russia,built_in_approx_russia_geometry,0,
training_2001_2025_v1_3.csv,csv,8951,59.03499963660421,34.07500106933773,4,Logging,High,,Not applicable,Asia,5,Not applicable,,Russia,built_in_approx_russia_geometry,0,
training_2001_2025_v1_3.csv,csv,8952,59.224999702059854,48.22499954748746,4,Logging,High,,Not applicable,Asia,5,Not applicable,,Russia,built_in_approx_russia_geometry,0,
training_2001_2025_v1_3.csv,csv,8953,59.29500091100001,109.45499848515423,5,Wildfire,High,,Not applicable,Asia,5,Not applicable,,Russia,built_in_approx_russia_geometry,0,
training_2001_2025_v1_3.csv,csv,8954,59.31499995120242,65.06499975311179,5,Wildfire,High,,Not applicable,Asia,5,Not applicable,,Russia,built_in_approx_russia_geometry,0,
training_2001_2025_v1_3.csv,csv,8955,59.38499896140465,42.454998553356376,4,Logging,High,,Not applicable,Asia,5,Not applicable,,Russia,built_in_approx_russia_geometry,0,
training_2001_2025_v1_3.csv,csv,8957,59.47499916361865,50.8350005395275,4,Logging,High,,Not applicable,Asia,5,Not applicable,,Russia,built_in_approx_russia_geometry,0,
training_2001_2025_v1_3.csv,csv,8958,59.5450003766384,94.5350002185774,5,Wildfire,High,,Not applicable,Asia,5,Not applicable,,Russia,built_in_approx_russia_geometry,0,
training_2001_2025_v1_3.csv,csv,8959,59.604999822612726,32.435001623456586,4,Logging,High,,Not applicable,Asia,5,Not applicable,,Russia,built_in_approx_russia_geometry,0,
training_2001_2025_v1_3.csv,csv,8960,59.67500104253346,83.75500078499289,5,Wildfire,High,,Not applicable,Asia,5,Not applicable,,Russia,built_in_approx_russia_geometry,0,
training_2001_2025_v1_3.csv,csv,8961,59.764999071762695,151.25499968616484,5,Wildfire,High,,Not applicable,Asia,5,Not applicable,,Russia,built_in_approx_russia_geometry,0,
training_2001_2025_v1_3.csv,csv,8962,59.81499898641916,30.28500152125309,6,Settlements & infrastructure,High,,Not applicable,Asia,5,Not applicable,,Russia,built_in_approx_russia_geometry,0,
training_2001_2025_v1_3.csv,csv,8963,60.05500116540632,93.31500130297611,2,Hard commodities,High,,Not applicable,Asia,5,Mining,,Russia,built_in_approx_russia_geometry,0,
training_2001_2025_v1_3.csv,csv,8964,60.06500070379033,30.114998280919995,4,Logging,High,Settlements & infrastructure,High,Asia,5,Not applicable,,Russia,built_in_approx_russia_geometry,0,
training_2001_2025_v1_3.csv,csv,8965,60.06500069845429,99.93500054752604,5,Wildfire,Low,,Not applicable,Asia,5,Not applicable,no imagery available in either GE or Wayback,Russia,built_in_approx_russia_geometry,0,
training_2001_2025_v1_3.csv,csv,8966,60.06500068059073,131.83499926072466,5,Wildfire,High,,Not applicable,Asia,5,Not applicable,,Russia,built_in_approx_russia_geometry,0,
training_2001_2025_v1_3.csv,csv,8967,60.07500022425109,137.65500011380362,2,Hard commodities,High,,Not applicable,Asia,5,Mining,,Russia,built_in_approx_russia_geometry,0,
training_2001_2025_v1_3.csv,csv,8968,60.14499919999017,73.82499966632902,7,Other natural disturbances,High,,Not applicable,Asia,5,Not applicable,"In wayback there are a bunch of downed trees visible throughout the time series and it doesn't look like they were burned at all. I would call this a natural disturbance, seems unlikely they were cut down and left in the field?",Russia,built_in_approx_russia_geometry,0,
training_2001_2025_v1_3.csv,csv,8969,60.144999169174376,109.39500126970516,5,Wildfire,High,,Not applicable,Asia,5,Not applicable,,Russia,built_in_approx_russia_geometry,0,
training_2001_2025_v1_3.csv,csv,8970,60.165000485180435,61.10500150566393,5,Wildfire,High,,Not applicable,Asia,5,Not applicable,,Russia,built_in_approx_russia_geometry,0,
training_2001_2025_v1_3.csv,csv,8971,60.16500047665028,120.0350005791306,5,Wildfire,High,,Not applicable,Asia,5,Not applicable,,Russia,built_in_approx_russia_geometry,0,
training_2001_2025_v1_3.csv,csv,8972,60.175000036314835,71.56500013718397,5,Wildfire,High,,Not applicable,Asia,5,Not applicable,,Russia,built_in_approx_russia_geometry,0,
training_2001_2025_v1_3.csv,csv,8973,60.28499937249048,57.7549992709124,2,Hard commodities,High,,Not applicable,Asia,5,Mining,gold mining,Russia,built_in_approx_russia_geometry,0,
training_2001_2025_v1_3.csv,csv,8974,60.28499936618117,76.76499864912537,5,Wildfire,High,,Not applicable,Asia,5,Not applicable,,Russia,built_in_approx_russia_geometry,0,
training_2001_2025_v1_3.csv,csv,8975,60.38499915030629,120.13500035231802,7,Other natural disturbances,Medium,,Not applicable,Asia,5,Not applicable,insect damage,Russia,built_in_approx_russia_geometry,0,
training_2001_2025_v1_3.csv,csv,8976,60.41500001575231,41.644998397847154,4,Logging,High,,Not applicable,Asia,5,Not applicable,,Russia,built_in_approx_russia_geometry,0,
training_2001_2025_v1_3.csv,csv,8977,60.46499988061047,58.39500061984844,4,Logging,High,,Not applicable,Asia,5,Not applicable,,Russia,built_in_approx_russia_geometry,0,
training_2001_2025_v1_3.csv,csv,8978,60.49500071066738,29.074999851989325,7,Other natural disturbances,Low,,Not applicable,Asia,5,Not applicable,too small scale and imagery inconclusive,Russia,built_in_approx_russia_geometry,0,
training_2001_2025_v1_3.csv,csv,8979,60.495000707750286,92.75500064251318,2,Hard commodities,High,,Not applicable,Asia,5,Mining,,Russia,built_in_approx_russia_geometry,0,
training_2001_2025_v1_3.csv,csv,8980,60.70499983016463,88.24499892853918,5,Wildfire,High,,Not applicable,Asia,5,Not applicable,,Russia,built_in_approx_russia_geometry,0,
training_2001_2025_v1_3.csv,csv,8981,60.70499985551043,108.77499893944989,5,Wildfire,High,,Not applicable,Asia,5,Not applicable,,Russia,built_in_approx_russia_geometry,0,
training_2001_2025_v1_3.csv,csv,8982,60.72499890934303,114.90500098251177,6,Settlements & infrastructure,High,,Not applicable,Asia,5,Not applicable,,Russia,built_in_approx_russia_geometry,0,
training_2001_2025_v1_3.csv,csv,8983,60.7350006759856,99.5150000626247,5,Wildfire,High,,Not applicable,Asia,5,Not applicable,,Russia,built_in_approx_russia_geometry,0,
training_2001_2025_v1_3.csv,csv,8984,60.74500021370582,127.9850002533166,5,Wildfire,High,,Not applicable,Asia,5,Not applicable,,Russia,built_in_approx_russia_geometry,0,
training_2001_2025_v1_3.csv,csv,8985,60.75499975177058,132.8749998568946,5,Wildfire,Medium,,Not applicable,Asia,5,Not applicable,not great imagery ,Russia,built_in_approx_russia_geometry,0,
training_2001_2025_v1_3.csv,csv,8986,60.924998523627025,87.97500037149649,5,Wildfire,High,,Not applicable,Asia,5,Not applicable,,Russia,built_in_approx_russia_geometry,0,
training_2001_2025_v1_3.csv,csv,8987,61.00499923781673,149.0450001276354,5,Wildfire,High,,Not applicable,Asia,5,Not applicable,,Russia,built_in_approx_russia_geometry,0,
training_2001_2025_v1_3.csv,csv,8988,61.08499997671944,88.19499904088227,5,Wildfire,High,,Not applicable,Asia,5,Not applicable,,Russia,built_in_approx_russia_geometry,0,
training_2001_2025_v1_3.csv,csv,8989,61.10499904079975,42.14499967613012,6,Settlements & infrastructure,High,,Not applicable,Asia,5,Not applicable,,Russia,built_in_approx_russia_geometry,0,
training_2001_2025_v1_3.csv,csv,8990,61.144999416736674,132.2049998717829,5,Wildfire,High,,Not applicable,Asia,5,Not applicable,,Russia,built_in_approx_russia_geometry,0,
training_2001_2025_v1_3.csv,csv,8991,61.14499938871289,149.62499986584808,5,Wildfire,High,,Not applicable,Asia,5,Not applicable,,Russia,built_in_approx_russia_geometry,0,
training_2001_2025_v1_3.csv,csv,8992,61.19499933286056,47.9050010583353,4,Logging,High,,Not applicable,Asia,5,Not applicable,,Russia,built_in_approx_russia_geometry,0,
training_2001_2025_v1_3.csv,csv,8993,61.23499968627972,59.92499837326053,5,Wildfire,High,,Not applicable,Asia,5,Not applicable,,Russia,built_in_approx_russia_geometry,0,
training_2001_2025_v1_3.csv,csv,8994,61.25499874746529,73.5250002609697,6,Settlements & infrastructure,High,,Not applicable,Asia,5,Not applicable,,Russia,built_in_approx_russia_geometry,0,
training_2001_2025_v1_3.csv,csv,8995,61.25499874166268,98.00499905836708,5,Wildfire,High,,Not applicable,Asia,5,Not applicable,,Russia,built_in_approx_russia_geometry,0,
training_2001_2025_v1_3.csv,csv,8996,61.28499955896621,73.48499989428521,2,Hard commodities,High,,Not applicable,Asia,5,Energy,,Russia,built_in_approx_russia_geometry,0,
training_2001_2025_v1_3.csv,csv,8997,61.32499994624978,83.02500131896349,5,Wildfire,High,,Not applicable,Asia,5,Not applicable,,Russia,built_in_approx_russia_geometry,0,
training_2001_2025_v1_3.csv,csv,8998,61.324999926631186,148.8749991213392,5,Wildfire,High,,Not applicable,Asia,5,Not applicable,,Russia,built_in_approx_russia_geometry,0,
training_2001_2025_v1_3.csv,csv,8999,61.33499947126885,64.2949999220718,5,Wildfire,High,,Not applicable,Asia,5,Not applicable,,Russia,built_in_approx_russia_geometry,0,
training_2001_2025_v1_3.csv,csv,9000,61.46500012481288,88.62499908939432,5,Wildfire,High,,Not applicable,Asia,5,Not applicable,,Russia,built_in_approx_russia_geometry,0,
training_2001_2025_v1_3.csv,csv,9001,61.54500082988296,129.0949997870481,5,Wildfire,High,,Not applicable,Asia,5,Not applicable,,Russia,built_in_approx_russia_geometry,0,
training_2001_2025_v1_3.csv,csv,9002,61.61499979794323,49.54500044715801,4,Logging,High,,Not applicable,Asia,5,Not applicable,,Russia,built_in_approx_russia_geometry,0,
training_2001_2025_v1_3.csv,csv,9003,61.62499935834525,147.7549999990222,2,Hard commodities,High,,Not applicable,Asia,5,Mining,,Russia,built_in_approx_russia_geometry,0,
training_2001_2025_v1_3.csv,csv,9004,61.64500060202718,134.3349987345807,5,Wildfire,High,,Not applicable,Asia,5,Not applicable,,Russia,built_in_approx_russia_geometry,0,
training_2001_2025_v1_3.csv,csv,9005,61.734998670686025,108.14499931570644,5,Wildfire,High,,Not applicable,Asia,5,Not applicable,,Russia,built_in_approx_russia_geometry,0,
training_2001_2025_v1_3.csv,csv,9006,61.745000445682734,129.00499956024697,5,Wildfire,High,,Not applicable,Asia,5,Not applicable,,Russia,built_in_approx_russia_geometry,0,
training_2001_2025_v1_3.csv,csv,9007,61.76499950344019,104.03500126677712,5,Wildfire,High,,Not applicable,Asia,5,Not applicable,,Russia,built_in_approx_russia_geometry,0,
training_2001_2025_v1_3.csv,csv,9008,61.76499947554394,166.93500050617862,5,Wildfire,High,,Not applicable,Asia,5,Not applicable,,Russia,built_in_approx_russia_geometry,0,
training_2001_2025_v1_3.csv,csv,9009,61.774999041403824,106.5850006845792,2,Hard commodities,High,Wildfire,Medium,Asia,5,Mining,geological exploration,Russia,built_in_approx_russia_geometry,0,
training_2001_2025_v1_3.csv,csv,9010,61.78499857547983,128.92499884008515,5,Wildfire,High,,Not applicable,Asia,5,Not applicable,,Russia,built_in_approx_russia_geometry,0,
training_2001_2025_v1_3.csv,csv,9011,61.81499940913679,129.6450009694214,5,Wildfire,Medium,,Not applicable,Asia,5,Not applicable,,Russia,built_in_approx_russia_geometry,0,
training_2001_2025_v1_3.csv,csv,9012,61.94500001876361,47.81499859462646,4,Logging,High,,Not applicable,Asia,5,Not applicable,,Russia,built_in_approx_russia_geometry,0,
training_2001_2025_v1_3.csv,csv,9013,61.975000858449135,129.92500128449393,6,Settlements & infrastructure,High,,Not applicable,Asia,5,Not applicable,,Russia,built_in_approx_russia_geometry,0,
training_2001_2025_v1_3.csv,csv,9014,61.98500038627885,152.06499985752674,5,Wildfire,High,,Not applicable,Asia,5,Not applicable,,Russia,built_in_approx_russia_geometry,0,
training_2001_2025_v1_3.csv,csv,9015,62.00499946693779,129.63499924071192,6,Settlements & infrastructure,High,,Not applicable,Asia,5,Not applicable,,Russia,built_in_approx_russia_geometry,0,
training_2001_2025_v1_3.csv,csv,9016,62.03500028532318,69.97500068894597,5,Wildfire,High,,Not applicable,Asia,5,Not applicable,,Russia,built_in_approx_russia_geometry,0,
training_2001_2025_v1_3.csv,csv,9017,62.06499888808393,167.4450012674276,5,Wildfire,High,,Not applicable,Asia,5,Not applicable,,Russia,built_in_approx_russia_geometry,0,
training_2001_2025_v1_3.csv,csv,9018,62.104999292684944,67.64499997069201,2,Hard commodities,High,,Not applicable,Asia,5,Energy,oil refining,Russia,built_in_approx_russia_geometry,0,
training_2001_2025_v1_3.csv,csv,9019,62.154999159740505,61.65500030209539,5,Wildfire,High,,Not applicable,Asia,5,Not applicable,,Russia,built_in_approx_russia_geometry,0,
training_2001_2025_v1_3.csv,csv,9020,62.175000478170254,129.80500025470974,8,Noise/non-forest,High,,Not applicable,Asia,5,Not applicable,,Russia,built_in_approx_russia_geometry,0,
training_2001_2025_v1_3.csv,csv,9021,62.20499905538878,121.44499948019268,5,Wildfire,High,,Not applicable,Asia,5,Not applicable,,Russia,built_in_approx_russia_geometry,0,
training_2001_2025_v1_3.csv,csv,9022,62.214998590928104,135.86500100445235,5,Wildfire,High,,Not applicable,Asia,5,Not applicable,,Russia,built_in_approx_russia_geometry,0,
training_2001_2025_v1_3.csv,csv,9023,62.26499848062115,151.66500068036316,5,Wildfire,High,,Not applicable,Asia,5,Not applicable,,Russia,built_in_approx_russia_geometry,0,
training_2001_2025_v1_3.csv,csv,9024,62.30500107769568,52.724999483946974,4,Logging,High,,Not applicable,Asia,5,Not applicable,,Russia,built_in_approx_russia_geometry,0,
training_2001_2025_v1_3.csv,csv,9025,62.33499968268615,119.21499862779046,5,Wildfire,High,,Not applicable,Asia,5,Not applicable,,Russia,built_in_approx_russia_geometry,0,
training_2001_2025_v1_3.csv,csv,9026,62.34499925020864,136.01500072409172,5,Wildfire,High,,Not applicable,Asia,5,Not applicable,,Russia,built_in_approx_russia_geometry,0,
training_2001_2025_v1_3.csv,csv,9027,62.50500068893761,155.7850004241071,7,Other natural disturbances,High,Settlements & infrastructure,High,Asia,5,Not applicable,"I don't know if it is insect damage specifically, but it does look like some sort of natural disturbance-- there are downed trees visible in Pro. Maybe due to flooding from all the rivers nearby?",Russia,built_in_approx_russia_geometry,0,
training_2001_2025_v1_3.csv,csv,9028,62.52499974395221,71.584999266791,2,Hard commodities,High,,Not applicable,Asia,5,Energy,oil refining,Russia,built_in_approx_russia_geometry,0,
training_2001_2025_v1_3.csv,csv,9029,62.54499881103527,155.77499870447411,2,Hard commodities,Medium,,Not applicable,Asia,5,Mining,,Russia,built_in_approx_russia_geometry,0,
training_2001_2025_v1_3.csv,csv,9030,62.565000119901555,67.04500120255746,5,Wildfire,High,,Not applicable,Asia,5,Not applicable,,Russia,built_in_approx_russia_geometry,0,
training_2001_2025_v1_3.csv,csv,9031,62.61500004020927,122.9749995640569,5,Wildfire,High,,Not applicable,Asia,5,Not applicable,,Russia,built_in_approx_russia_geometry,0,
training_2001_2025_v1_3.csv,csv,9032,62.634999088486666,150.21499909896582,2,Hard commodities,High,,Not applicable,Asia,5,Mining,,Russia,built_in_approx_russia_geometry,0,
training_2001_2025_v1_3.csv,csv,9033,62.664999910489875,147.82500117807822,2,Hard commodities,High,,Not applicable,Asia,5,Mining,,Russia,built_in_approx_russia_geometry,0,
training_2001_2025_v1_3.csv,csv,9034,62.67499944136407,82.67499983288843,5,Wildfire,High,,Not applicable,Asia,5,Not applicable,,Russia,built_in_approx_russia_geometry,0,
training_2001_2025_v1_3.csv,csv,9035,62.69499851407762,129.59500101584086,5,Wildfire,High,,Not applicable,Asia,5,Not applicable,,Russia,built_in_approx_russia_geometry,0,
training_2001_2025_v1_3.csv,csv,9036,62.745000650355585,34.03499846031745,4,Logging,High,,Not applicable,Asia,5,Not applicable,,Russia,built_in_approx_russia_geometry,0,
training_2001_2025_v1_3.csv,csv,9037,62.77499924220294,61.01499898848876,5,Wildfire,Low,,Not applicable,Asia,5,Not applicable,no imagery - hard to confirm that there was a fire,Russia,built_in_approx_russia_geometry,0,
training_2001_2025_v1_3.csv,csv,9038,62.824999167718225,167.48499939240295,5,Wildfire,High,,Not applicable,Asia,5,Not applicable,,Russia,built_in_approx_russia_geometry,0,
training_2001_2025_v1_3.csv,csv,9039,62.885000829225646,168.32500039771787,5,Wildfire,High,,Not applicable,Asia,5,Not applicable,,Russia,built_in_approx_russia_geometry,0,
training_2001_2025_v1_3.csv,csv,9040,62.91499939771704,129.49500127369836,5,Wildfire,High,,Not applicable,Asia,5,Not applicable,,Russia,built_in_approx_russia_geometry,0,
training_2001_2025_v1_3.csv,csv,9041,62.92499895979197,112.92499961304662,5,Wildfire,High,,Not applicable,Asia,5,Not applicable,,Russia,built_in_approx_russia_geometry,0,
training_2001_2025_v1_3.csv,csv,9042,62.97499884430675,148.18500005907572,2,Hard commodities,High,,Not applicable,Asia,5,Mining,,Russia,built_in_approx_russia_geometry,0,
training_2001_2025_v1_3.csv,csv,9043,62.98500061572256,167.08500018164753,5,Wildfire,High,,Not applicable,Asia,5,Not applicable,,Russia,built_in_approx_russia_geometry,0,
training_2001_2025_v1_3.csv,csv,9044,63.045000059081154,70.62499933464781,8,Noise/non-forest,High,,Not applicable,Asia,5,Not applicable,,Russia,built_in_approx_russia_geometry,0,
training_2001_2025_v1_3.csv,csv,9045,63.10499949159219,127.68499867851742,5,Wildfire,High,,Not applicable,Asia,5,Not applicable,,Russia,built_in_approx_russia_geometry,0,
training_2001_2025_v1_3.csv,csv,9046,63.11499898573586,165.86499907849182,5,Wildfire,High,,Not applicable,Asia,5,Not applicable,,Russia,built_in_approx_russia_geometry,0,
training_2001_2025_v1_3.csv,csv,9047,63.14499984695403,85.01500003028494,8,Noise/non-forest,High,,Not applicable,Asia,5,Not applicable,,Russia,built_in_approx_russia_geometry,0,
training_2001_2025_v1_3.csv,csv,9048,63.14499983887011,106.43500096883513,5,Wildfire,High,,Not applicable,Asia,5,Not applicable,,Russia,built_in_approx_russia_geometry,0,
training_2001_2025_v1_3.csv,csv,9049,63.22500057489419,165.79500003729717,5,Wildfire,Low,,Not applicable,Asia,5,Not applicable,no imagery to confirm ,Russia,built_in_approx_russia_geometry,0,
training_2001_2025_v1_3.csv,csv,9050,63.36500074134206,167.81499961387925,5,Wildfire,High,,Not applicable,Asia,5,Not applicable,,Russia,built_in_approx_russia_geometry,0,
training_2001_2025_v1_3.csv,csv,9051,63.40499884915289,133.94500132875646,5,Wildfire,High,,Not applicable,Asia,5,Not applicable,,Russia,built_in_approx_russia_geometry,0,
training_2001_2025_v1_3.csv,csv,9052,63.45499876115407,154.2450009027842,5,Wildfire,High,,Not applicable,Asia,5,Not applicable,,Russia,built_in_approx_russia_geometry,0,
training_2001_2025_v1_3.csv,csv,9053,63.515000418974005,129.9349985880786,5,Wildfire,High,,Not applicable,Asia,5,Not applicable,,Russia,built_in_approx_russia_geometry,0,
training_2001_2025_v1_3.csv,csv,9054,63.52499996049335,154.2750016621444,5,Wildfire,High,,Not applicable,Asia,5,Not applicable,,Russia,built_in_approx_russia_geometry,0,
training_2001_2025_v1_3.csv,csv,9055,63.594998959006055,81.72499949430866,5,Wildfire,High,,Not applicable,Asia,5,Not applicable,,Russia,built_in_approx_russia_geometry,0,
training_2001_2025_v1_3.csv,csv,9056,63.6749996523661,42.84500048069023,4,Logging,Medium,,Not applicable,Asia,5,Not applicable,no imagery to confirm but contextual evidence,Russia,built_in_approx_russia_geometry,0,
training_2001_2025_v1_3.csv,csv,9057,63.715000025732586,173.60499964516515,8,Noise/non-forest,High,,Not applicable,Asia,5,Not applicable,,Russia,built_in_approx_russia_geometry,0,
training_2001_2025_v1_3.csv,csv,9058,63.73499911210095,143.07499956925795,5,Wildfire,High,,Not applicable,Asia,5,Not applicable,,Russia,built_in_approx_russia_geometry,0,
training_2001_2025_v1_3.csv,csv,9059,63.80500029103799,165.1049987946694,5,Wildfire,High,,Not applicable,Asia,5,Not applicable,,Russia,built_in_approx_russia_geometry,0,
training_2001_2025_v1_3.csv,csv,9060,63.82499939906248,173.69499988170634,5,Wildfire,High,,Not applicable,Asia,5,Not applicable,,Russia,built_in_approx_russia_geometry,0,
training_2001_2025_v1_3.csv,csv,9061,63.855000216543395,165.7950000434687,5,Wildfire,High,,Not applicable,Asia,5,Not applicable,,Russia,built_in_approx_russia_geometry,0,
training_2001_2025_v1_3.csv,csv,9062,63.88499880362493,140.23500032026683,7,Other natural disturbances,Low,,Not applicable,Asia,5,Not applicable,meandering river or fire but no imagery to confirm,Russia,built_in_approx_russia_geometry,0,
training_2001_2025_v1_3.csv,csv,9063,63.895000573497896,154.07499992325754,5,Wildfire,High,,Not applicable,Asia,5,Not applicable,,Russia,built_in_approx_russia_geometry,0,
training_2001_2025_v1_3.csv,csv,9064,63.89500054155533,168.1050017182443,5,Wildfire,High,,Not applicable,Asia,5,Not applicable,,Russia,built_in_approx_russia_geometry,0,
training_2001_2025_v1_3.csv,csv,9065,63.995000372623686,168.65500061107016,5,Wildfire,High,,Not applicable,Asia,5,Not applicable,,Russia,built_in_approx_russia_geometry,0,
training_2001_2025_v1_3.csv,csv,9066,64.05499980540363,123.48500036589336,5,Wildfire,High,,Not applicable,Asia,5,Not applicable,,Russia,built_in_approx_russia_geometry,0,
training_2001_2025_v1_3.csv,csv,9067,64.10499969692218,122.0649996286206,5,Wildfire,High,,Not applicable,Asia,5,Not applicable,,Russia,built_in_approx_russia_geometry,0,
training_2001_2025_v1_3.csv,csv,9068,64.15499960374105,39.62499885701541,7,Other natural disturbances,High,,Not applicable,Asia,5,Not applicable,"To me this seems most likely to be water damage, since all of it is concentrated around the river",Russia,built_in_approx_russia_geometry,0,
training_2001_2025_v1_3.csv,csv,9069,64.16499910987675,143.1849989077725,5,Wildfire,High,,Not applicable,Asia,5,Not applicable,,Russia,built_in_approx_russia_geometry,0,
training_2001_2025_v1_3.csv,csv,9070,64.17500087850007,145.13499947340782,6,Settlements & infrastructure,Low,,Not applicable,Asia,5,Not applicable,no imagery to confirm ,Russia,built_in_approx_russia_geometry,0,
training_2001_2025_v1_3.csv,csv,9071,64.2350003225398,99.03500012597344,5,Wildfire,Low,,Not applicable,Asia,5,Not applicable,scattered loss and no imagery,Russia,built_in_approx_russia_geometry,0,
training_2001_2025_v1_3.csv,csv,9072,64.3250005863172,51.16500074420139,2,Hard commodities,High,,Not applicable,Asia,5,Mining,,Russia,built_in_approx_russia_geometry,0,
training_2001_2025_v1_3.csv,csv,9073,64.3750004914343,85.27500130923856,5,Wildfire,High,,Not applicable,Asia,5,Not applicable,,Russia,built_in_approx_russia_geometry,0,
training_2001_2025_v1_3.csv,csv,9074,64.41499860989698,118.52499951397586,5,Wildfire,High,,Not applicable,Asia,5,Not applicable,,Russia,built_in_approx_russia_geometry,0,
training_2001_2025_v1_3.csv,csv,9075,64.41499863359851,172.16499985350907,5,Wildfire,High,,Not applicable,Asia,5,Not applicable,,Russia,built_in_approx_russia_geometry,0,
training_2001_2025_v1_3.csv,csv,9076,64.45499897123624,117.51499976969556,5,Wildfire,High,,Not applicable,Asia,5,Not applicable,,Russia,built_in_approx_russia_geometry,0,
training_2001_2025_v1_3.csv,csv,9077,64.53499969591827,87.26499997735247,5,Wildfire,High,,Not applicable,Asia,5,Not applicable,,Russia,built_in_approx_russia_geometry,0,
training_2001_2025_v1_3.csv,csv,9078,64.61500046024106,148.10500158670305,7,Other natural disturbances,Low,,Not applicable,Asia,5,Not applicable,meandering river but no imagery to confirm,Russia,built_in_approx_russia_geometry,0,
training_2001_2025_v1_3.csv,csv,9079,64.6550008157759,148.84499831185784,5,Wildfire,High,,Not applicable,Asia,5,Not applicable,,Russia,built_in_approx_russia_geometry,0,
training_2001_2025_v1_3.csv,csv,9080,64.68499941420812,169.0049999508013,5,Wildfire,High,,Not applicable,Asia,5,Not applicable,,Russia,built_in_approx_russia_geometry,0,
training_2001_2025_v1_3.csv,csv,9081,64.70500068432492,64.53499999379834,5,Wildfire,High,,Not applicable,Asia,5,Not applicable,,Russia,built_in_approx_russia_geometry,0,
training_2001_2025_v1_3.csv,csv,9082,64.71500022503913,116.88500018702165,5,Wildfire,High,,Not applicable,Asia,5,Not applicable,,Russia,built_in_approx_russia_geometry,0,
training_2001_2025_v1_3.csv,csv,9083,64.75500059802313,68.38500116398163,5,Wildfire,High,,Not applicable,Asia,5,Not applicable,,Russia,built_in_approx_russia_geometry,0,
training_2001_2025_v1_3.csv,csv,9084,64.75500061134672,117.4449986102238,5,Wildfire,High,,Not applicable,Asia,5,Not applicable,,Russia,built_in_approx_russia_geometry,0,
training_2001_2025_v1_3.csv,csv,9085,64.80500053049165,52.7449985336652,5,Wildfire,Low,,Not applicable,Asia,5,Not applicable,no imagery to confirm,Russia,built_in_approx_russia_geometry,0,
training_2001_2025_v1_3.csv,csv,9086,64.82499956951116,42.54500101483031,4,Logging,High,,Not applicable,Asia,5,Not applicable,,Russia,built_in_approx_russia_geometry,0,
training_2001_2025_v1_3.csv,csv,9087,64.82499958707974,71.73499896234192,5,Wildfire,High,,Not applicable,Asia,5,Not applicable,,Russia,built_in_approx_russia_geometry,0,
training_2001_2025_v1_3.csv,csv,9088,64.86499996039906,160.06500176063346,5,Wildfire,High,,Not applicable,Asia,5,Not applicable,,Russia,built_in_approx_russia_geometry,0,
training_2001_2025_v1_3.csv,csv,9089,64.94499846509949,170.1950002540598,5,Wildfire,High,,Not applicable,Asia,5,Not applicable,,Russia,built_in_approx_russia_geometry,0,
training_2001_2025_v1_3.csv,csv,9090,65.07499910103019,170.3649989973275,5,Wildfire,Low,,Not applicable,Asia,5,Not applicable,no imagery to confirm,Russia,built_in_approx_russia_geometry,0,
training_2001_2025_v1_3.csv,csv,9091,65.1149994549011,119.41500052302166,5,Wildfire,High,,Not applicable,Asia,5,Not applicable,,Russia,built_in_approx_russia_geometry,0,
training_2001_2025_v1_3.csv,csv,9092,65.1350007409986,57.15500044223081,8,Noise/non-forest,High,,Not applicable,Asia,5,Not applicable,,Russia,built_in_approx_russia_geometry,0,
training_2001_2025_v1_3.csv,csv,9093,65.23500056686437,41.03500009258198,2,Hard commodities,High,Logging,High,Asia,5,Mining,,Russia,built_in_approx_russia_geometry,0,
training_2001_2025_v1_3.csv,csv,9094,65.31499902716106,158.5150003717072,5,Wildfire,High,,Not applicable,Asia,5,Not applicable,,Russia,built_in_approx_russia_geometry,0,
training_2001_2025_v1_3.csv,csv,9095,65.34499984125694,168.65500061626818,5,Wildfire,High,,Not applicable,Asia,5,Not applicable,,Russia,built_in_approx_russia_geometry,0,
training_2001_2025_v1_3.csv,csv,9096,65.37499847647209,149.99500036586795,5,Wildfire,High,,Not applicable,Asia,5,Not applicable,,Russia,built_in_approx_russia_geometry,0,
training_2001_2025_v1_3.csv,csv,9097,65.48500004860193,41.405000671881055,2,Hard commodities,High,,Not applicable,Asia,5,Mining,,Russia,built_in_approx_russia_geometry,0,
training_2001_2025_v1_3.csv,csv,9098,65.48500003214,154.26499996958086,5,Wildfire,High,,Not applicable,Asia,5,Not applicable,,Russia,built_in_approx_russia_geometry,0,
training_2001_2025_v1_3.csv,csv,9099,65.5250003940919,41.35500075996545,2,Hard commodities,High,,Not applicable,Asia,5,Mining,diamond mining,Russia,built_in_approx_russia_geometry,0,
training_2001_2025_v1_3.csv,csv,9100,65.52500037704517,170.73499958375044,5,Wildfire,High,,Not applicable,Asia,5,Not applicable,,Russia,built_in_approx_russia_geometry,0,
training_2001_2025_v1_3.csv,csv,9101,65.69499916063333,153.9950013844605,5,Wildfire,High,,Not applicable,Asia,5,Not applicable,,Russia,built_in_approx_russia_geometry,0,
training_2001_2025_v1_3.csv,csv,9102,65.74499907982897,-170.6649984032603,7,Other natural disturbances,Low,,Not applicable,Asia,5,Not applicable,,Russia,built_in_approx_russia_geometry,0,
training_2001_2025_v1_3.csv,csv,9103,65.86500015128763,144.835000042962,5,Wildfire,High,,Not applicable,Asia,5,Not applicable,,Russia,built_in_approx_russia_geometry,0,
training_2001_2025_v1_3.csv,csv,9104,65.87499970702379,98.55500021274877,5,Wildfire,High,,Not applicable,Asia,5,Not applicable,,Russia,built_in_approx_russia_geometry,0,
training_2001_2025_v1_3.csv,csv,9105,65.87499971538361,131.90499825020373,5,Wildfire,High,,Not applicable,Asia,5,Not applicable,,Russia,built_in_approx_russia_geometry,0,
training_2001_2025_v1_3.csv,csv,9106,65.92499959036478,161.14500047577812,5,Wildfire,High,,Not applicable,Asia,5,Not applicable,,Russia,built_in_approx_russia_geometry,0,
training_2001_2025_v1_3.csv,csv,9107,65.95500043289036,111.52500016804264,8,Noise/non-forest,Medium,,Not applicable,Asia,5,Not applicable,,Russia,built_in_approx_russia_geometry,0,
training_2001_2025_v1_3.csv,csv,9108,65.96499996413571,81.12500073450438,2,Hard commodities,Medium,,Not applicable,Asia,5,Energy,,Russia,built_in_approx_russia_geometry,0,
training_2001_2025_v1_3.csv,csv,9109,65.9749995190983,90.48500162556245,5,Wildfire,High,,Not applicable,Asia,5,Not applicable,,Russia,built_in_approx_russia_geometry,0,
training_2001_2025_v1_3.csv,csv,9110,65.98499903783633,54.1750010388212,5,Wildfire,High,,Not applicable,Asia,5,Not applicable,,Russia,built_in_approx_russia_geometry,0,
training_2001_2025_v1_3.csv,csv,9111,66.02499938447696,111.70499842698544,2,Hard commodities,High,,Not applicable,Asia,5,Mining,,Russia,built_in_approx_russia_geometry,0,
training_2001_2025_v1_3.csv,csv,9112,66.24500029899082,118.33499955280776,5,Wildfire,High,,Not applicable,Asia,5,Not applicable,,Russia,built_in_approx_russia_geometry,0,
training_2001_2025_v1_3.csv,csv,9113,66.28499840254293,122.5249982797832,5,Wildfire,High,,Not applicable,Asia,5,Not applicable,,Russia,built_in_approx_russia_geometry,0,
training_2001_2025_v1_3.csv,csv,9114,66.45499942831708,36.80500092555841,5,Wildfire,Low,,Not applicable,Asia,5,Not applicable,,Russia,built_in_approx_russia_geometry,0,
training_2001_2025_v1_3.csv,csv,9115,66.54499968907179,141.9249996345212,5,Wildfire,Low,,Not applicable,Asia,5,Not applicable,no imagery to confirm fire,Russia,built_in_approx_russia_geometry,0,
training_2001_2025_v1_3.csv,csv,9116,66.74499927226131,79.5350012217425,6,Settlements & infrastructure,High,,Not applicable,Asia,5,Not applicable,,Russia,built_in_approx_russia_geometry,0,
training_2001_2025_v1_3.csv,csv,9117,66.96500020214478,86.01500027504947,5,Wildfire,High,,Not applicable,Asia,5,Not applicable,,Russia,built_in_approx_russia_geometry,0,
training_2001_2025_v1_3.csv,csv,9118,67.1149998660057,163.18499907083134,5,Wildfire,High,,Not applicable,Asia,5,Not applicable,,Russia,built_in_approx_russia_geometry,0,
training_2001_2025_v1_3.csv,csv,9119,67.14499845419657,103.32500090322134,5,Wildfire,Low,,Not applicable,Asia,5,Not applicable,,Russia,built_in_approx_russia_geometry,0,
training_2001_2025_v1_3.csv,csv,9120,67.53500037576063,136.08499959860632,5,Wildfire,High,,Not applicable,Asia,5,Not applicable,,Russia,built_in_approx_russia_geometry,0,
training_2001_2025_v1_3.csv,csv,9121,67.57499851542411,163.17500175550333,5,Wildfire,High,,Not applicable,Asia,5,Not applicable,,Russia,built_in_approx_russia_geometry,0,
training_2001_2025_v1_3.csv,csv,9122,67.58500024551773,163.12499964161628,5,Wildfire,High,,Not applicable,Asia,5,Not applicable,,Russia,built_in_approx_russia_geometry,0,
training_2001_2025_v1_3.csv,csv,9123,67.65499923764544,30.74500011416565,5,Wildfire,Medium,,Not applicable,Asia,5,Not applicable,"evidence of fire in 2012, 3 years later than event. unsure ",Russia,built_in_approx_russia_geometry,0,
training_2001_2025_v1_3.csv,csv,9124,67.73499995154629,144.80499924402443,5,Wildfire,High,,Not applicable,Asia,5,Not applicable,,Russia,built_in_approx_russia_geometry,0,
training_2001_2025_v1_3.csv,csv,9125,67.85499883040417,160.24500000226266,5,Wildfire,High,,Not applicable,Asia,5,Not applicable,,Russia,built_in_approx_russia_geometry,0,
training_2001_2025_v1_3.csv,csv,9126,67.90499871178844,151.09499822491767,5,Wildfire,High,,Not applicable,Asia,5,Not applicable,,Russia,built_in_approx_russia_geometry,0,
training_2001_2025_v1_3.csv,csv,9127,67.92500002013212,151.0850009414392,5,Wildfire,High,,Not applicable,Asia,5,Not applicable,,Russia,built_in_approx_russia_geometry,0,
training_2001_2025_v1_3.csv,csv,9128,67.99499900531212,124.52499876686348,5,Wildfire,High,,Not applicable,Asia,5,Not applicable,,Russia,built_in_approx_russia_geometry,0,
training_2001_2025_v1_3.csv,csv,9129,68.04499889634464,156.53499893411535,5,Wildfire,Low,,Not applicable,Asia,5,Not applicable,,Russia,built_in_approx_russia_geometry,0,
training_2001_2025_v1_3.csv,csv,9130,68.05499838834008,121.36499873471244,5,Wildfire,Low,,Not applicable,Asia,5,Not applicable,no imagery to confirm,Russia,built_in_approx_russia_geometry,0,
training_2001_2025_v1_3.csv,csv,9131,68.06500017557694,166.45500056885132,6,Settlements & infrastructure,High,,Not applicable,Asia,5,Not applicable,,Russia,built_in_approx_russia_geometry,0,
training_2001_2025_v1_3.csv,csv,9132,68.10500053737984,148.8449982567673,5,Wildfire,High,,Not applicable,Asia,5,Not applicable,,Russia,built_in_approx_russia_geometry,0,
training_2001_2025_v1_3.csv,csv,9133,68.11500007457298,124.66500105512633,5,Wildfire,High,,Not applicable,Asia,5,Not applicable,,Russia,built_in_approx_russia_geometry,0,
training_2001_2025_v1_3.csv,csv,9134,68.17499951936134,162.2950003858815,5,Wildfire,High,,Not applicable,Asia,5,Not applicable,,Russia,built_in_approx_russia_geometry,0,
training_2001_2025_v1_3.csv,csv,9135,68.17499950157011,162.60499938862716,5,Wildfire,High,,Not applicable,Asia,5,Not applicable,,Russia,built_in_approx_russia_geometry,0,
training_2001_2025_v1_3.csv,csv,9136,68.94499930443466,134.2250016429334,5,Wildfire,High,,Not applicable,Asia,5,Not applicable,,Russia,built_in_approx_russia_geometry,0,
training_2001_2025_v1_3.csv,csv,9137,69.02500002509173,135.69500005003505,5,Wildfire,High,,Not applicable,Asia,5,Not applicable,,Russia,built_in_approx_russia_geometry,0,
training_2001_2025_v1_3.csv,csv,9138,69.05500086079257,134.8149986270969,5,Wildfire,High,,Not applicable,Asia,5,Not applicable,,Russia,built_in_approx_russia_geometry,0,
training_2001_2025_v1_3.csv,csv,9139,69.2349991861406,147.87500107418134,5,Wildfire,High,,Not applicable,Asia,5,Not applicable,,Russia,built_in_approx_russia_geometry,0,
training_2001_2025_v1_3.csv,csv,9140,69.26499999305312,151.1150016879437,5,Wildfire,High,,Not applicable,Asia,5,Not applicable,,Russia,built_in_approx_russia_geometry,0,
training_2001_2025_v1_3.csv,csv,9141,69.43500097819549,139.4649983061357,5,Wildfire,High,,Not applicable,Asia,5,Not applicable,,Russia,built_in_approx_russia_geometry,0,
training_2001_2025_v1_3.csv,csv,9142,72.00499934644397,97.57499901843946,7,Other natural disturbances,Low,,Not applicable,Asia,5,Not applicable,possibly flood dynamics,Russia,built_in_approx_russia_geometry,0,
training_2001_2025_v1_3.csv,csv,9143,72.01499887716874,123.42500088429472,5,Wildfire,Low,,Not applicable,Asia,5,Not applicable,,Russia,built_in_approx_russia_geometry,0,
training_2001_2025_v1_3.csv,csv,9144,72.01499889536377,126.94499964502911,7,Other natural disturbances,High,,Not applicable,Asia,5,Not applicable,meandering,Russia,built_in_approx_russia_geometry,0,
training_2001_2025_v1_3.csv,csv,9145,72.0449997520403,143.295000459695,7,Other natural disturbances,High,,Not applicable,Asia,5,Not applicable,water dynamics,Russia,built_in_approx_russia_geometry,0,
training_2001_2025_v1_3.csv,csv,9146,72.18499987458425,117.79500007510478,5,Wildfire,Medium,,Not applicable,Asia,5,Not applicable,,Russia,built_in_approx_russia_geometry,0,
training_2001_2025_v1_3.csv,csv,9147,72.21500072286038,117.7850005805949,5,Wildfire,Medium,,Not applicable,Asia,5,Not applicable,,Russia,built_in_approx_russia_geometry,0,
training_2001_2025_v1_3.csv,csv,9148,72.23499975628765,104.15500020387972,8,Noise/non-forest,Medium,,Not applicable,Asia,5,Not applicable,,Russia,built_in_approx_russia_geometry,0,
training_2001_2025_v1_3.csv,csv,9149,72.23499977969908,145.58499852593266,8,Noise/non-forest,Medium,,Not applicable,Asia,5,Not applicable,,Russia,built_in_approx_russia_geometry,0,
training_2001_2025_v1_3.csv,csv,9150,72.31500051557606,104.02499956896855,8,Noise/non-forest,Medium,,Not applicable,Asia,5,Not applicable,,Russia,built_in_approx_russia_geometry,0,
training_2001_2025_v1_3.csv,csv,9151,72.32500004787036,103.95500049632147,8,Noise/non-forest,Medium,,Not applicable,Asia,5,Not applicable,,Russia,built_in_approx_russia_geometry,0,
training_2001_2025_v1_3.csv,csv,9152,72.33499960723249,104.1949983309187,8,Noise/non-forest,Medium,,Not applicable,Asia,5,Not applicable,,Russia,built_in_approx_russia_geometry,0,
training_2001_2025_v1_3.csv,csv,9153,72.33499958484002,143.52500088798152,8,Noise/non-forest,High,,Not applicable,Asia,5,Not applicable,,Russia,built_in_approx_russia_geometry,0,
training_2001_2025_v1_3.csv,csv,9154,72.36500041659761,106.53500072811332,5,Wildfire,Low,,Not applicable,Asia,5,Not applicable,,Russia,built_in_approx_russia_geometry,0,
training_2001_2025_v1_3.csv,csv,9155,72.36500036914579,106.54500028465186,5,Wildfire,Low,,Not applicable,Asia,5,Not applicable,,Russia,built_in_approx_russia_geometry,0,
training_2001_2025_v1_3.csv,csv,9156,72.37499992777184,144.62499871024647,8,Noise/non-forest,High,,Not applicable,Asia,5,Not applicable,,Russia,built_in_approx_russia_geometry,0,
training_2001_2025_v1_3.csv,csv,9157,72.3949990111857,117.5550001520443,5,Wildfire,High,,Not applicable,Asia,5,Not applicable,,Russia,built_in_approx_russia_geometry,0,
training_2001_2025_v1_3.csv,csv,9158,72.3949990356852,117.57499924780753,5,Wildfire,High,,Not applicable,Asia,5,Not applicable,,Russia,built_in_approx_russia_geometry,0,
training_2001_2025_v1_3.csv,csv,9159,72.39499903607404,117.61499962131968,5,Wildfire,High,,Not applicable,Asia,5,Not applicable,,Russia,built_in_approx_russia_geometry,0,
training_2001_2025_v1_3.csv,csv,9160,72.40499853775206,140.9550002795167,8,Noise/non-forest,High,,Not applicable,Asia,5,Not applicable,,Russia,built_in_approx_russia_geometry,0,
training_2001_2025_v1_3.csv,csv,9161,72.40499854722809,142.84500138284994,8,Noise/non-forest,Medium,,Not applicable,Asia,5,Not applicable,,Russia,built_in_approx_russia_geometry,0,
training_2001_2025_v1_3.csv,csv,9162,72.41500033835852,144.13500147156518,8,Noise/non-forest,Medium,,Not applicable,Asia,5,Not applicable,,Russia,built_in_approx_russia_geometry,0,
training_2001_2025_v1_3.csv,csv,9163,72.43499936409151,144.17499963495496,8,Noise/non-forest,Medium,,Not applicable,Asia,5,Not applicable,,Russia,built_in_approx_russia_geometry,0,
training_2001_2025_v1_3.csv,csv,9164,72.4849992600729,144.05500071731402,8,Noise/non-forest,Medium,,Not applicable,Asia,5,Not applicable,,Russia,built_in_approx_russia_geometry,0,
training_2001_2025_v1_3.csv,csv,9165,72.49499879185461,143.88499974628056,8,Noise/non-forest,High,,Not applicable,Asia,5,Not applicable,,Russia,built_in_approx_russia_geometry,0,
training_2001_2025_v1_3.csv,csv,9166,72.52499966037327,144.33500101088188,8,Noise/non-forest,High,,Not applicable,Asia,5,Not applicable,,Russia,built_in_approx_russia_geometry,0,
training_2001_2025_v1_3.csv,csv,9167,72.53499918113467,144.14499876605697,8,Noise/non-forest,High,,Not applicable,Asia,5,Not applicable,,Russia,built_in_approx_russia_geometry,0,
training_2001_2025_v1_3.csv,csv,9168,72.54500092924309,143.67500052530607,8,Noise/non-forest,High,,Not applicable,Asia,5,Not applicable,,Russia,built_in_approx_russia_geometry,0,
training_2001_2025_v1_3.csv,csv,9169,72.5450009197654,143.6850000395181,8,Noise/non-forest,High,,Not applicable,Asia,5,Not applicable,,Russia,built_in_approx_russia_geometry,0,
training_2001_2025_v1_3.csv,csv,9170,72.54500093548958,144.30500022180428,8,Noise/non-forest,High,,Not applicable,Asia,5,Not applicable,,Russia,built_in_approx_russia_geometry,0,
training_2001_2025_v1_3.csv,csv,9171,72.5550004738164,143.74499949594585,8,Noise/non-forest,High,,Not applicable,Asia,5,Not applicable,,Russia,built_in_approx_russia_geometry,0,
training_2001_2025_v1_3.csv,csv,9172,72.5749995420333,144.29499849983844,8,Noise/non-forest,High,,Not applicable,Asia,5,Not applicable,,Russia,built_in_approx_russia_geometry,0,
training_2001_2025_v1_3.csv,csv,9173,72.58499904510855,141.15499987714077,8,Noise/non-forest,High,,Not applicable,Asia,5,Not applicable,,Russia,built_in_approx_russia_geometry,0,
training_2001_2025_v1_3.csv,csv,9174,72.59500087523759,144.28500112613526,8,Noise/non-forest,High,,Not applicable,Asia,5,Not applicable,,Russia,built_in_approx_russia_geometry,0,
training_2001_2025_v1_3.csv,csv,9175,72.664999787865,121.19500001626707,5,Wildfire,High,,Not applicable,Asia,5,Not applicable,,Russia,built_in_approx_russia_geometry,0,
training_2001_2025_v1_3.csv,csv,9176,72.67499933611566,114.304999949176,8,Noise/non-forest,High,,Not applicable,Asia,5,Not applicable,,Russia,built_in_approx_russia_geometry,0,
training_2001_2025_v1_3.csv,csv,9177,72.72499923026858,127.05499907765464,8,Noise/non-forest,High,,Not applicable,Asia,5,Not applicable,,Russia,built_in_approx_russia_geometry,0,
training_2001_2025_v1_3.csv,csv,9178,72.75500005060923,121.64499907790452,8,Noise/non-forest,High,,Not applicable,Asia,5,Not applicable,,Russia,built_in_approx_russia_geometry,0,
training_2001_2025_v1_3.csv,csv,9179,72.7849986493527,94.0550002875014,8,Noise/non-forest,Medium,,Not applicable,Asia,5,Not applicable,,Russia,built_in_approx_russia_geometry,0,
training_2001_2025_v1_3.csv,csv,9180,72.89500021588663,94.97499976123788,8,Noise/non-forest,Medium,,Not applicable,Asia,5,Not applicable,,Russia,built_in_approx_russia_geometry,0,
training_2001_2025_v1_3.csv,csv,9181,72.97499870923413,119.76499973065404,8,Noise/non-forest,Medium,,Not applicable,Asia,5,Not applicable,,Russia,built_in_approx_russia_geometry,0,
training_2001_2025_v1_3.csv,csv,9182,73.0350004139603,122.47499838515006,8,Noise/non-forest,High,,Not applicable,Asia,5,Not applicable,,Russia,built_in_approx_russia_geometry,0,
training_2001_2025_v1_3.csv,csv,9183,73.04499993130521,129.3049989708585,8,Noise/non-forest,High,,Not applicable,Asia,5,Not applicable,,Russia,built_in_approx_russia_geometry,0,
training_2001_2025_v1_3.csv,csv,9184,73.09499981160661,129.20499919540308,8,Noise/non-forest,High,,Not applicable,Asia,5,Not applicable,,Russia,built_in_approx_russia_geometry,0,
training_2001_2025_v1_3.csv,csv,9185,73.85500003265982,98.2049986839258,8,Noise/non-forest,High,,Not applicable,Asia,5,Not applicable,,Russia,built_in_approx_russia_geometry,0,
training_2001_2025_v1_3.csv,csv,9186,73.9649994367952,96.85500139405204,8,Noise/non-forest,High,,Not applicable,Asia,5,Not applicable,,Russia,built_in_approx_russia_geometry,0,
training_2001_2025_v1_3.csv,csv,9187,73.97499888014323,96.73500029197562,8,Noise/non-forest,High,,Not applicable,Asia,5,Not applicable,,Russia,built_in_approx_russia_geometry,0,
training_2001_2025_v1_3.csv,csv,9188,73.98500070490158,96.64500001310752,8,Noise/non-forest,High,,Not applicable,Asia,5,Not applicable,,Russia,built_in_approx_russia_geometry,0,
training_2001_2025_v1_3.csv,csv,9189,74.47500014405824,106.66500139424842,8,Noise/non-forest,High,,Not applicable,Asia,5,Not applicable,,Russia,built_in_approx_russia_geometry,0,
training_2001_2025_v1_3.csv,csv,9190,74.82499944058351,109.96499923619834,8,Noise/non-forest,High,,Not applicable,Asia,5,Not applicable,,Russia,built_in_approx_russia_geometry,0,
training_2001_2025_v1_3.csv,csv,9191,74.89500059966143,110.00499965441487,8,Noise/non-forest,High,,Not applicable,Asia,5,Not applicable,,Russia,built_in_approx_russia_geometry,0,
training_2001_2025_v1_3.csv,csv,9192,74.90500013523173,109.13499997376684,8,Noise/non-forest,High,,Not applicable,Asia,5,Not applicable,,Russia,built_in_approx_russia_geometry,0,
training_2001_2025_v1_3.csv,csv,9193,74.98499865996929,111.2850001432243,8,Noise/non-forest,High,,Not applicable,Asia,5,Not applicable,,Russia,built_in_approx_russia_geometry,0,
training_2001_2025_v1_3.csv,csv,9194,75.00499997062077,107.83500044047835,8,Noise/non-forest,High,,Not applicable,Asia,5,Not applicable,,Russia,built_in_approx_russia_geometry,0,
training_2001_2025_v1_3.csv,csv,9195,57.76499864367359,95.32500131512596,7,Other natural disturbances,Medium,,Not applicable,Asia,5,Not applicable,early imagery before loss year looks like a natural disturbance; disease or insect and then tree mortality,Russia,built_in_approx_russia_geometry,1,
training_2001_2025_v1_3.csv,csv,9196,57.94499916370541,65.36499918883224,4,Logging,High,,Not applicable,Asia,5,Not applicable,,Russia,built_in_approx_russia_geometry,1,
training_2001_2025_v1_3.csv,csv,9217,57.22499926635712,65.07499933289071,6,Settlements & infrastructure,High,Logging,High,Asia,5,Not applicable,,Russia,built_in_approx_russia_geometry,1,
training_2001_2025_v1_3.csv,csv,9219,55.454999244867935,115.23499897439808,5,Wildfire,High,Commodity-driven deforestation,Medium,Asia,5,Mining,,Russia,built_in_approx_russia_geometry,1,
training_2001_2025_v1_3.csv,csv,9235,62.56500012688828,33.99500033066924,4,Logging,High,,Not applicable,Asia,5,Not applicable,,Russia,built_in_approx_russia_geometry,1,
training_2001_2025_v1_3.csv,csv,9252,53.81499984485103,136.15500093052862,7,Other natural disturbances,Low,,Not applicable,Asia,5,Not applicable,Maybe flooding but not enough imagery to confirm,Russia,built_in_approx_russia_geometry,1,
training_2001_2025_v1_3.csv,csv,9253,60.065000701237885,46.44500000943355,4,Logging,High,,Not applicable,Asia,5,Not applicable,,Russia,built_in_approx_russia_geometry,1,
training_2001_2025_v1_3.csv,csv,9258,59.52499908019031,31.745000328585004,4,Logging,High,,Not applicable,Asia,5,Not applicable,,Russia,built_in_approx_russia_geometry,1,
training_2001_2025_v1_3.csv,csv,9263,55.594999417500205,80.76499962678032,7,Other natural disturbances,Low,,Not applicable,Asia,5,Not applicable,not enough high res imagery to confirm driver,Russia,built_in_approx_russia_geometry,1,
training_2001_2025_v1_3.csv,csv,9266,55.82499982483875,39.76499905647786,7,Other natural disturbances,Medium,,Not applicable,Asia,5,Not applicable,,Russia,built_in_approx_russia_geometry,1,
training_2001_2025_v1_3.csv,csv,9267,58.00500081569637,104.30499986052332,4,Logging,High,Wildfire,High,Asia,5,Not applicable,,Russia,built_in_approx_russia_geometry,1,
training_2001_2025_v1_3.csv,csv,9268,54.344999670640235,110.83499886423492,4,Logging,Medium,,Not applicable,Asia,5,Not applicable,,Russia,built_in_approx_russia_geometry,1,
training_2001_2025_v1_3.csv,csv,9269,57.575000773350425,42.32500017087726,5,Wildfire,Low,Logging,High,Asia,5,Not applicable,hard to confirm if early loss is wildfire,Russia,built_in_approx_russia_geometry,1,
training_2001_2025_v1_3.csv,csv,9271,56.385000499996735,101.3449995108073,5,Wildfire,Medium,,Not applicable,Asia,5,Not applicable,,Russia,built_in_approx_russia_geometry,1,
training_2001_2025_v1_3.csv,csv,9276,48.74499977764198,138.365000455407,4,Logging,Medium,Wildfire,Medium,Asia,5,Not applicable,,Russia,built_in_approx_russia_geometry,1,
training_2001_2025_v1_3.csv,csv,9277,59.564999510035534,84.72500018120489,5,Wildfire,High,,Not applicable,Asia,5,Not applicable,,Russia,built_in_approx_russia_geometry,1,
training_2001_2025_v1_3.csv,csv,9278,58.975000213655946,82.94500060137356,5,Wildfire,High,,Not applicable,Asia,5,Not applicable,,Russia,built_in_approx_russia_geometry,1,
training_2001_2025_v1_3.csv,csv,9279,62.79500057435913,92.96499976691896,7,Other natural disturbances,Medium,,Not applicable,Asia,5,Not applicable,,Russia,built_in_approx_russia_geometry,1,
training_2001_2025_v1_3.csv,csv,9280,55.19500020117509,113.10500012520173,5,Wildfire,Low,,Not applicable,Asia,5,Not applicable,,Russia,built_in_approx_russia_geometry,1,
training_2001_2025_v1_3.csv,csv,9283,64.04500027478267,32.695000617669656,4,Logging,Medium,Wildfire,Medium,Asia,5,Not applicable,,Russia,built_in_approx_russia_geometry,1,
training_2001_2025_v1_3.csv,csv,9284,58.45499993693296,78.64500030421411,7,Other natural disturbances,Medium,,Not applicable,Asia,5,Not applicable,disease or insects,Russia,built_in_approx_russia_geometry,1,
training_2001_2025_v1_3.csv,csv,9285,59.91499875853576,150.13500063718143,7,Other natural disturbances,Low,,Not applicable,Asia,5,Not applicable,,Russia,built_in_approx_russia_geometry,1,
training_2001_2025_v1_3.csv,csv,9287,57.53500042859937,83.7049986391298,7,Other natural disturbances,Low,,Not applicable,Asia,5,Not applicable,,Russia,built_in_approx_russia_geometry,1,
training_2001_2025_v1_3.csv,csv,9289,57.19500066237216,60.514999956487294,4,Logging,High,,Not applicable,Asia,5,Not applicable,,Russia,built_in_approx_russia_geometry,1,
training_2001_2025_v1_3.csv,csv,9290,49.4149997625097,131.26499904357271,7,Other natural disturbances,Low,,Not applicable,Asia,5,Not applicable,,Russia,built_in_approx_russia_geometry,1,
training_2001_2025_v1_3.csv,csv,9292,52.5749996603074,122.34499997147066,4,Logging,Medium,,Not applicable,Asia,5,Not applicable,,Russia,built_in_approx_russia_geometry,1,
training_2001_2025_v1_3.csv,csv,9293,58.18499912645557,102.7949988474852,4,Logging,High,,Not applicable,Asia,5,Not applicable,,Russia,built_in_approx_russia_geometry,1,
training_2001_2025_v1_3.csv,csv,9295,65.48500004303955,52.085000294388045,7,Other natural disturbances,Medium,,Not applicable,Asia,5,Not applicable,flooding,Russia,built_in_approx_russia_geometry,1,
training_2001_2025_v1_3.csv,csv,9296,58.024999853668774,107.80499957027897,5,Wildfire,High,Logging,High,Asia,5,Not applicable,,Russia,built_in_approx_russia_geometry,1,
training_2001_2025_v1_3.csv,csv,9301,66.23499854811905,57.4149994136197,5,Wildfire,High,,Not applicable,Asia,5,Not applicable,,Russia,built_in_approx_russia_geometry,1,
training_2001_2025_v1_3.csv,csv,9302,51.65500020317528,124.19500070447523,4,Logging,Medium,,Not applicable,Asia,5,Not applicable,,Russia,built_in_approx_russia_geometry,1,
training_2001_2025_v1_3.csv,csv,9303,52.165000930382014,138.05499929821158,4,Logging,High,Wildfire,High,Asia,5,Not applicable,,Russia,built_in_approx_russia_geometry,1,
training_2001_2025_v1_3.csv,csv,9304,61.994999952891646,63.024998938254996,4,Logging,High,Other natural disturbances,Low,Asia,5,Not applicable,possibly salvage logging,Russia,built_in_approx_russia_geometry,1,
training_2001_2025_v1_3.csv,csv,9305,51.21500061994277,107.22499983968808,4,Logging,High,,Not applicable,Asia,5,Not applicable,,Russia,built_in_approx_russia_geometry,1,
training_2001_2025_v1_3.csv,csv,9306,55.65500108419908,106.6949999992984,5,Wildfire,Medium,Commodity-driven deforestation,High,Asia,5,Mining,fire and geological exploration,Russia,built_in_approx_russia_geometry,1,
training_2001_2025_v1_3.csv,csv,9307,68.50499977267398,161.82499999126784,7,Other natural disturbances,Low,,Not applicable,Asia,5,Not applicable,,Russia,built_in_approx_russia_geometry,1,
training_2001_2025_v1_3.csv,csv,9324,61.66499970367543,31.724998975258032,4,Logging,High,Settlements & infrastructure,High,Asia,5,Not applicable,,Russia,built_in_approx_russia_geometry,1,
training_2001_2025_v1_3.csv,csv,9325,58.0550007034866,56.23500090921122,6,Settlements & infrastructure,High,,Not applicable,Asia,5,Not applicable,,Russia,built_in_approx_russia_geometry,1,
training_2001_2025_v1_3.csv,csv,9329,56.995001058952234,80.2750001965196,7,Other natural disturbances,High,Wildfire,Low,Asia,5,Not applicable,Looks like bark beetle or some other disease,Russia,built_in_approx_russia_geometry,1,
training_2001_2025_v1_3.csv,csv,9330,59.22499968912623,46.75500111452072,4,Logging,High,,Not applicable,Asia,5,Not applicable,,Russia,built_in_approx_russia_geometry,1,
training_2001_2025_v1_3.csv,csv,9331,56.12499926091893,65.35499960698989,4,Logging,Low,,Not applicable,Asia,5,Not applicable,not good satellite imagery to verify,Russia,built_in_approx_russia_geometry,1,
training_2001_2025_v1_3.csv,csv,9332,55.815000312128674,104.28500077507904,4,Logging,High,Wildfire,High,Asia,5,Not applicable,,Russia,built_in_approx_russia_geometry,1,
training_2001_2025_v1_3.csv,csv,9333,59.02500010238763,108.06500078792894,5,Wildfire,High,,Not applicable,Asia,5,Not applicable,,Russia,built_in_approx_russia_geometry,1,
training_2001_2025_v1_3.csv,csv,9334,65.28500044164616,43.504998722755275,4,Logging,High,,Not applicable,Asia,5,Not applicable,,Russia,built_in_approx_russia_geometry,1,
training_2001_2025_v1_3.csv,csv,9337,54.9050003371917,43.525000023999226,4,Logging,High,Wildfire,High,Asia,5,Not applicable,,Russia,built_in_approx_russia_geometry,1,
training_2001_2025_v1_3.csv,csv,9338,52.3049988867411,108.80499981636314,4,Logging,High,,Not applicable,Asia,5,Not applicable,,Russia,built_in_approx_russia_geometry,1,
training_2001_2025_v1_3.csv,csv,9339,63.204999286112795,33.03500047802643,4,Logging,High,,Not applicable,Asia,5,Not applicable,logging road,Russia,built_in_approx_russia_geometry,1,
training_2001_2025_v1_3.csv,csv,9340,57.53500040993778,34.73499926585427,4,Logging,High,,Not applicable,Asia,5,Not applicable,,Russia,built_in_approx_russia_geometry,1,
training_2001_2025_v1_3.csv,csv,9359,43.294999551428575,132.27499881025196,6,Settlements & infrastructure,High,,Not applicable,Asia,5,Not applicable,,Russia,built_in_approx_russia_geometry,1,
training_2001_2025_v1_3.csv,csv,9361,55.83499936653111,103.65499889775262,4,Logging,High,,Not applicable,Asia,5,Not applicable,,Russia,built_in_approx_russia_geometry,1,
training_2001_2025_v1_3.csv,csv,9363,66.57500047674016,66.73500007908208,2,Hard commodities,Medium,,Not applicable,Asia,5,Mining,,Russia,built_in_approx_russia_geometry,1,
training_2001_2025_v1_3.csv,csv,9365,52.225000361033686,142.44499993122952,6,Settlements & infrastructure,High,,Not applicable,Asia,5,Not applicable,road to connect cities,Russia,built_in_approx_russia_geometry,1,
training_2001_2025_v1_3.csv,csv,9379,53.78499904495912,46.19500044612811,4,Logging,High,,Not applicable,Asia,5,Not applicable,,Russia,built_in_approx_russia_geometry,1,
training_2001_2025_v1_3.csv,csv,9380,61.27500004333263,37.264999532448904,4,Logging,High,Other natural disturbances,Medium,Asia,5,Not applicable,,Russia,built_in_approx_russia_geometry,1,
training_2001_2025_v1_3.csv,csv,9382,52.42499997928686,104.71500085687867,4,Logging,Low,Wildfire,Low,Asia,5,Not applicable,"could also be natural disturbance, hard to tell with available imagery",Russia,built_in_approx_russia_geometry,1,
training_2001_2025_v1_3.csv,csv,9383,55.38500027789819,98.72499897048796,4,Logging,High,,Not applicable,Asia,5,Not applicable,,Russia,built_in_approx_russia_geometry,1,
training_2001_2025_v1_3.csv,csv,9384,48.48500071845503,137.47499960129323,4,Logging,Medium,,Not applicable,Asia,5,Not applicable,,Russia,built_in_approx_russia_geometry,1,
training_2001_2025_v1_3.csv,csv,9385,54.10499971667122,124.654999336236,4,Logging,Low,,Not applicable,Asia,5,Not applicable,,Russia,built_in_approx_russia_geometry,1,
training_2001_2025_v1_3.csv,csv,9387,48.98499973009336,131.10499984728372,5,Wildfire,Medium,Commodity-driven deforestation,High,Asia,5,Energy,power lines,Russia,built_in_approx_russia_geometry,1,
training_2001_2025_v1_3.csv,csv,9388,60.01499632041874,118.83499849651643,5,Wildfire,High,Logging,High,Asia,5,Not applicable,,Russia,built_in_approx_russia_geometry,1,
training_2001_2025_v1_3.csv,csv,9389,58.18499913018203,100.35500107360828,4,Logging,High,,Not applicable,Asia,5,Not applicable,,Russia,built_in_approx_russia_geometry,1,
training_2001_2025_v1_3.csv,csv,9390,48.804999193101445,139.72499955875762,4,Logging,High,Wildfire,High,Asia,5,Not applicable,,Russia,built_in_approx_russia_geometry,1,
training_2001_2025_v1_3.csv,csv,9393,51.94500006161051,114.16499981782574,5,Wildfire,High,Logging,High,Asia,5,Not applicable,,Russia,built_in_approx_russia_geometry,1,
training_2001_2025_v1_3.csv,csv,9395,59.26500007077558,98.38499922422014,4,Logging,High,Wildfire,High,Asia,5,Not applicable,,Russia,built_in_approx_russia_geometry,1,
training_2001_2025_v1_3.csv,csv,9398,56.74499932437923,101.55499865558936,4,Logging,High,Wildfire,High,Asia,5,Not applicable,,Russia,built_in_approx_russia_geometry,1,
training_2001_2025_v1_3.csv,csv,9399,47.984999482651865,138.59499870083502,7,Other natural disturbances,Low,,Not applicable,Asia,5,Not applicable,,Russia,built_in_approx_russia_geometry,1,
training_2001_2025_v1_3.csv,csv,9402,52.01499901231438,114.3249968050884,5,Wildfire,High,Logging,High,Asia,5,Not applicable,,Russia,built_in_approx_russia_geometry,1,
training_2001_2025_v1_3.csv,csv,9408,53.594998962891985,104.78499980463008,4,Logging,High,,Not applicable,Asia,5,Not applicable,,Russia,built_in_approx_russia_geometry,1,
training_2001_2025_v1_3.csv,csv,9409,50.61499960064597,110.70500044215976,4,Logging,High,,Not applicable,Asia,5,Not applicable,,Russia,built_in_approx_russia_geometry,1,
training_2001_2025_v1_3.csv,csv,9410,52.45499859073653,109.97499880726389,4,Logging,High,,Not applicable,Asia,5,Not applicable,,Russia,built_in_approx_russia_geometry,1,
training_2001_2025_v1_3.csv,csv,9414,44.41499864538245,133.2549999928335,7,Other natural disturbances,Medium,,Not applicable,Asia,5,Not applicable,"Looks like disease, insect, or storm damage",Russia,built_in_approx_russia_geometry,1,
training_2001_2025_v1_3.csv,csv,9421,65.63499976006597,154.77500072238897,5,Wildfire,High,,Not applicable,Asia,5,Not applicable,,Russia,built_in_approx_russia_geometry,1,
training_2001_2025_v1_3.csv,csv,9431,52.874999080759906,133.5649988903454,4,Logging,High,,Not applicable,Asia,5,Not applicable,,Russia,built_in_approx_russia_geometry,1,
training_2001_2025_v1_3.csv,csv,9432,52.6749994807058,122.58499992517038,4,Logging,High,,Not applicable,Asia,5,Not applicable,,Russia,built_in_approx_russia_geometry,1,
training_2001_2025_v1_3.csv,csv,9441,52.4749998551812,49.58500081685007,2,Hard commodities,High,,Not applicable,Asia,5,Mining,,Russia,built_in_approx_russia_geometry,1,
training_2001_2025_v1_3.csv,csv,9442,60.83500047207586,30.364999999065393,2,Hard commodities,High,,Not applicable,Asia,5,Energy,power lines,Russia,built_in_approx_russia_geometry,1,
training_2001_2025_v1_3.csv,csv,9443,45.15499983601914,127.44499864876528,1,Permanent agriculture,High,,Not applicable,Asia,5,Agriculture,,Russia,built_in_approx_russia_geometry,1,
training_2001_2025_v1_3.csv,csv,9447,58.9449993899075,91.83500115056567,7,Other natural disturbances,High,,Not applicable,Asia,5,Not applicable,,Russia,built_in_approx_russia_geometry,1,
training_2001_2025_v1_3.csv,csv,9448,59.83500025787064,89.79500033334335,7,Other natural disturbances,High,,Not applicable,Asia,5,Not applicable,,Russia,built_in_approx_russia_geometry,1,
training_2001_2025_v1_3.csv,csv,9449,56.345000126896934,101.60500077155427,5,Wildfire,High,,Not applicable,Asia,5,Not applicable,,Russia,built_in_approx_russia_geometry,1,
training_2001_2025_v1_3.csv,csv,9450,57.17499937241738,56.70499907619595,2,Hard commodities,High,Wildfire,High,Asia,5,Energy,,Russia,built_in_approx_russia_geometry,1,
training_2001_2025_v1_3.csv,csv,9451,50.48499895804708,111.72499974435348,7,Other natural disturbances,Medium,,Not applicable,Asia,5,Not applicable,,Russia,built_in_approx_russia_geometry,1,
training_2001_2025_v1_3.csv,csv,9452,59.30500043784517,61.25499892778846,5,Wildfire,Medium,Logging,Medium,Asia,5,Not applicable,,Russia,built_in_approx_russia_geometry,1,
training_2001_2025_v1_3.csv,csv,9454,56.09500062302862,100.12500061486064,7,Other natural disturbances,Medium,Logging,Medium,Asia,5,Not applicable,,Russia,built_in_approx_russia_geometry,1,
training_2001_2025_v1_3.csv,csv,9455,63.84500066804164,121.45499905111006,5,Wildfire,High,,Not applicable,Asia,5,Not applicable,,Russia,built_in_approx_russia_geometry,1,
training_2001_2025_v1_3.csv,csv,9456,58.094998851493536,118.30500082786382,7,Other natural disturbances,Medium,,Not applicable,Asia,5,Not applicable,,Russia,built_in_approx_russia_geometry,1,
training_2001_2025_v1_3.csv,csv,9457,58.95499892581834,51.444998930778375,4,Logging,High,,Not applicable,Asia,5,Not applicable,,Russia,built_in_approx_russia_geometry,1,
training_2001_2025_v1_3.csv,csv,9458,67.66500099993473,34.21500121785372,2,Hard commodities,High,,Not applicable,Asia,5,Mining,part of mine,Russia,built_in_approx_russia_geometry,1,
training_2001_2025_v1_3.csv,csv,9459,64.98500103283186,43.425000161421785,5,Wildfire,High,,Not applicable,Asia,5,Not applicable,,Russia,built_in_approx_russia_geometry,1,
training_2001_2025_v1_3.csv,csv,9460,64.624997765662,47.29500044954406,4,Logging,High,,Not applicable,Asia,5,Not applicable,,Russia,built_in_approx_russia_geometry,1,
training_2001_2025_v1_3.csv,csv,9461,64.06499932826353,54.54499943232308,2,Hard commodities,High,,Not applicable,Asia,5,Energy,oil drilling,Russia,built_in_approx_russia_geometry,1,
training_2001_2025_v1_3.csv,csv,9462,63.444999255893734,45.415001130194995,7,Other natural disturbances,Medium,,Not applicable,Asia,5,Not applicable,,Russia,built_in_approx_russia_geometry,1,
training_2001_2025_v1_3.csv,csv,9463,63.55499858563431,128.14499950378436,5,Wildfire,High,,Not applicable,Asia,5,Not applicable,,Russia,built_in_approx_russia_geometry,1,
training_2001_2025_v1_3.csv,csv,9464,63.434999697068726,142.9249998782958,7,Other natural disturbances,Medium,Wildfire,High,Asia,5,Not applicable,,Russia,built_in_approx_russia_geometry,1,
training_2001_2025_v1_3.csv,csv,9465,63.354998997802184,53.605000787235554,2,Hard commodities,High,,Not applicable,Asia,5,Energy,Oil drilling,Russia,built_in_approx_russia_geometry,1,
training_2001_2025_v1_3.csv,csv,9466,63.35499897396904,167.3250001618249,5,Wildfire,Low,,Not applicable,Asia,5,Not applicable,,Russia,built_in_approx_russia_geometry,1,
training_2001_2025_v1_3.csv,csv,9467,62.1649986794016,67.38500089117012,2,Hard commodities,High,,Not applicable,Asia,5,Energy,,Russia,built_in_approx_russia_geometry,1,
training_2001_2025_v1_3.csv,csv,9468,62.50500071386068,152.03500126524432,7,Other natural disturbances,High,,Not applicable,Asia,5,Not applicable,river fluctuations,Russia,built_in_approx_russia_geometry,1,
training_2001_2025_v1_3.csv,csv,9469,62.00499948533377,33.204999220833564,5,Wildfire,High,Logging,High,Asia,5,Not applicable,,Russia,built_in_approx_russia_geometry,1,
training_2001_2025_v1_3.csv,csv,9470,61.76499948220418,130.26500107577766,2,Hard commodities,High,,Not applicable,Asia,5,Energy,power lines,Russia,built_in_approx_russia_geometry,1,
training_2001_2025_v1_3.csv,csv,9471,61.175000245470386,76.0550006017758,2,Hard commodities,High,,Not applicable,Asia,5,Energy,,Russia,built_in_approx_russia_geometry,1,
training_2001_2025_v1_3.csv,csv,9472,61.45500055443571,82.6150004085913,5,Wildfire,High,,Not applicable,Asia,5,Not applicable,,Russia,built_in_approx_russia_geometry,1,
training_2001_2025_v1_3.csv,csv,9473,60.87499861031305,97.49500054421924,2,Hard commodities,High,,Not applicable,Asia,5,Energy,,Russia,built_in_approx_russia_geometry,1,
training_2001_2025_v1_3.csv,csv,9474,60.334999242296355,36.715000671693566,4,Logging,High,,Not applicable,Asia,5,Not applicable,,Russia,built_in_approx_russia_geometry,1,
training_2001_2025_v1_3.csv,csv,9475,60.4449985790185,54.4449995611825,7,Other natural disturbances,High,,Not applicable,Asia,5,Not applicable,,Russia,built_in_approx_russia_geometry,1,
training_2001_2025_v1_3.csv,csv,9476,60.29499884874236,70.8850006488221,2,Hard commodities,High,,Not applicable,Asia,5,Energy,oil drilling infrastructure,Russia,built_in_approx_russia_geometry,1,
training_2001_2025_v1_3.csv,csv,9477,60.61499956541781,111.64499901570812,2,Hard commodities,High,,Not applicable,Asia,5,Energy,,Russia,built_in_approx_russia_geometry,1,
training_2001_2025_v1_3.csv,csv,9478,60.6749990100109,119.3150006467156,2,Hard commodities,High,,Not applicable,Asia,5,Energy,power lines,Russia,built_in_approx_russia_geometry,1,
training_2001_2025_v1_3.csv,csv,9480,60.175000018042994,29.37499928205113,6,Settlements & infrastructure,High,,Not applicable,Asia,5,Not applicable,,Russia,built_in_approx_russia_geometry,1,
training_2001_2025_v1_3.csv,csv,9481,59.74500001047227,53.434999767871815,4,Logging,High,,Not applicable,Asia,5,Not applicable,,Russia,built_in_approx_russia_geometry,1,
training_2001_2025_v1_3.csv,csv,9482,59.60499983814882,88.9549993075062,7,Other natural disturbances,High,,Not applicable,Asia,5,Not applicable,,Russia,built_in_approx_russia_geometry,1,
training_2001_2025_v1_3.csv,csv,9483,60.07500022953444,102.92499948650148,4,Logging,High,,Not applicable,Asia,5,Not applicable,,Russia,built_in_approx_russia_geometry,1,
training_2001_2025_v1_3.csv,csv,9484,59.524999115525034,31.52499947270935,4,Logging,High,,Not applicable,Asia,5,Not applicable,,Russia,built_in_approx_russia_geometry,1,
training_2001_2025_v1_3.csv,csv,9485,59.23499924655865,34.9050002400714,4,Logging,High,,Not applicable,Asia,5,Not applicable,,Russia,built_in_approx_russia_geometry,1,
training_2001_2025_v1_3.csv,csv,9486,59.00499881571561,44.54499931341574,5,Wildfire,High,,Not applicable,Asia,5,Not applicable,,Russia,built_in_approx_russia_geometry,1,
training_2001_2025_v1_3.csv,csv,9487,59.20500065196178,87.47499916789256,4,Logging,High,,Not applicable,Asia,5,Not applicable,,Russia,built_in_approx_russia_geometry,1,
training_2001_2025_v1_3.csv,csv,9488,59.44500059275408,91.31500083627664,7,Other natural disturbances,High,,Not applicable,Asia,5,Not applicable,,Russia,built_in_approx_russia_geometry,1,
training_2001_2025_v1_3.csv,csv,9489,58.48500075124157,78.84499988104346,7,Other natural disturbances,High,,Not applicable,Asia,5,Not applicable,bark beetle or disease,Russia,built_in_approx_russia_geometry,1,
training_2001_2025_v1_3.csv,csv,9490,58.79499968408793,102.42500053477416,7,Other natural disturbances,High,,Not applicable,Asia,5,Not applicable,flooding,Russia,built_in_approx_russia_geometry,1,
training_2001_2025_v1_3.csv,csv,9491,57.79499946422113,78.12499997633265,7,Other natural disturbances,Medium,,Not applicable,Asia,5,Not applicable,,Russia,built_in_approx_russia_geometry,1,
training_2001_2025_v1_3.csv,csv,9492,57.92500005750664,96.97500023831644,5,Wildfire,High,,Not applicable,Asia,5,Not applicable,,Russia,built_in_approx_russia_geometry,1,
training_2001_2025_v1_3.csv,csv,9493,58.10500058950271,102.95500033354423,2,Hard commodities,Medium,Logging,High,Asia,5,Energy,,Russia,built_in_approx_russia_geometry,1,
training_2001_2025_v1_3.csv,csv,9494,58.02499987671696,109.88500073712332,5,Wildfire,High,,Not applicable,Asia,5,Not applicable,,Russia,built_in_approx_russia_geometry,1,
training_2001_2025_v1_3.csv,csv,9495,57.01500011130598,32.655000345304295,1,Permanent agriculture,Medium,Settlements & infrastructure,High,Asia,5,Agriculture,,Russia,built_in_approx_russia_geometry,1,
training_2001_2025_v1_3.csv,csv,9496,57.105000372468865,65.67500033487242,6,Settlements & infrastructure,High,,Not applicable,Asia,5,Not applicable,,Russia,built_in_approx_russia_geometry,1,
training_2001_2025_v1_3.csv,csv,9497,57.10500038931432,66.03499917323182,2,Hard commodities,High,,Not applicable,Asia,5,Mining,,Russia,built_in_approx_russia_geometry,1,
training_2001_2025_v1_3.csv,csv,9498,56.46499901945117,42.04499979744804,4,Logging,High,Wildfire,High,Asia,5,Not applicable,"some damage from wildfire, and salvage logging",Russia,built_in_approx_russia_geometry,1,
training_2001_2025_v1_3.csv,csv,9499,56.395000034645214,47.784999939293904,5,Wildfire,High,,Not applicable,Asia,5,Not applicable,,Russia,built_in_approx_russia_geometry,1,
training_2001_2025_v1_3.csv,csv,9500,56.554999268431544,56.515001214017616,2,Hard commodities,High,,Not applicable,Asia,5,Energy,,Russia,built_in_approx_russia_geometry,1,
training_2001_2025_v1_3.csv,csv,9501,56.9749997671429,82.8350013040082,4,Logging,High,,Not applicable,Asia,5,Not applicable,,Russia,built_in_approx_russia_geometry,1,
training_2001_2025_v1_3.csv,csv,9502,56.424996415231625,115.05500066330448,5,Wildfire,High,Logging,High,Asia,5,Not applicable,,Russia,built_in_approx_russia_geometry,1,
training_2001_2025_v1_3.csv,csv,9503,55.05500006205458,86.07499973748291,4,Logging,High,,Not applicable,Asia,5,Not applicable,,Russia,built_in_approx_russia_geometry,1,
training_2001_2025_v1_3.csv,csv,9504,53.964999556383106,82.49499930163373,5,Wildfire,Medium,,Not applicable,Asia,5,Not applicable,,Russia,built_in_approx_russia_geometry,1,
training_2001_2025_v1_3.csv,csv,9505,53.52500000836981,159.04500023595787,7,Other natural disturbances,High,,Not applicable,Asia,5,Not applicable,volcanic eruption,Russia,built_in_approx_russia_geometry,1,
training_2001_2025_v1_3.csv,csv,9507,51.17500025238541,95.93499963856756,5,Wildfire,Medium,,Not applicable,Asia,5,Not applicable,,Russia,built_in_approx_russia_geometry,1,
training_2001_2025_v1_3.csv,csv,9508,51.21500060124489,136.5050002079013,5,Wildfire,Medium,,Not applicable,Asia,5,Not applicable,,Russia,built_in_approx_russia_geometry,1,
training_2001_2025_v1_3.csv,csv,9509,51.094999509725895,143.4450000943323,7,Other natural disturbances,Medium,,Not applicable,Asia,5,Not applicable,,Russia,built_in_approx_russia_geometry,1,
training_2001_2025_v1_3.csv,csv,9510,50.9549993650258,143.60499938350134,7,Other natural disturbances,High,,Not applicable,Asia,5,Not applicable,meandering river,Russia,built_in_approx_russia_geometry,1,
training_2001_2025_v1_3.csv,csv,9511,50.32499973395595,130.4949993006351,2,Hard commodities,High,,Not applicable,Asia,5,Energy,hydroelectric dam,Russia,built_in_approx_russia_geometry,1,
training_2001_2025_v1_3.csv,csv,9513,46.594999614659315,137.8250011248241,7,Other natural disturbances,High,,Not applicable,Asia,5,Not applicable,bark beetle or disease,Russia,built_in_approx_russia_geometry,1,
training_2001_2025_v1_3.csv,csv,9514,43.70500050245382,40.28499937224553,6,Settlements & infrastructure,High,,Not applicable,Asia,5,Not applicable,,Russia,built_in_approx_russia_geometry,1,
training_2001_2025_v1_3.csv,csv,9516,43.104999470759786,130.8349990088493,8,Noise/non-forest,Low,,Not applicable,Asia,5,Not applicable,Can't tell if there was actually a disturbance,Russia,built_in_approx_russia_geometry,1,
validation_2001_2022.geojson,geojson,3084,67.9749999270286,28.485000632812184,4,Logging,Medium,,Not applicable,Europe,3,Not applicable,,Russia,built_in_approx_russia_geometry,,False
validation_2001_2022.geojson,geojson,3252,68.84499950787534,28.095001004806058,4,Logging,High,,Not applicable,Europe,3,Not applicable,,Russia,built_in_approx_russia_geometry,,False
validation_2001_2022.geojson,geojson,3316,48.41499952996016,39.72500091549647,5,Wildfire,Low,,Not applicable,Europe,3,Not applicable,,Russia,built_in_approx_russia_geometry,,False
validation_2001_2022.geojson,geojson,3334,69.77499851774516,30.345000913096165,5,Wildfire,Low,,Not applicable,Europe,3,Not applicable,,Russia,built_in_approx_russia_geometry,,False
validation_2001_2022.geojson,geojson,3392,69.3849988332587,29.474999040309545,4,Logging,Low,,Not applicable,Europe,3,Not applicable,,Russia,built_in_approx_russia_geometry,,False
validation_2001_2022.geojson,geojson,8001,56.75499885536407,68.06500045389485,7,Other natural disturbances,Medium,,Not applicable,Asia,5,Not applicable,,Russia,built_in_approx_russia_geometry,,False
validation_2001_2022.geojson,geojson,8004,59.45500013137148,72.4049989037719,7,Other natural disturbances,Low,,Not applicable,Asia,5,Not applicable,,Russia,built_in_approx_russia_geometry,,False
validation_2001_2022.geojson,geojson,8005,58.89499949595226,47.65499931683456,4,Logging,High,,Not applicable,Asia,5,Not applicable,,Russia,built_in_approx_russia_geometry,,False
validation_2001_2022.geojson,geojson,8006,56.99500105965646,89.42499973543279,7,Other natural disturbances,Low,,Not applicable,Asia,5,Not applicable,,Russia,built_in_approx_russia_geometry,,False
validation_2001_2022.geojson,geojson,8007,65.2049997131515,154.66499912133713,5,Wildfire,High,,Not applicable,Asia,5,Not applicable,,Russia,built_in_approx_russia_geometry,,False
validation_2001_2022.geojson,geojson,8008,64.40499909667388,124.46499925930044,5,Wildfire,High,,Not applicable,Asia,5,Not applicable,,Russia,built_in_approx_russia_geometry,,False
validation_2001_2022.geojson,geojson,8009,54.79500103560796,106.79499979222318,5,Wildfire,High,,Not applicable,Asia,5,Not applicable,,Russia,built_in_approx_russia_geometry,,False
validation_2001_2022.geojson,geojson,8012,55.29500002945437,69.87500088771178,1,Permanent agriculture,Medium,,Not applicable,Asia,5,Agriculture,,Russia,built_in_approx_russia_geometry,,False
validation_2001_2022.geojson,geojson,8013,63.645001074467615,120.74499868820855,7,Other natural disturbances,High,,Not applicable,Asia,5,Not applicable,,Russia,built_in_approx_russia_geometry,,False
validation_2001_2022.geojson,geojson,8015,55.665000585462536,71.43499954138458,1,Permanent agriculture,Medium,,Not applicable,Asia,5,Agriculture,,Russia,built_in_approx_russia_geometry,,False
validation_2001_2022.geojson,geojson,8019,53.8550002058566,54.63499967662924,4,Logging,Medium,,Not applicable,Asia,5,Not applicable,,Russia,built_in_approx_russia_geometry,,False
validation_2001_2022.geojson,geojson,8028,61.015001015105305,150.23500041357175,7,Other natural disturbances,Low,,Not applicable,Asia,5,Not applicable,,Russia,built_in_approx_russia_geometry,,False
validation_2001_2022.geojson,geojson,8029,51.08499997541608,85.16499976643112,1,Permanent agriculture,Medium,,Not applicable,Asia,5,Agriculture,,Russia,built_in_approx_russia_geometry,,False
validation_2001_2022.geojson,geojson,8030,47.62500068053921,127.38499926398092,1,Permanent agriculture,Low,,Not applicable,Asia,5,Agriculture,noise due wetland dynamics,Russia,built_in_approx_russia_geometry,,True
validation_2001_2022.geojson,geojson,8035,56.604999147428025,62.33499987844423,1,Permanent agriculture,Medium,,Not applicable,Asia,5,Agriculture,some natural disturbance but the loss is geometric ,Russia,built_in_approx_russia_geometry,,False
validation_2001_2022.geojson,geojson,8036,52.99500019483199,63.525000186546166,1,Permanent agriculture,Low,,Not applicable,Asia,5,Agriculture,,Russia,built_in_approx_russia_geometry,,True
validation_2001_2022.geojson,geojson,8040,54.275000727293424,53.24499975558231,4,Logging,Medium,Commodity-driven deforestation,Medium,Asia,5,Agriculture,,Russia,built_in_approx_russia_geometry,,False
validation_2001_2022.geojson,geojson,8041,62.22500036450283,66.34500029646024,7,Other natural disturbances,Low,,Not applicable,Asia,5,Not applicable,,Russia,built_in_approx_russia_geometry,,True
validation_2001_2022.geojson,geojson,8042,56.615000934129554,86.72500062057254,7,Other natural disturbances,Medium,,Not applicable,Asia,5,Not applicable,In Wayback there is an image from 2014 with a bunch of downed trees. Seems more like windfall than fire. 	,Russia,built_in_approx_russia_geometry,,False
validation_2001_2022.geojson,geojson,8043,64.3449996391074,32.10499915728377,4,Logging,High,Other natural disturbances,Medium,Asia,5,Not applicable,,Russia,built_in_approx_russia_geometry,,False
validation_2001_2022.geojson,geojson,8046,66.21499946760794,101.31500090445668,7,Other natural disturbances,Low,,Not applicable,Asia,5,Not applicable,,Russia,built_in_approx_russia_geometry,,False
validation_2001_2022.geojson,geojson,8047,43.44499925966147,131.85500056615706,1,Permanent agriculture,Low,,Not applicable,Asia,5,Agriculture,,Russia,built_in_approx_russia_geometry,,True
validation_2001_2022.geojson,geojson,8049,57.49500006543481,72.30499913630075,4,Logging,High,,Not applicable,Asia,5,Not applicable,,Russia,built_in_approx_russia_geometry,,False
validation_2001_2022.geojson,geojson,8056,50.274999816365934,121.34499970865124,4,Logging,Medium,,Not applicable,Asia,5,Not applicable,,Russia,built_in_approx_russia_geometry,,False
validation_2001_2022.geojson,geojson,8057,55.41499887674028,80.4249998521793,5,Wildfire,High,,Not applicable,Asia,5,Not applicable,,Russia,built_in_approx_russia_geometry,,False
validation_2001_2022.geojson,geojson,8058,53.38499982169008,92.68499943457948,5,Wildfire,Medium,,Not applicable,Asia,5,Not applicable,,Russia,built_in_approx_russia_geometry,,False
validation_2001_2022.geojson,geojson,8061,56.715000710091545,97.63500068444692,1,Permanent agriculture,Medium,Wildfire,High,Asia,5,Agriculture,,Russia,built_in_approx_russia_geometry,,False
validation_2001_2022.geojson,geojson,8065,54.745001118791926,113.18500085173336,2,Hard commodities,High,,Not applicable,Asia,5,Mining,,Russia,built_in_approx_russia_geometry,,False
validation_2001_2022.geojson,geojson,8066,60.32499972327812,145.0849995414201,7,Other natural disturbances,High,,Not applicable,Asia,5,Not applicable,,Russia,built_in_approx_russia_geometry,,False
validation_2001_2022.geojson,geojson,8067,61.19499929332719,149.7950008405902,5,Wildfire,High,Commodity-driven deforestation,High,Asia,5,Not applicable,,Russia,built_in_approx_russia_geometry,,False
validation_2001_2022.geojson,geojson,8068,62.00499946465765,73.26499899237197,2,Hard commodities,High,,Not applicable,Asia,5,Energy,,Russia,built_in_approx_russia_geometry,,False
validation_2001_2022.geojson,geojson,8069,51.585001230601165,39.26500005025965,5,Wildfire,High,,Not applicable,Asia,5,Not applicable,,Russia,built_in_approx_russia_geometry,,False
validation_2001_2022.geojson,geojson,8071,55.16499936288515,36.04500066612988,2,Hard commodities,High,Logging,Medium,Asia,5,Mining,,Russia,built_in_approx_russia_geometry,,False
validation_2001_2022.geojson,geojson,8072,60.76499927160695,69.41499999746398,2,Hard commodities,High,Other natural disturbances,Low,Asia,5,Energy,,Russia,built_in_approx_russia_geometry,,False
validation_2001_2022.geojson,geojson,8073,62.284999785582364,76.14500084024175,2,Hard commodities,High,,Not applicable,Asia,5,Energy,,Russia,built_in_approx_russia_geometry,,False
validation_2001_2022.geojson,geojson,8075,53.5050009099297,126.49500055046842,2,Hard commodities,High,Wildfire,Medium,Asia,5,Mining,,Russia,built_in_approx_russia_geometry,,False
validation_2001_2022.geojson,geojson,8077,53.0450000554282,122.50499917680445,2,Hard commodities,High,Wildfire,Medium,Asia,5,Mining,,Russia,built_in_approx_russia_geometry,,False
validation_2001_2022.geojson,geojson,8078,56.46499902036364,46.15500008148709,2,Hard commodities,High,,Not applicable,Asia,5,Energy,noise is secondary,Russia,built_in_approx_russia_geometry,,False
validation_2001_2022.geojson,geojson,8079,52.87499906899087,81.08500031816827,7,Other natural disturbances,Medium,,Not applicable,Asia,5,Not applicable,,Russia,built_in_approx_russia_geometry,,False
validation_2001_2022.geojson,geojson,8081,59.274999618552464,154.94499943298308,5,Wildfire,Low,,Not applicable,Asia,5,Not applicable,,Russia,built_in_approx_russia_geometry,,False
validation_2001_2022.geojson,geojson,8082,50.584998775829504,123.22499906247012,7,Other natural disturbances,Medium,,Not applicable,Asia,5,Not applicable,,Russia,built_in_approx_russia_geometry,,False
validation_2001_2022.geojson,geojson,8083,60.59500052517639,111.46500073545332,2,Hard commodities,High,,Not applicable,Asia,5,Energy,,Russia,built_in_approx_russia_geometry,,False
validation_2001_2022.geojson,geojson,8085,58.27499939349134,100.3750001180989,2,Hard commodities,High,,Not applicable,Asia,5,Energy,building of a dam,Russia,built_in_approx_russia_geometry,,False
validation_2001_2022.geojson,geojson,8086,56.8849994980381,137.05499909698483,7,Other natural disturbances,Low,,Not applicable,Asia,5,Not applicable,hard to tell what's going on exactly and lack of high res imagery,Russia,built_in_approx_russia_geometry,,False
validation_2001_2022.geojson,geojson,8087,63.72499956731048,74.55499907721388,2,Hard commodities,High,,Not applicable,Asia,5,Energy,,Russia,built_in_approx_russia_geometry,,False
validation_2001_2022.geojson,geojson,8088,65.92499960650363,121.7950010602394,7,Other natural disturbances,Low,,Not applicable,Asia,5,Not applicable,hard to tell what's going on and no good imagery,Russia,built_in_approx_russia_geometry,,False
validation_2001_2022.geojson,geojson,8090,53.76499998093396,48.42499917541003,2,Hard commodities,High,Commodity-driven deforestation,Medium,Asia,5,Mining,tree crop management is secondary,Russia,built_in_approx_russia_geometry,,False
validation_2001_2022.geojson,geojson,8091,62.0049994911916,166.95499954330086,7,Other natural disturbances,High,,Not applicable,Asia,5,Not applicable,,Russia,built_in_approx_russia_geometry,,False
validation_2001_2022.geojson,geojson,8093,52.48499940917596,46.105000213929664,7,Other natural disturbances,Medium,,Not applicable,Asia,5,Not applicable,,Russia,built_in_approx_russia_geometry,,False
validation_2001_2022.geojson,geojson,8094,47.404999783444566,128.2049989376806,1,Permanent agriculture,Low,,Not applicable,Asia,5,Agriculture,,Russia,built_in_approx_russia_geometry,,True
validation_2001_2022.geojson,geojson,8095,58.49500026767969,107.0550010800674,2,Hard commodities,High,,Not applicable,Asia,5,Energy,,Russia,built_in_approx_russia_geometry,,False
validation_2001_2022.geojson,geojson,8096,56.32499882853458,107.01500071217986,2,Hard commodities,High,,Not applicable,Asia,5,Energy,,Russia,built_in_approx_russia_geometry,,False
validation_2001_2022.geojson,geojson,8097,47.67500060575463,127.93500039278337,1,Permanent agriculture,Medium,,Not applicable,Asia,5,Agriculture,secondary is noise,Russia,built_in_approx_russia_geometry,,False
validation_2001_2022.geojson,geojson,8098,60.73500067070208,70.02500058439124,2,Hard commodities,High,,Not applicable,Asia,5,Energy,,Russia,built_in_approx_russia_geometry,,False
validation_2001_2022.geojson,geojson,8099,51.935000504080286,127.88500043564414,7,Other natural disturbances,Low,Wildfire,Low,Asia,5,Not applicable,,Russia,built_in_approx_russia_geometry,,False
validation_2001_2022.geojson,geojson,8100,64.21499903319337,76.2550001255285,7,Other natural disturbances,Medium,,Not applicable,Asia,5,Not applicable,,Russia,built_in_approx_russia_geometry,,False
validation_2001_2022.geojson,geojson,8103,67.62499837901926,74.84500116580239,7,Other natural disturbances,Low,,Not applicable,Asia,5,Not applicable,,Russia,built_in_approx_russia_geometry,,True
validation_2001_2022.geojson,geojson,8104,54.22499861574988,127.43499916348512,2,Hard commodities,High,Wildfire,High,Asia,5,Mining,,Russia,built_in_approx_russia_geometry,,False
validation_2001_2022.geojson,geojson,8145,61.83500072474719,57.79499957653242,4,Logging,Low,,Not applicable,Asia,5,Not applicable,,Russia,built_in_approx_russia_geometry,,False
validation_2001_2022.geojson,geojson,8146,61.59500074045502,34.404999111783134,4,Logging,High,,Not applicable,Asia,5,Not applicable,,Russia,built_in_approx_russia_geometry,,False
validation_2001_2022.geojson,geojson,8147,59.39500069262997,101.05499966052923,4,Logging,High,,Not applicable,Asia,5,Not applicable,,Russia,built_in_approx_russia_geometry,,False
validation_2001_2022.geojson,geojson,8148,57.41499932347348,52.95499989647108,4,Logging,High,,Not applicable,Asia,5,Not applicable,,Russia,built_in_approx_russia_geometry,,False
validation_2001_2022.geojson,geojson,8149,53.064999167547896,104.60499923883472,4,Logging,High,,Not applicable,Asia,5,Not applicable,,Russia,built_in_approx_russia_geometry,,False
validation_2001_2022.geojson,geojson,8150,62.27500024614236,40.294998860718415,2,Hard commodities,Medium,,Not applicable,Asia,5,Energy,,Russia,built_in_approx_russia_geometry,,False
validation_2001_2022.geojson,geojson,8153,58.445000359519895,100.94500033101552,4,Logging,High,,Not applicable,Asia,5,Not applicable,,Russia,built_in_approx_russia_geometry,,False
validation_2001_2022.geojson,geojson,8155,55.924999657801614,99.86499934698917,4,Logging,High,,Not applicable,Asia,5,Not applicable,,Russia,built_in_approx_russia_geometry,,False
validation_2001_2022.geojson,geojson,8156,60.54500062130851,74.91500017810675,4,Logging,High,Commodity-driven deforestation,High,Asia,5,Energy,,Russia,built_in_approx_russia_geometry,,False
validation_2001_2022.geojson,geojson,8158,63.59499891114948,36.425000771620695,4,Logging,High,,Not applicable,Asia,5,Not applicable,,Russia,built_in_approx_russia_geometry,,False
validation_2001_2022.geojson,geojson,8159,59.01500059471348,55.61500083391783,4,Logging,High,,Not applicable,Asia,5,Not applicable,,Russia,built_in_approx_russia_geometry,,False
validation_2001_2022.geojson,geojson,8161,47.725000487512006,138.33499967065984,4,Logging,High,,Not applicable,Asia,5,Not applicable,,Russia,built_in_approx_russia_geometry,,False
validation_2001_2022.geojson,geojson,8162,56.51500112528928,32.21500075965563,2,Hard commodities,Medium,,Not applicable,Asia,5,Energy,,Russia,built_in_approx_russia_geometry,,False
validation_2001_2022.geojson,geojson,8163,60.60500008926421,45.95500050840117,4,Logging,High,,Not applicable,Asia,5,Not applicable,,Russia,built_in_approx_russia_geometry,,False
validation_2001_2022.geojson,geojson,8165,58.09499884953895,99.12500040883876,4,Logging,High,,Not applicable,Asia,5,Not applicable,,Russia,built_in_approx_russia_geometry,,False
validation_2001_2022.geojson,geojson,8166,63.51500047049173,50.03499993559198,7,Other natural disturbances,Medium,,Not applicable,Asia,5,Not applicable,,Russia,built_in_approx_russia_geometry,,False
validation_2001_2022.geojson,geojson,8167,63.11499900152248,43.024998776209394,7,Other natural disturbances,Medium,,Not applicable,Asia,5,Not applicable,,Russia,built_in_approx_russia_geometry,,False
validation_2001_2022.geojson,geojson,8168,58.32499926473588,64.3850002433694,4,Logging,High,,Not applicable,Asia,5,Not applicable,,Russia,built_in_approx_russia_geometry,,False
validation_2001_2022.geojson,geojson,8170,57.264999619788576,44.15499963939656,4,Logging,High,,Not applicable,Asia,5,Not applicable,,Russia,built_in_approx_russia_geometry,,False
validation_2001_2022.geojson,geojson,8171,64.37500050135195,100.55500068357922,5,Wildfire,Low,,Not applicable,Asia,5,Not applicable,,Russia,built_in_approx_russia_geometry,,False
validation_2001_2022.geojson,geojson,8172,51.25500097529776,135.71499910658903,4,Logging,High,Wildfire,Medium,Asia,5,Not applicable,,Russia,built_in_approx_russia_geometry,,False
validation_2001_2022.geojson,geojson,8174,59.66499924024896,100.84500054123087,4,Logging,High,,Not applicable,Asia,5,Not applicable,,Russia,built_in_approx_russia_geometry,,False
validation_2001_2022.geojson,geojson,8177,59.49500047714829,29.40500013026834,4,Logging,High,,Not applicable,Asia,5,Not applicable,,Russia,built_in_approx_russia_geometry,,False
validation_2001_2022.geojson,geojson,8178,55.10499994042375,34.97499925490952,2,Hard commodities,High,,Not applicable,Asia,5,Energy,,Russia,built_in_approx_russia_geometry,,False
validation_2001_2022.geojson,geojson,8179,59.91499874871328,59.70499978259881,4,Logging,High,,Not applicable,Asia,5,Not applicable,noise is secondary,Russia,built_in_approx_russia_geometry,,False
validation_2001_2022.geojson,geojson,8180,57.67500059400192,49.89499976014837,7,Other natural disturbances,Medium,,Not applicable,Asia,5,Not applicable,,Russia,built_in_approx_russia_geometry,,False
validation_2001_2022.geojson,geojson,8181,48.65499949242779,138.27500021576617,7,Other natural disturbances,Medium,,Not applicable,Asia,5,Not applicable,,Russia,built_in_approx_russia_geometry,,False
validation_2001_2022.geojson,geojson,8182,56.32499883226041,102.69499907921048,4,Logging,High,,Not applicable,Asia,5,Not applicable,,Russia,built_in_approx_russia_geometry,,False
validation_2001_2022.geojson,geojson,8183,47.86500062445723,139.27500046596202,7,Other natural disturbances,Medium,,Not applicable,Asia,5,Not applicable,,Russia,built_in_approx_russia_geometry,,False
validation_2001_2022.geojson,geojson,8184,57.08499906666174,41.02500054110827,4,Logging,Medium,,Not applicable,Asia,5,Not applicable,,Russia,built_in_approx_russia_geometry,,False
validation_2001_2022.geojson,geojson,8185,60.54500060617507,57.14500083273512,4,Logging,High,,Not applicable,Asia,5,Not applicable,noise is secondary,Russia,built_in_approx_russia_geometry,,False
validation_2001_2022.geojson,geojson,8187,55.1349985543508,44.23500040213636,4,Logging,High,Wildfire,High,Asia,5,Not applicable,,Russia,built_in_approx_russia_geometry,,False
validation_2001_2022.geojson,geojson,8188,43.45499875727415,128.1449995253436,4,Logging,Medium,Commodity-driven deforestation,Medium,Asia,5,Agriculture,,Russia,built_in_approx_russia_geometry,,False
validation_2001_2022.geojson,geojson,8189,57.36499942773168,61.51500018837549,7,Other natural disturbances,Medium,,Not applicable,Asia,5,Not applicable,,Russia,built_in_approx_russia_geometry,,False
validation_2001_2022.geojson,geojson,8190,59.65499972930964,60.61499975965705,2,Hard commodities,High,,Not applicable,Asia,5,Energy,,Russia,built_in_approx_russia_geometry,,False
validation_2001_2022.geojson,geojson,8192,44.47500031149934,127.9250008223927,4,Logging,Low,,Not applicable,Asia,5,Not applicable,,Russia,built_in_approx_russia_geometry,,False
validation_2001_2022.geojson,geojson,8193,54.734999368133074,31.21500051412797,2,Hard commodities,High,Wildfire,High,Asia,5,Energy,,Russia,built_in_approx_russia_geometry,,False
validation_2001_2022.geojson,geojson,8194,58.88499993049851,29.904999113376324,4,Logging,High,,Not applicable,Asia,5,Not applicable,,Russia,built_in_approx_russia_geometry,,False
validation_2001_2022.geojson,geojson,8196,51.33499948170331,138.55500056086473,4,Logging,High,,Not applicable,Asia,5,Not applicable,,Russia,built_in_approx_russia_geometry,,False
validation_2001_2022.geojson,geojson,8197,61.21500058146143,64.8849992885557,2,Hard commodities,High,,Not applicable,Asia,5,Energy,,Russia,built_in_approx_russia_geometry,,False
validation_2001_2022.geojson,geojson,8198,53.63499932119299,135.0550008594723,7,Other natural disturbances,Low,,Not applicable,Asia,5,Not applicable,,Russia,built_in_approx_russia_geometry,,False
validation_2001_2022.geojson,geojson,8202,59.10499859787169,48.00500087767151,4,Logging,High,,Not applicable,Asia,5,Not applicable,,Russia,built_in_approx_russia_geometry,,False
validation_2001_2022.geojson,geojson,8203,57.694999634009385,117.57499920823858,5,Wildfire,Medium,,Not applicable,Asia,5,Not applicable,,Russia,built_in_approx_russia_geometry,,False
validation_2001_2022.geojson,geojson,8204,53.91499965952852,103.72500010672964,4,Logging,Medium,,Not applicable,Asia,5,Not applicable,,Russia,built_in_approx_russia_geometry,,False
validation_2001_2022.geojson,geojson,8205,52.02500075804733,123.41499912186232,4,Logging,Medium,,Not applicable,Asia,5,Not applicable,,Russia,built_in_approx_russia_geometry,,False
validation_2001_2022.geojson,geojson,8206,58.58500052593386,40.63500086816483,4,Logging,High,,Not applicable,Asia,5,Not applicable,,Russia,built_in_approx_russia_geometry,,False
validation_2001_2022.geojson,geojson,8207,56.29500023342021,92.3850000345668,7,Other natural disturbances,Medium,,Not applicable,Asia,5,Not applicable,,Russia,built_in_approx_russia_geometry,,False
validation_2001_2022.geojson,geojson,8208,57.01500011936494,100.32500023621913,4,Logging,High,Wildfire,Low,Asia,5,Not applicable,,Russia,built_in_approx_russia_geometry,,False
validation_2001_2022.geojson,geojson,8209,52.02500078022263,131.73499951343567,7,Other natural disturbances,Medium,,Not applicable,Asia,5,Not applicable,,Russia,built_in_approx_russia_geometry,,False
validation_2001_2022.geojson,geojson,8210,62.79500057413809,60.26500041072664,7,Other natural disturbances,Medium,,Not applicable,Asia,5,Not applicable,,Russia,built_in_approx_russia_geometry,,False
validation_2001_2022.geojson,geojson,8213,51.93500052434559,87.70499958079486,4,Logging,High,,Not applicable,Asia,5,Not applicable,,Russia,built_in_approx_russia_geometry,,False
validation_2001_2022.geojson,geojson,8215,59.18499934733602,112.25499961126968,7,Other natural disturbances,Medium,,Not applicable,Asia,5,Not applicable,,Russia,built_in_approx_russia_geometry,,False
validation_2001_2022.geojson,geojson,8216,56.684999901895225,58.30500034609988,4,Logging,Medium,Wildfire,Low,Asia,5,Not applicable,,Russia,built_in_approx_russia_geometry,,False
validation_2001_2022.geojson,geojson,8217,61.76499950921675,52.12500064368938,4,Logging,High,,Not applicable,Asia,5,Not applicable,,Russia,built_in_approx_russia_geometry,,False
validation_2001_2022.geojson,geojson,8218,57.234998808313,48.1849991670506,4,Logging,High,,Not applicable,Asia,5,Not applicable,,Russia,built_in_approx_russia_geometry,,False
validation_2001_2022.geojson,geojson,8219,56.46499897621211,38.92500028232581,4,Logging,High,,Not applicable,Asia,5,Not applicable,,Russia,built_in_approx_russia_geometry,,False
validation_2001_2022.geojson,geojson,8220,57.27499914102946,59.32499963798936,4,Logging,High,,Not applicable,Asia,5,Not applicable,,Russia,built_in_approx_russia_geometry,,False
validation_2001_2022.geojson,geojson,8222,54.145000093066926,103.27499880926077,4,Logging,High,,Not applicable,Asia,5,Not applicable,,Russia,built_in_approx_russia_geometry,,False
validation_2001_2022.geojson,geojson,8223,57.10500039238008,42.42499995903808,4,Logging,High,,Not applicable,Asia,5,Not applicable,,Russia,built_in_approx_russia_geometry,,False
validation_2001_2022.geojson,geojson,8224,51.785000812967965,103.14500036921956,4,Logging,High,,Not applicable,Asia,5,Not applicable,,Russia,built_in_approx_russia_geometry,,False
validation_2001_2022.geojson,geojson,8225,57.06500003942742,31.21500052990427,4,Logging,High,,Not applicable,Asia,5,Not applicable,,Russia,built_in_approx_russia_geometry,,False
validation_2001_2022.geojson,geojson,8226,57.12499947890857,80.04499973358794,7,Other natural disturbances,Medium,,Not applicable,Asia,5,Not applicable,,Russia,built_in_approx_russia_geometry,,False
validation_2001_2022.geojson,geojson,8227,63.55499857941621,44.38500005742006,4,Logging,Low,,Not applicable,Asia,5,Not applicable,,Russia,built_in_approx_russia_geometry,,False
validation_2001_2022.geojson,geojson,8228,62.225000365242366,46.67500035512712,4,Logging,High,,Not applicable,Asia,5,Not applicable,,Russia,built_in_approx_russia_geometry,,False
validation_2001_2022.geojson,geojson,8229,59.17499979320523,42.42500001013747,4,Logging,High,,Not applicable,Asia,5,Not applicable,,Russia,built_in_approx_russia_geometry,,False
validation_2001_2022.geojson,geojson,8230,52.38499958591164,84.00500027856344,7,Other natural disturbances,Medium,,Not applicable,Asia,5,Not applicable,,Russia,built_in_approx_russia_geometry,,False
validation_2001_2022.geojson,geojson,8231,54.96499978386362,96.82500051280986,5,Wildfire,Medium,,Not applicable,Asia,5,Not applicable,,Russia,built_in_approx_russia_geometry,,False
validation_2001_2022.geojson,geojson,8232,59.27499960127665,89.3849993728187,7,Other natural disturbances,Medium,,Not applicable,Asia,5,Not applicable,,Russia,built_in_approx_russia_geometry,,False
validation_2001_2022.geojson,geojson,8233,57.42500108230864,47.39500031190771,4,Logging,High,Other natural disturbances,Medium,Asia,5,Not applicable,,Russia,built_in_approx_russia_geometry,,False
validation_2001_2022.geojson,geojson,8234,54.08500066888716,102.46500084499851,4,Logging,Medium,,Not applicable,Asia,5,Not applicable,,Russia,built_in_approx_russia_geometry,,False
validation_2001_2022.geojson,geojson,8236,58.45499987895548,98.39499873171816,4,Logging,High,,Not applicable,Asia,5,Not applicable,,Russia,built_in_approx_russia_geometry,,False
validation_2001_2022.geojson,geojson,8237,65.52500041134375,33.824999257371765,7,Other natural disturbances,Low,,Not applicable,Asia,5,Not applicable,,Russia,built_in_approx_russia_geometry,,False
validation_2001_2022.geojson,geojson,8238,58.64499999102887,41.6349988670923,4,Logging,High,,Not applicable,Asia,5,Not applicable,,Russia,built_in_approx_russia_geometry,,False
validation_2001_2022.geojson,geojson,8240,52.59500099730285,57.42500117075706,4,Logging,High,,Not applicable,Asia,5,Not applicable,,Russia,built_in_approx_russia_geometry,,False
validation_2001_2022.geojson,geojson,8241,62.83500091669215,45.28500049890977,7,Other natural disturbances,Medium,,Not applicable,Asia,5,Not applicable,,Russia,built_in_approx_russia_geometry,,False
validation_2001_2022.geojson,geojson,8243,55.93499918803294,31.864999254684225,4,Logging,High,,Not applicable,Asia,5,Not applicable,,Russia,built_in_approx_russia_geometry,,False
validation_2001_2022.geojson,geojson,8244,53.80500032628372,84.4350002753691,4,Logging,High,,Not applicable,Asia,5,Not applicable,,Russia,built_in_approx_russia_geometry,,False
validation_2001_2022.geojson,geojson,8245,61.65500017905861,52.46500048845713,4,Logging,High,,Not applicable,Asia,5,Not applicable,,Russia,built_in_approx_russia_geometry,,False
validation_2001_2022.geojson,geojson,8247,60.72499891603884,50.65500004931236,4,Logging,High,,Not applicable,Asia,5,Not applicable,,Russia,built_in_approx_russia_geometry,,False
validation_2001_2022.geojson,geojson,8248,54.75500064766359,104.99499894258534,4,Logging,High,,Not applicable,Asia,5,Not applicable,,Russia,built_in_approx_russia_geometry,,False
validation_2001_2022.geojson,geojson,8249,49.59500028674874,138.27500024261005,4,Logging,High,,Not applicable,Asia,5,Not applicable,,Russia,built_in_approx_russia_geometry,,False
validation_2001_2022.geojson,geojson,8250,58.28500113867635,43.79500082745492,4,Logging,High,,Not applicable,Asia,5,Not applicable,,Russia,built_in_approx_russia_geometry,,False
validation_2001_2022.geojson,geojson,8254,51.515000005178734,118.37499984752908,5,Wildfire,High,,Not applicable,Asia,5,Not applicable,,Russia,built_in_approx_russia_geometry,,False
validation_2001_2022.geojson,geojson,8255,54.86499999325395,102.8749996408699,4,Logging,High,,Not applicable,Asia,5,Not applicable,,Russia,built_in_approx_russia_geometry,,False
validation_2001_2022.geojson,geojson,8256,59.66499923646344,48.4850008100912,4,Logging,High,,Not applicable,Asia,5,Not applicable,,Russia,built_in_approx_russia_geometry,,False
validation_2001_2022.geojson,geojson,8258,57.75499910444115,99.63499893394894,4,Logging,High,,Not applicable,Asia,5,Not applicable,,Russia,built_in_approx_russia_geometry,,False
validation_2001_2022.geojson,geojson,8260,54.74500110105912,103.7549987390591,4,Logging,High,,Not applicable,Asia,5,Not applicable,,Russia,built_in_approx_russia_geometry,,False
validation_2001_2022.geojson,geojson,8262,57.54499996663623,90.94500027662434,4,Logging,High,,Not applicable,Asia,5,Not applicable,,Russia,built_in_approx_russia_geometry,,False
validation_2001_2022.geojson,geojson,8263,54.06499936626074,116.33500128785349,5,Wildfire,Medium,,Not applicable,Asia,5,Not applicable,,Russia,built_in_approx_russia_geometry,,False
validation_2001_2022.geojson,geojson,8265,57.654999269456326,99.20499887778232,4,Logging,High,Wildfire,Low,Asia,5,Not applicable,,Russia,built_in_approx_russia_geometry,,False
validation_2001_2022.geojson,geojson,8266,53.79499857901343,101.6050008229759,4,Logging,Medium,Wildfire,High,Asia,5,Not applicable,,Russia,built_in_approx_russia_geometry,,False
validation_2001_2022.geojson,geojson,8269,62.67499944364918,53.55500091887574,4,Logging,High,Wildfire,Medium,Asia,5,Not applicable,,Russia,built_in_approx_russia_geometry,,False
validation_2001_2022.geojson,geojson,8271,59.72500092670883,35.135000709807095,4,Logging,High,,Not applicable,Asia,5,Not applicable,,Russia,built_in_approx_russia_geometry,,False
validation_2001_2022.geojson,geojson,8272,50.39500089961145,138.52499972634828,4,Logging,High,,Not applicable,Asia,5,Not applicable,,Russia,built_in_approx_russia_geometry,,False
validation_2001_2022.geojson,geojson,8274,60.985000170369005,49.74500008570258,4,Logging,High,,Not applicable,Asia,5,Not applicable,,Russia,built_in_approx_russia_geometry,,False
validation_2001_2022.geojson,geojson,8276,62.63499910581686,50.395000958551655,4,Logging,High,,Not applicable,Asia,5,Not applicable,,Russia,built_in_approx_russia_geometry,,False
validation_2001_2022.geojson,geojson,8277,62.61500003718516,33.325000289798375,4,Logging,High,,Not applicable,Asia,5,Not applicable,,Russia,built_in_approx_russia_geometry,,False
validation_2001_2022.geojson,geojson,8278,57.464999225369525,46.68499991737848,4,Logging,High,Other natural disturbances,Medium,Asia,5,Not applicable,,Russia,built_in_approx_russia_geometry,,False
validation_2001_2022.geojson,geojson,8279,57.86500063879665,108.02500046216969,7,Other natural disturbances,High,,Not applicable,Asia,5,Not applicable,,Russia,built_in_approx_russia_geometry,,False
validation_2001_2022.geojson,geojson,8280,47.00500057510117,128.7749991412758,4,Logging,Low,,Not applicable,Asia,5,Not applicable,,Russia,built_in_approx_russia_geometry,,False
validation_2001_2022.geojson,geojson,8282,59.645000199068456,39.95500131573655,4,Logging,High,,Not applicable,Asia,5,Not applicable,,Russia,built_in_approx_russia_geometry,,False
validation_2001_2022.geojson,geojson,8285,59.04499913325524,58.73500038076088,4,Logging,High,Wildfire,Medium,Asia,5,Not applicable,,Russia,built_in_approx_russia_geometry,,False
validation_2001_2022.geojson,geojson,8287,62.9850005916677,35.38500017798328,4,Logging,High,,Not applicable,Asia,5,Not applicable,,Russia,built_in_approx_russia_geometry,,False
validation_2001_2022.geojson,geojson,8288,56.51500114706606,40.47499937542355,4,Logging,Medium,,Not applicable,Asia,5,Not applicable,,Russia,built_in_approx_russia_geometry,,False
validation_2001_2022.geojson,geojson,8290,56.67500035465636,52.62499970623711,7,Other natural disturbances,Medium,,Not applicable,Asia,5,Not applicable,,Russia,built_in_approx_russia_geometry,,False
validation_2001_2022.geojson,geojson,8292,56.32499881888153,32.79500047941523,4,Logging,High,,Not applicable,Asia,5,Not applicable,,Russia,built_in_approx_russia_geometry,,False
validation_2001_2022.geojson,geojson,8293,54.6749999276572,49.435001149547055,4,Logging,Medium,,Not applicable,Asia,5,Not applicable,,Russia,built_in_approx_russia_geometry,,False
validation_2001_2022.geojson,geojson,8294,47.07499955320444,128.6450007553466,4,Logging,Low,,Not applicable,Asia,5,Not applicable,,Russia,built_in_approx_russia_geometry,,False
validation_2001_2022.geojson,geojson,8296,58.05500069351836,33.54499892689153,4,Logging,High,,Not applicable,Asia,5,Not applicable,,Russia,built_in_approx_russia_geometry,,False
validation_2001_2022.geojson,geojson,8297,57.58500032099544,74.9249997164855,7,Other natural disturbances,Medium,,Not applicable,Asia,5,Not applicable,bark beetle,Russia,built_in_approx_russia_geometry,,False
validation_2001_2022.geojson,geojson,8298,58.43500080663564,44.98500110610763,4,Logging,High,,Not applicable,Asia,5,Not applicable,,Russia,built_in_approx_russia_geometry,,False
validation_2001_2022.geojson,geojson,8300,51.66499972162169,96.4749990024237,5,Wildfire,High,,Not applicable,Asia,5,Not applicable,,Russia,built_in_approx_russia_geometry,,False
validation_2001_2022.geojson,geojson,8301,55.955000476590165,91.25499919812466,5,Wildfire,Low,,Not applicable,Asia,5,Not applicable,,Russia,built_in_approx_russia_geometry,,True
validation_2001_2022.geojson,geojson,8302,62.48499937171525,124.58500034779092,5,Wildfire,High,,Not applicable,Asia,5,Not applicable,,Russia,built_in_approx_russia_geometry,,False
validation_2001_2022.geojson,geojson,8303,66.90500074734733,151.425000681619,5,Wildfire,High,,Not applicable,Asia,5,Not applicable,,Russia,built_in_approx_russia_geometry,,False
validation_2001_2022.geojson,geojson,8304,66.89499900229661,132.83499955011288,5,Wildfire,High,,Not applicable,Asia,5,Not applicable,,Russia,built_in_approx_russia_geometry,,False
validation_2001_2022.geojson,geojson,8305,66.61499866736393,166.15499890708537,5,Wildfire,Low,,Not applicable,Asia,5,Not applicable,,Russia,built_in_approx_russia_geometry,,False
validation_2001_2022.geojson,geojson,8306,64.71500025384086,147.65500014970107,5,Wildfire,High,,Not applicable,Asia,5,Not applicable,,Russia,built_in_approx_russia_geometry,,False
validation_2001_2022.geojson,geojson,8307,62.14499960821639,69.31500024132946,5,Wildfire,High,,Not applicable,Asia,5,Not applicable,,Russia,built_in_approx_russia_geometry,,False
validation_2001_2022.geojson,geojson,8308,65.05500002001783,117.95499935780744,5,Wildfire,High,,Not applicable,Asia,5,Not applicable,,Russia,built_in_approx_russia_geometry,,False
validation_2001_2022.geojson,geojson,8309,61.90499965963366,151.2649992182863,5,Wildfire,High,,Not applicable,Asia,5,Not applicable,,Russia,built_in_approx_russia_geometry,,False
validation_2001_2022.geojson,geojson,8310,63.565000342588576,142.12499922365933,5,Wildfire,High,,Not applicable,Asia,5,Not applicable,,Russia,built_in_approx_russia_geometry,,False
validation_2001_2022.geojson,geojson,8311,58.92500032130565,84.80500093632216,5,Wildfire,High,,Not applicable,Asia,5,Not applicable,,Russia,built_in_approx_russia_geometry,,False
validation_2001_2022.geojson,geojson,8312,65.16499935579293,118.1650007156331,5,Wildfire,High,,Not applicable,Asia,5,Not applicable,,Russia,built_in_approx_russia_geometry,,False
validation_2001_2022.geojson,geojson,8313,60.44499855907033,135.35500026703534,5,Wildfire,High,,Not applicable,Asia,5,Not applicable,,Russia,built_in_approx_russia_geometry,,False
validation_2001_2022.geojson,geojson,8314,59.2050006093688,90.01500124010023,5,Wildfire,High,Logging,High,Asia,5,Not applicable,,Russia,built_in_approx_russia_geometry,,False
validation_2001_2022.geojson,geojson,8315,59.27499959529285,110.7649999285511,5,Wildfire,High,,Not applicable,Asia,5,Not applicable,,Russia,built_in_approx_russia_geometry,,False
validation_2001_2022.geojson,geojson,8316,52.094999758942,110.0850003835913,5,Wildfire,High,,Not applicable,Asia,5,Not applicable,,Russia,built_in_approx_russia_geometry,,False
validation_2001_2022.geojson,geojson,8317,56.82500006471613,100.5050007923825,5,Wildfire,High,,Not applicable,Asia,5,Not applicable,,Russia,built_in_approx_russia_geometry,,False
validation_2001_2022.geojson,geojson,8318,61.004999244975146,86.50499974902525,5,Wildfire,Medium,,Not applicable,Asia,5,Not applicable,,Russia,built_in_approx_russia_geometry,,False
validation_2001_2022.geojson,geojson,8319,65.35499937445664,118.04499956705855,5,Wildfire,High,,Not applicable,Asia,5,Not applicable,,Russia,built_in_approx_russia_geometry,,False
validation_2001_2022.geojson,geojson,8320,66.38500042760036,122.64499933244186,5,Wildfire,High,,Not applicable,Asia,5,Not applicable,,Russia,built_in_approx_russia_geometry,,False
validation_2001_2022.geojson,geojson,8322,57.54499995073675,129.05499946096174,5,Wildfire,High,,Not applicable,Asia,5,Not applicable,,Russia,built_in_approx_russia_geometry,,False
validation_2001_2022.geojson,geojson,8323,51.06499867440496,110.1750006071307,5,Wildfire,High,,Not applicable,Asia,5,Not applicable,,Russia,built_in_approx_russia_geometry,,False
validation_2001_2022.geojson,geojson,8324,59.33499902996872,153.585000361011,5,Wildfire,High,,Not applicable,Asia,5,Not applicable,,Russia,built_in_approx_russia_geometry,,False
validation_2001_2022.geojson,geojson,8325,62.37500004247155,86.09500101503325,5,Wildfire,High,,Not applicable,Asia,5,Not applicable,,Russia,built_in_approx_russia_geometry,,False
validation_2001_2022.geojson,geojson,8326,51.025000541961866,129.3949992145292,5,Wildfire,High,,Not applicable,Asia,5,Not applicable,,Russia,built_in_approx_russia_geometry,,False
validation_2001_2022.geojson,geojson,8327,65.63499972879936,111.55500093286564,5,Wildfire,High,,Not applicable,Asia,5,Not applicable,,Russia,built_in_approx_russia_geometry,,False
validation_2001_2022.geojson,geojson,8328,65.80499850982123,123.47500083416207,5,Wildfire,High,,Not applicable,Asia,5,Not applicable,,Russia,built_in_approx_russia_geometry,,False
validation_2001_2022.geojson,geojson,8329,51.9549995735561,120.27500052853956,5,Wildfire,High,,Not applicable,Asia,5,Not applicable,,Russia,built_in_approx_russia_geometry,,False
validation_2001_2022.geojson,geojson,8330,60.61499960090084,86.58500045170946,5,Wildfire,High,,Not applicable,Asia,5,Not applicable,,Russia,built_in_approx_russia_geometry,,False
validation_2001_2022.geojson,geojson,8331,69.55499984947237,140.47500027577163,5,Wildfire,High,,Not applicable,Asia,5,Not applicable,,Russia,built_in_approx_russia_geometry,,False
validation_2001_2022.geojson,geojson,8332,60.8350004348253,100.07500072193778,5,Wildfire,High,,Not applicable,Asia,5,Not applicable,,Russia,built_in_approx_russia_geometry,,False
validation_2001_2022.geojson,geojson,8333,62.90499988428615,167.50500069103336,5,Wildfire,High,,Not applicable,Asia,5,Not applicable,,Russia,built_in_approx_russia_geometry,,False
validation_2001_2022.geojson,geojson,8334,66.77500008445085,134.13499912992174,5,Wildfire,High,,Not applicable,Asia,5,Not applicable,,Russia,built_in_approx_russia_geometry,,False
validation_2001_2022.geojson,geojson,8335,65.00500012459668,105.62500076129544,7,Other natural disturbances,Low,,Not applicable,Asia,5,Not applicable,,Russia,built_in_approx_russia_geometry,,False
validation_2001_2022.geojson,geojson,8336,64.0049999336542,144.42500134049885,5,Wildfire,High,,Not applicable,Asia,5,Not applicable,,Russia,built_in_approx_russia_geometry,,False
validation_2001_2022.geojson,geojson,8337,64.1949999756176,66.42500105912633,5,Wildfire,High,,Not applicable,Asia,5,Not applicable,,Russia,built_in_approx_russia_geometry,,False
validation_2001_2022.geojson,geojson,8338,55.52500042804071,104.91500040902594,5,Wildfire,High,,Not applicable,Asia,5,Not applicable,,Russia,built_in_approx_russia_geometry,,False
validation_2001_2022.geojson,geojson,8339,68.74499972370928,161.0850010451732,5,Wildfire,High,,Not applicable,Asia,5,Not applicable,secondary is noise,Russia,built_in_approx_russia_geometry,,False
validation_2001_2022.geojson,geojson,8340,53.914999684441874,106.45500005765912,5,Wildfire,High,,Not applicable,Asia,5,Not applicable,,Russia,built_in_approx_russia_geometry,,False
validation_2001_2022.geojson,geojson,8341,53.32500038473593,115.26499984092789,5,Wildfire,High,,Not applicable,Asia,5,Not applicable,,Russia,built_in_approx_russia_geometry,,False
validation_2001_2022.geojson,geojson,8342,62.38499957416435,81.37500019372945,5,Wildfire,High,,Not applicable,Asia,5,Not applicable,,Russia,built_in_approx_russia_geometry,,False
validation_2001_2022.geojson,geojson,8343,62.15499918946075,118.94500004009436,5,Wildfire,High,,Not applicable,Asia,5,Not applicable,,Russia,built_in_approx_russia_geometry,,False
validation_2001_2022.geojson,geojson,8344,51.34499903831547,128.02500062907026,5,Wildfire,High,,Not applicable,Asia,5,Not applicable,,Russia,built_in_approx_russia_geometry,,False
validation_2001_2022.geojson,geojson,8345,63.21500103872612,105.8449994388138,5,Wildfire,High,,Not applicable,Asia,5,Not applicable,,Russia,built_in_approx_russia_geometry,,False
validation_2001_2022.geojson,geojson,8346,57.05500049139681,125.52499892626396,5,Wildfire,High,,Not applicable,Asia,5,Not applicable,,Russia,built_in_approx_russia_geometry,,False
validation_2001_2022.geojson,geojson,8347,60.29499888576052,116.42499926981768,5,Wildfire,High,,Not applicable,Asia,5,Not applicable,,Russia,built_in_approx_russia_geometry,,False
validation_2001_2022.geojson,geojson,8348,62.04499982095047,80.15500127466733,5,Wildfire,High,,Not applicable,Asia,5,Not applicable,,Russia,built_in_approx_russia_geometry,,False
validation_2001_2022.geojson,geojson,8349,67.92500004465984,160.87499966403587,5,Wildfire,High,,Not applicable,Asia,5,Not applicable,,Russia,built_in_approx_russia_geometry,,False
validation_2001_2022.geojson,geojson,8350,57.74499954633009,116.63500063035808,5,Wildfire,Low,,Not applicable,Asia,5,Not applicable,,Russia,built_in_approx_russia_geometry,,False
validation_2001_2022.geojson,geojson,8351,65.55499901745225,146.83500048701785,5,Wildfire,High,,Not applicable,Asia,5,Not applicable,,Russia,built_in_approx_russia_geometry,,False
validation_2001_2022.geojson,geojson,8352,64.8949985938047,127.12500023114512,5,Wildfire,High,,Not applicable,Asia,5,Not applicable,,Russia,built_in_approx_russia_geometry,,False
validation_2001_2022.geojson,geojson,8353,50.71499938235299,96.68500038874774,5,Wildfire,Low,,Not applicable,Asia,5,Not applicable,,Russia,built_in_approx_russia_geometry,,False
validation_2001_2022.geojson,geojson,8354,60.69500031689409,97.06500052830935,5,Wildfire,High,Commodity-driven deforestation,High,Asia,5,Not applicable,energy is secondary,Russia,built_in_approx_russia_geometry,,False
validation_2001_2022.geojson,geojson,8355,48.635000452691976,42.3150006415402,5,Wildfire,High,,Not applicable,Asia,5,Not applicable,,Russia,built_in_approx_russia_geometry,,False
validation_2001_2022.geojson,geojson,8356,53.22500058922836,128.52499963044318,5,Wildfire,High,,Not applicable,Asia,5,Not applicable,,Russia,built_in_approx_russia_geometry,,False
validation_2001_2022.geojson,geojson,8357,56.5049993809249,114.90499878805214,5,Wildfire,High,,Not applicable,Asia,5,Not applicable,,Russia,built_in_approx_russia_geometry,,False
validation_2001_2022.geojson,geojson,8358,63.54499903989926,107.20500079293777,5,Wildfire,High,,Not applicable,Asia,5,Not applicable,,Russia,built_in_approx_russia_geometry,,False
validation_2001_2022.geojson,geojson,8359,59.42499928494835,97.57500125347975,5,Wildfire,High,,Not applicable,Asia,5,Not applicable,,Russia,built_in_approx_russia_geometry,,False
validation_2001_2022.geojson,geojson,8360,62.49499894041029,123.08500117565372,5,Wildfire,High,,Not applicable,Asia,5,Not applicable,,Russia,built_in_approx_russia_geometry,,False
validation_2001_2022.geojson,geojson,8361,65.1649993286502,112.26499911219538,5,Wildfire,High,,Not applicable,Asia,5,Not applicable,,Russia,built_in_approx_russia_geometry,,False
validation_2001_2022.geojson,geojson,8362,66.70499894246086,151.86500028068184,5,Wildfire,High,,Not applicable,Asia,5,Not applicable,,Russia,built_in_approx_russia_geometry,,False
validation_2001_2022.geojson,geojson,8363,51.745000430001134,127.61499969557204,5,Wildfire,Medium,,Not applicable,Asia,5,Not applicable,,Russia,built_in_approx_russia_geometry,,False
validation_2001_2022.geojson,geojson,8364,61.035000079779785,129.94500036441303,5,Wildfire,High,,Not applicable,Asia,5,Not applicable,,Russia,built_in_approx_russia_geometry,,False
validation_2001_2022.geojson,geojson,8365,60.54500061177131,59.745000172527256,5,Wildfire,High,,Not applicable,Asia,5,Not applicable,,Russia,built_in_approx_russia_geometry,,False
validation_2001_2022.geojson,geojson,8367,65.82499980066791,87.2150001000167,5,Wildfire,High,,Not applicable,Asia,5,Not applicable,,Russia,built_in_approx_russia_geometry,,False
validation_2001_2022.geojson,geojson,8368,60.21500040546209,151.98499914197566,5,Wildfire,High,,Not applicable,Asia,5,Not applicable,,Russia,built_in_approx_russia_geometry,,False
validation_2001_2022.geojson,geojson,8369,63.37500027202203,70.1150008074053,5,Wildfire,High,,Not applicable,Asia,5,Not applicable,,Russia,built_in_approx_russia_geometry,,False
validation_2001_2022.geojson,geojson,8370,64.40499911422415,116.55499994223604,5,Wildfire,High,,Not applicable,Asia,5,Not applicable,,Russia,built_in_approx_russia_geometry,,False
validation_2001_2022.geojson,geojson,8371,58.49500025929485,115.3050001841289,2,Hard commodities,High,,Not applicable,Asia,5,Energy,,Russia,built_in_approx_russia_geometry,,False
validation_2001_2022.geojson,geojson,8372,56.44499994408672,156.38499924801852,5,Wildfire,High,,Not applicable,Asia,5,Not applicable,,Russia,built_in_approx_russia_geometry,,False
validation_2001_2022.geojson,geojson,8373,63.34499944599501,107.19499898546768,5,Wildfire,High,,Not applicable,Asia,5,Not applicable,,Russia,built_in_approx_russia_geometry,,False
validation_2001_2022.geojson,geojson,8374,66.96500016178115,120.77499952166116,5,Wildfire,High,,Not applicable,Asia,5,Not applicable,,Russia,built_in_approx_russia_geometry,,False
validation_2001_2022.geojson,geojson,8375,62.854999985558166,144.27499934823774,5,Wildfire,High,,Not applicable,Asia,5,Not applicable,,Russia,built_in_approx_russia_geometry,,False
validation_2001_2022.geojson,geojson,8376,59.28499912496278,131.53499987378368,5,Wildfire,High,,Not applicable,Asia,5,Not applicable,,Russia,built_in_approx_russia_geometry,,False
validation_2001_2022.geojson,geojson,8377,65.54499946155353,123.40499963834698,5,Wildfire,High,,Not applicable,Asia,5,Not applicable,,Russia,built_in_approx_russia_geometry,,False
validation_2001_2022.geojson,geojson,8378,52.03500032444572,110.5050008754322,5,Wildfire,High,,Not applicable,Asia,5,Not applicable,,Russia,built_in_approx_russia_geometry,,False
validation_2001_2022.geojson,geojson,8379,62.094999735035486,88.595000503682,5,Wildfire,High,,Not applicable,Asia,5,Not applicable,,Russia,built_in_approx_russia_geometry,,False
validation_2001_2022.geojson,geojson,8380,61.34499900531012,103.8450012546153,7,Other natural disturbances,Low,,Not applicable,Asia,5,Not applicable,,Russia,built_in_approx_russia_geometry,,False
validation_2001_2022.geojson,geojson,8381,64.35499919433629,90.81499965599885,5,Wildfire,High,,Not applicable,Asia,5,Not applicable,,Russia,built_in_approx_russia_geometry,,False
validation_2001_2022.geojson,geojson,8382,57.66499882980517,95.02499967916964,5,Wildfire,High,Logging,Medium,Asia,5,Not applicable,,Russia,built_in_approx_russia_geometry,,False
validation_2001_2022.geojson,geojson,8383,61.89500015453344,121.6349996318316,5,Wildfire,High,,Not applicable,Asia,5,Not applicable,,Russia,built_in_approx_russia_geometry,,False
validation_2001_2022.geojson,geojson,8384,65.86500014850124,49.70499971199677,5,Wildfire,High,,Not applicable,Asia,5,Not applicable,,Russia,built_in_approx_russia_geometry,,False
validation_2001_2022.geojson,geojson,8385,48.57500100994528,139.0750008667978,5,Wildfire,High,,Not applicable,Asia,5,Not applicable,,Russia,built_in_approx_russia_geometry,,False
validation_2001_2022.geojson,geojson,8386,59.10499860078255,103.04500058466964,5,Wildfire,High,Logging,High,Asia,5,Not applicable,,Russia,built_in_approx_russia_geometry,,False
validation_2001_2022.geojson,geojson,8387,63.94500047619769,67.16500001289606,5,Wildfire,High,Commodity-driven deforestation,High,Asia,5,Not applicable,energy is secondary,Russia,built_in_approx_russia_geometry,,False
validation_2001_2022.geojson,geojson,8388,62.54499883706578,101.18500030636524,5,Wildfire,High,,Not applicable,Asia,5,Not applicable,,Russia,built_in_approx_russia_geometry,,False
validation_2001_2022.geojson,geojson,8389,62.29499932671146,149.71500014696338,5,Wildfire,High,,Not applicable,Asia,5,Not applicable,,Russia,built_in_approx_russia_geometry,,False
validation_2001_2022.geojson,geojson,8390,56.544999754145294,123.45499952322224,5,Wildfire,High,,Not applicable,Asia,5,Not applicable,,Russia,built_in_approx_russia_geometry,,False
validation_2001_2022.geojson,geojson,8391,62.58499918839586,94.72500026063872,5,Wildfire,Medium,,Not applicable,Asia,5,Not applicable,,Russia,built_in_approx_russia_geometry,,False
validation_2001_2022.geojson,geojson,8392,63.04500006168794,137.72500132282028,5,Wildfire,High,,Not applicable,Asia,5,Not applicable,,Russia,built_in_approx_russia_geometry,,False
validation_2001_2022.geojson,geojson,8393,62.52499976199738,97.99499953472156,5,Wildfire,High,,Not applicable,Asia,5,Not applicable,,Russia,built_in_approx_russia_geometry,,False
validation_2001_2022.geojson,geojson,8394,61.80499986977311,126.62500123579412,5,Wildfire,High,,Not applicable,Asia,5,Not applicable,,Russia,built_in_approx_russia_geometry,,False
validation_2001_2022.geojson,geojson,8395,65.51500088027015,135.81499887749456,5,Wildfire,High,,Not applicable,Asia,5,Not applicable,,Russia,built_in_approx_russia_geometry,,False
validation_2001_2022.geojson,geojson,8396,62.60500049349592,112.10499990522028,5,Wildfire,High,,Not applicable,Asia,5,Not applicable,,Russia,built_in_approx_russia_geometry,,False
validation_2001_2022.geojson,geojson,8397,59.97500042969974,121.92499941723862,5,Wildfire,High,,Not applicable,Asia,5,Not applicable,,Russia,built_in_approx_russia_geometry,,False
validation_2001_2022.geojson,geojson,8398,51.484999192090015,111.23500027600964,5,Wildfire,High,,Not applicable,Asia,5,Not applicable,,Russia,built_in_approx_russia_geometry,,False
validation_2001_2022.geojson,geojson,8399,53.35500121329461,132.16499948620464,5,Wildfire,High,,Not applicable,Asia,5,Not applicable,,Russia,built_in_approx_russia_geometry,,False
validation_2001_2022.geojson,geojson,8400,61.57499942636685,95.2649996577377,5,Wildfire,High,,Not applicable,Asia,5,Not applicable,,Russia,built_in_approx_russia_geometry,,False
validation_2001_2022.geojson,geojson,8401,62.49499891868727,53.3149987460314,5,Wildfire,High,,Not applicable,Asia,5,Not applicable,,Russia,built_in_approx_russia_geometry,,False
validation_2001_2022.geojson,geojson,8402,64.64499907131473,104.30499983957267,5,Wildfire,High,,Not applicable,Asia,5,Not applicable,,Russia,built_in_approx_russia_geometry,,False
validation_2001_2022.geojson,geojson,8403,66.54499968783018,125.00500091919557,5,Wildfire,High,,Not applicable,Asia,5,Not applicable,,Russia,built_in_approx_russia_geometry,,False
validation_2001_2022.geojson,geojson,8404,62.18500001262445,125.23500130671452,5,Wildfire,High,,Not applicable,Asia,5,Not applicable,,Russia,built_in_approx_russia_geometry,,False
validation_2001_2022.geojson,geojson,8405,52.31500064873824,123.5350002453505,5,Wildfire,Low,,Not applicable,Asia,5,Not applicable,,Russia,built_in_approx_russia_geometry,,False
validation_2001_2022.geojson,geojson,8406,50.854999534225854,114.2050001383503,5,Wildfire,High,,Not applicable,Asia,5,Not applicable,,Russia,built_in_approx_russia_geometry,,False
validation_2001_2022.geojson,geojson,8407,51.54499863667916,129.70500043892636,5,Wildfire,High,,Not applicable,Asia,5,Not applicable,,Russia,built_in_approx_russia_geometry,,False
validation_2001_2022.geojson,geojson,8408,51.28499959311242,136.63500083521217,5,Wildfire,High,,Not applicable,Asia,5,Not applicable,,Russia,built_in_approx_russia_geometry,,False
validation_2001_2022.geojson,geojson,8409,64.52500020493339,113.52500062156568,5,Wildfire,High,,Not applicable,Asia,5,Not applicable,,Russia,built_in_approx_russia_geometry,,False
validation_2001_2022.geojson,geojson,8410,64.59499915083998,84.34500008210856,5,Wildfire,High,,Not applicable,Asia,5,Not applicable,,Russia,built_in_approx_russia_geometry,,False
validation_2001_2022.geojson,geojson,8411,59.42499929273985,133.86500048323762,5,Wildfire,High,,Not applicable,Asia,5,Not applicable,,Russia,built_in_approx_russia_geometry,,False
validation_2001_2022.geojson,geojson,8413,48.70499939479779,128.60500037166295,5,Wildfire,Medium,,Not applicable,Asia,5,Not applicable,,Russia,built_in_approx_russia_geometry,,False
validation_2001_2022.geojson,geojson,8414,62.21499858373649,127.4050005850812,5,Wildfire,High,,Not applicable,Asia,5,Not applicable,,Russia,built_in_approx_russia_geometry,,False
validation_2001_2022.geojson,geojson,8415,64.6550008327199,112.7150004679631,5,Wildfire,Low,,Not applicable,Asia,5,Not applicable,,Russia,built_in_approx_russia_geometry,,False
validation_2001_2022.geojson,geojson,8416,67.42499878980365,137.78500071474977,5,Wildfire,High,,Not applicable,Asia,5,Not applicable,,Russia,built_in_approx_russia_geometry,,False
validation_2001_2022.geojson,geojson,8417,52.84500046412119,119.4150004415915,5,Wildfire,High,,Not applicable,Asia,5,Not applicable,,Russia,built_in_approx_russia_geometry,,False
validation_2001_2022.geojson,geojson,8418,56.88499947750232,94.96500022884526,5,Wildfire,High,Logging,Low,Asia,5,Not applicable,,Russia,built_in_approx_russia_geometry,,False
validation_2001_2022.geojson,geojson,8421,60.60500003751019,70.9049996961245,2,Hard commodities,High,,Not applicable,Asia,5,Energy,,Russia,built_in_approx_russia_geometry,,False
validation_2001_2022.geojson,geojson,8424,61.79500035543164,70.56499990189795,2,Hard commodities,High,Settlements & infrastructure,High,Asia,5,Energy,,Russia,built_in_approx_russia_geometry,,False
validation_2001_2022.geojson,geojson,8430,44.70500073296398,129.70500042445067,6,Settlements & infrastructure,High,,Not applicable,Asia,5,Not applicable,,Russia,built_in_approx_russia_geometry,,False
validation_2001_2022.geojson,geojson,8433,61.37499985808312,70.3950011719567,2,Hard commodities,High,Other natural disturbances,Medium,Asia,5,Energy,,Russia,built_in_approx_russia_geometry,,False
validation_2001_2022.geojson,geojson,8437,61.69500054034513,73.88500128191225,2,Hard commodities,High,,Not applicable,Asia,5,Energy,,Russia,built_in_approx_russia_geometry,,False
validation_2001_2022.geojson,geojson,8445,59.98499998190863,30.74500014662864,4,Logging,High,Settlements & infrastructure,High,Asia,5,Not applicable,,Russia,built_in_approx_russia_geometry,,False
validation_2001_2022.geojson,geojson,8449,55.96500002269785,54.80500066013416,6,Settlements & infrastructure,High,,Not applicable,Asia,5,Not applicable,secondary is noise,Russia,built_in_approx_russia_geometry,,False
validation_2001_2022.geojson,geojson,8450,61.71499958193511,33.62499973191838,6,Settlements & infrastructure,High,Logging,High,Asia,5,Not applicable,,Russia,built_in_approx_russia_geometry,,False
validation_2001_2022.geojson,geojson,8451,47.83499981177253,41.04499961523993,7,Other natural disturbances,Low,,Not applicable,Asia,5,Not applicable,,Russia,built_in_approx_russia_geometry,,False
validation_2001_2022.geojson,geojson,8454,54.33500016410571,48.51499941379256,6,Settlements & infrastructure,High,Wildfire,Medium,Asia,5,Not applicable,,Russia,built_in_approx_russia_geometry,,False
validation_2001_2022.geojson,geojson,8459,53.93500094504429,99.93500055697233,7,Other natural disturbances,Medium,Wildfire,Low,Asia,5,Not applicable,,Russia,built_in_approx_russia_geometry,,False
validation_2001_2022.geojson,geojson,8460,61.254998722500325,114.61500113630386,7,Other natural disturbances,Low,,Not applicable,Asia,5,Not applicable,,Russia,built_in_approx_russia_geometry,,False
validation_2001_2022.geojson,geojson,8461,46.49499982803405,137.55500031970075,7,Other natural disturbances,Medium,,Not applicable,Asia,5,Not applicable,,Russia,built_in_approx_russia_geometry,,False
validation_2001_2022.geojson,geojson,8462,66.03499892705796,55.32500100748889,7,Other natural disturbances,Medium,,Not applicable,Asia,5,Not applicable,,Russia,built_in_approx_russia_geometry,,False
validation_2001_2022.geojson,geojson,8463,59.69500009604443,111.7249997539564,5,Wildfire,High,,Not applicable,Asia,5,Not applicable,,Russia,built_in_approx_russia_geometry,,False
validation_2001_2022.geojson,geojson,8464,58.82500051642638,91.31500084450924,7,Other natural disturbances,Medium,,Not applicable,Asia,5,Not applicable,,Russia,built_in_approx_russia_geometry,,False
validation_2001_2022.geojson,geojson,8465,59.86499887828432,107.68500066103354,2,Hard commodities,Medium,,Not applicable,Asia,5,Energy,,Russia,built_in_approx_russia_geometry,,False
validation_2001_2022.geojson,geojson,8466,60.04499939235152,35.38500023704798,7,Other natural disturbances,Low,,Not applicable,Asia,5,Not applicable,,Russia,built_in_approx_russia_geometry,,False
validation_2001_2022.geojson,geojson,8467,59.37499938398041,63.85500041394593,7,Other natural disturbances,Low,,Not applicable,Asia,5,Not applicable,,Russia,built_in_approx_russia_geometry,,True
validation_2001_2022.geojson,geojson,8469,55.43500016010312,50.90499949396352,7,Other natural disturbances,Low,,Not applicable,Asia,5,Not applicable,,Russia,built_in_approx_russia_geometry,,True
validation_2001_2022.geojson,geojson,8470,59.39500067921716,106.6250010119293,5,Wildfire,Medium,,Not applicable,Asia,5,Not applicable,,Russia,built_in_approx_russia_geometry,,False
validation_2001_2022.geojson,geojson,8471,60.07500022413559,103.6549988897791,7,Other natural disturbances,Medium,,Not applicable,Asia,5,Not applicable,,Russia,built_in_approx_russia_geometry,,False
validation_2001_2022.geojson,geojson,8472,54.41500087350946,88.1549987023888,7,Other natural disturbances,Low,,Not applicable,Asia,5,Not applicable,,Russia,built_in_approx_russia_geometry,,False
validation_2001_2022.geojson,geojson,8473,61.40500067817762,33.27500042277749,7,Other natural disturbances,Medium,,Not applicable,Asia,5,Not applicable,,Russia,built_in_approx_russia_geometry,,False
validation_2001_2022.geojson,geojson,8474,58.82500047969963,37.96500040771897,7,Other natural disturbances,Medium,,Not applicable,Asia,5,Not applicable,,Russia,built_in_approx_russia_geometry,,False
validation_2001_2022.geojson,geojson,8475,51.37499985984216,107.96500102575452,7,Other natural disturbances,Medium,,Not applicable,Asia,5,Not applicable,,Russia,built_in_approx_russia_geometry,,False
validation_2001_2022.geojson,geojson,8476,62.30500110593252,75.22500133333027,7,Other natural disturbances,Medium,,Not applicable,Asia,5,Not applicable,,Russia,built_in_approx_russia_geometry,,False
validation_2001_2022.geojson,geojson,8477,60.77499882033294,88.35500051886109,7,Other natural disturbances,Medium,,Not applicable,Asia,5,Not applicable,,Russia,built_in_approx_russia_geometry,,False
validation_2001_2022.geojson,geojson,8478,51.78500082531186,106.7750007367975,7,Other natural disturbances,Medium,,Not applicable,Asia,5,Not applicable,,Russia,built_in_approx_russia_geometry,,False
validation_2001_2022.geojson,geojson,8479,59.914998753259496,76.34500043190371,7,Other natural disturbances,Medium,,Not applicable,Asia,5,Not applicable,,Russia,built_in_approx_russia_geometry,,False
validation_2001_2022.geojson,geojson,8480,50.79500011008133,109.86499945584232,7,Other natural disturbances,Low,,Not applicable,Asia,5,Not applicable,,Russia,built_in_approx_russia_geometry,,False
validation_2001_2022.geojson,geojson,8481,58.36499965410522,67.68500035638048,7,Other natural disturbances,Low,,Not applicable,Asia,5,Not applicable,,Russia,built_in_approx_russia_geometry,,False
validation_2001_2022.geojson,geojson,8482,58.83500003534744,62.27500044266256,7,Other natural disturbances,Medium,,Not applicable,Asia,5,Not applicable,,Russia,built_in_approx_russia_geometry,,False
validation_2001_2022.geojson,geojson,8483,57.83499980515322,48.754999375875386,7,Other natural disturbances,Medium,Logging,Low,Asia,5,Not applicable,,Russia,built_in_approx_russia_geometry,,False
validation_2001_2022.geojson,geojson,8484,64.4149986321711,72.80500035749144,7,Other natural disturbances,Low,,Not applicable,Asia,5,Not applicable,,Russia,built_in_approx_russia_geometry,,False
validation_2001_2022.geojson,geojson,8485,64.79499873256249,56.435000544237326,7,Other natural disturbances,Medium,,Not applicable,Asia,5,Not applicable,,Russia,built_in_approx_russia_geometry,,False
validation_2001_2022.geojson,geojson,8488,58.77500060857445,82.9749992259283,4,Logging,High,,Not applicable,Asia,5,Not applicable,,Russia,built_in_approx_russia_geometry,,False
validation_2001_2022.geojson,geojson,8489,64.11499921004693,126.50500010625392,7,Other natural disturbances,Low,,Not applicable,Asia,5,Not applicable,,Russia,built_in_approx_russia_geometry,,True
validation_2001_2022.geojson,geojson,8490,57.5949998713721,78.49500054824598,7,Other natural disturbances,Low,Commodity-driven deforestation,High,Asia,5,Energy,,Russia,built_in_approx_russia_geometry,,False
validation_2001_2022.geojson,geojson,8491,59.94499960733044,78.59500037429399,7,Other natural disturbances,Medium,,Not applicable,Asia,5,Not applicable,,Russia,built_in_approx_russia_geometry,,False
validation_2001_2022.geojson,geojson,8492,57.224999254351125,85.24500048227226,7,Other natural disturbances,High,,Not applicable,Asia,5,Not applicable,,Russia,built_in_approx_russia_geometry,,False
validation_2001_2022.geojson,geojson,8493,60.58500097217665,59.81499909841516,5,Wildfire,High,,Not applicable,Asia,5,Not applicable,,Russia,built_in_approx_russia_geometry,,False
validation_2001_2022.geojson,geojson,8494,64.54499924814101,60.96500126053973,7,Other natural disturbances,Medium,,Not applicable,Asia,5,Not applicable,,Russia,built_in_approx_russia_geometry,,False
validation_2001_2022.geojson,geojson,8495,67.6449996876545,136.56499961342544,7,Other natural disturbances,Low,,Not applicable,Asia,5,Not applicable,,Russia,built_in_approx_russia_geometry,,False
validation_2001_2022.geojson,geojson,8496,59.76499907964426,110.50500090234203,2,Hard commodities,High,,Not applicable,Asia,5,Energy,,Russia,built_in_approx_russia_geometry,,False
validation_2001_2022.geojson,geojson,8497,59.034999662441045,93.8150003183712,7,Other natural disturbances,Low,,Not applicable,Asia,5,Not applicable,,Russia,built_in_approx_russia_geometry,,False
validation_2001_2022.geojson,geojson,8498,64.09500016263854,65.49499979031104,7,Other natural disturbances,Low,,Not applicable,Asia,5,Not applicable,,Russia,built_in_approx_russia_geometry,,True
