{
  "type": "FeatureCollection",
  "features": [
    {
      "type": "Feature",
      "properties": {
        "sample_id": "e5d1cf9d104794e5484ceb29d59704d09267eb19",
        "source_file": "training_2001_2025_v1_3.csv",
        "source_id": "3118",
        "lat": 49.954996894929614,
        "lon": 37.83499978275255,
        "driver": "Wildfire",
        "confidence": "Medium",
        "source_event_year": null,
        "event_year": null,
        "total_loss_area_ha": null,
        "dominant_loss_area_ha": null,
        "dominant_year_share": null,
        "sample_status": null,
        "pre_scene_id": null,
        "pre_date": null,
        "post_scene_id": null,
        "post_date": null,
        "pre_local_cloud": null,
        "post_local_cloud": null,
        "manual_validation": "Unclear",
        "manual_notes": "smoke",
        "event_mask_metadata": null,
        "local_raster_paths": null
      },
      "geometry": {
        "type": "Point",
        "coordinates": [
          37.83499978275255,
          49.954996894929614
        ]
      }
    },
    {
      "type": "Feature",
      "properties": {
        "sample_id": "796504d5192850c16979d06759fa375a5a5199ea",
        "source_file": "training_2001_2025_v1_3.csv",
        "source_id": "3600",
        "lat": 54.6049987241561,
        "lon": 20.485001000142493,
        "driver": "Wildfire",
        "confidence": "Low",
        "source_event_year": null,
        "event_year": null,
        "total_loss_area_ha": null,
        "dominant_loss_area_ha": null,
        "dominant_year_share": null,
        "sample_status": null,
        "pre_scene_id": null,
        "pre_date": null,
        "post_scene_id": null,
        "post_date": null,
        "pre_local_cloud": null,
        "post_local_cloud": null,
        "manual_validation": null,
        "manual_notes": null,
        "event_mask_metadata": null,
        "local_raster_paths": null
      },
      "geometry": {
        "type": "Point",
        "coordinates": [
          20.485001000142493,
          54.6049987241561
        ]
      }
    },
    {
      "type": "Feature",
      "properties": {
        "sample_id": "52c9dcc7bf5b5befd1806a1fede1555db65a0873",
        "source_file": "training_2001_2025_v1_3.csv",
        "source_id": "5319",
        "lat": 56.24500034074871,
        "lon": 134.95499883130643,
        "driver": "Wildfire",
        "confidence": "High",
        "source_event_year": null,
        "event_year": null,
        "total_loss_area_ha": null,
        "dominant_loss_area_ha": null,
        "dominant_year_share": null,
        "sample_status": null,
        "pre_scene_id": null,
        "pre_date": null,
        "post_scene_id": null,
        "post_date": null,
        "pre_local_cloud": null,
        "post_local_cloud": null,
        "manual_validation": null,
        "manual_notes": null,
        "event_mask_metadata": null,
        "local_raster_paths": null
      },
      "geometry": {
        "type": "Point",
        "coordinates": [
          134.95499883130643,
          56.24500034074871
        ]
      }
    },
    {
      "type": "Feature",
      "properties": {
        "sample_id": "16c99af300ca773031b92f90b4caef801ac72951",
        "source_file": "training_2001_2025_v1_3.csv",
        "source_id": "5391",
        "lat": 55.50499913611947,
        "lon": 128.5050005376442,
        "driver": "Wildfire",
        "confidence": "High",
        "source_event_year": null,
        "event_year": null,
        "total_loss_area_ha": null,
        "dominant_loss_area_ha": null,
        "dominant_year_share": null,
        "sample_status": null,
        "pre_scene_id": null,
        "pre_date": null,
        "post_scene_id": null,
        "post_date": null,
        "pre_local_cloud": null,
        "post_local_cloud": null,
        "manual_validation": null,
        "manual_notes": null,
        "event_mask_metadata": null,
        "local_raster_paths": null
      },
      "geometry": {
        "type": "Point",
        "coordinates": [
          128.5050005376442,
          55.50499913611947
        ]
      }
    },
    {
      "type": "Feature",
      "properties": {
        "sample_id": "000634004f5210baf3bb348a38459e437234bc72",
        "source_file": "training_2001_2025_v1_3.csv",
        "source_id": "5410",
        "lat": 51.12499812402781,
        "lon": 112.00500232478684,
        "driver": "Wildfire",
        "confidence": "High",
        "source_event_year": null,
        "event_year": null,
        "total_loss_area_ha": null,
        "dominant_loss_area_ha": null,
        "dominant_year_share": null,
        "sample_status": null,
        "pre_scene_id": null,
        "pre_date": null,
        "post_scene_id": null,
        "post_date": null,
        "pre_local_cloud": null,
        "post_local_cloud": null,
        "manual_validation": null,
        "manual_notes": null,
        "event_mask_metadata": null,
        "local_raster_paths": null
      },
      "geometry": {
        "type": "Point",
        "coordinates": [
          112.00500232478684,
          51.12499812402781
        ]
      }
    },
    {
      "type": "Feature",
      "properties": {
        "sample_id": "e530ba2b82dd12dde4f17a5feb9240b81c2a7106",
        "source_file": "training_2001_2025_v1_3.csv",
        "source_id": "5426",
        "lat": 58.73500020582215,
        "lon": 131.88499917206653,
        "driver": "Wildfire",
        "confidence": "High",
        "source_event_year": null,
        "event_year": null,
        "total_loss_area_ha": null,
        "dominant_loss_area_ha": null,
        "dominant_year_share": null,
        "sample_status": null,
        "pre_scene_id": null,
        "pre_date": null,
        "post_scene_id": null,
        "post_date": null,
        "pre_local_cloud": null,
        "post_local_cloud": null,
        "manual_validation": null,
        "manual_notes": null,
        "event_mask_metadata": null,
        "local_raster_paths": null
      },
      "geometry": {
        "type": "Point",
        "coordinates": [
          131.88499917206653,
          58.73500020582215
        ]
      }
    },
    {
      "type": "Feature",
      "properties": {
        "sample_id": "8bbaae3b7779a328ce48262e5bd219789dc5543e",
        "source_file": "training_2001_2025_v1_3.csv",
        "source_id": "5427",
        "lat": 53.10499951002016,
        "lon": 118.9650013800897,
        "driver": "Wildfire",
        "confidence": "Low",
        "source_event_year": null,
        "event_year": null,
        "total_loss_area_ha": null,
        "dominant_loss_area_ha": null,
        "dominant_year_share": null,
        "sample_status": null,
        "pre_scene_id": null,
        "pre_date": null,
        "post_scene_id": null,
        "post_date": null,
        "pre_local_cloud": null,
        "post_local_cloud": null,
        "manual_validation": null,
        "manual_notes": null,
        "event_mask_metadata": null,
        "local_raster_paths": null
      },
      "geometry": {
        "type": "Point",
        "coordinates": [
          118.9650013800897,
          53.10499951002016
        ]
      }
    },
    {
      "type": "Feature",
      "properties": {
        "sample_id": "bfc55db43317a0ac81fe86219cbdc808c6fa9150",
        "source_file": "training_2001_2025_v1_3.csv",
        "source_id": "5455",
        "lat": 62.91499942184926,
        "lon": 61.054999342349106,
        "driver": "Wildfire",
        "confidence": "High",
        "source_event_year": null,
        "event_year": null,
        "total_loss_area_ha": null,
        "dominant_loss_area_ha": null,
        "dominant_year_share": null,
        "sample_status": null,
        "pre_scene_id": null,
        "pre_date": null,
        "post_scene_id": null,
        "post_date": null,
        "pre_local_cloud": null,
        "post_local_cloud": null,
        "manual_validation": null,
        "manual_notes": null,
        "event_mask_metadata": null,
        "local_raster_paths": null
      },
      "geometry": {
        "type": "Point",
        "coordinates": [
          61.054999342349106,
          62.91499942184926
        ]
      }
    },
    {
      "type": "Feature",
      "properties": {
        "sample_id": "c61747c3b5a6d496f51789b0d0af098e7dbd46b9",
        "source_file": "training_2001_2025_v1_3.csv",
        "source_id": "5464",
        "lat": 56.73499981621782,
        "lon": 118.25500101464922,
        "driver": "Wildfire",
        "confidence": "High",
        "source_event_year": null,
        "event_year": null,
        "total_loss_area_ha": null,
        "dominant_loss_area_ha": null,
        "dominant_year_share": null,
        "sample_status": null,
        "pre_scene_id": null,
        "pre_date": null,
        "post_scene_id": null,
        "post_date": null,
        "pre_local_cloud": null,
        "post_local_cloud": null,
        "manual_validation": null,
        "manual_notes": null,
        "event_mask_metadata": null,
        "local_raster_paths": null
      },
      "geometry": {
        "type": "Point",
        "coordinates": [
          118.25500101464922,
          56.73499981621782
        ]
      }
    },
    {
      "type": "Feature",
      "properties": {
        "sample_id": "23e47104e6e76635e5b790568c50e0731211adba",
        "source_file": "training_2001_2025_v1_3.csv",
        "source_id": "5467",
        "lat": 68.58500049393297,
        "lon": 136.2249998643583,
        "driver": "Wildfire",
        "confidence": "High",
        "source_event_year": null,
        "event_year": null,
        "total_loss_area_ha": null,
        "dominant_loss_area_ha": null,
        "dominant_year_share": null,
        "sample_status": null,
        "pre_scene_id": null,
        "pre_date": null,
        "post_scene_id": null,
        "post_date": null,
        "pre_local_cloud": null,
        "post_local_cloud": null,
        "manual_validation": null,
        "manual_notes": null,
        "event_mask_metadata": null,
        "local_raster_paths": null
      },
      "geometry": {
        "type": "Point",
        "coordinates": [
          136.2249998643583,
          68.58500049393297
        ]
      }
    },
    {
      "type": "Feature",
      "properties": {
        "sample_id": "9372ba07a5646dc3151a94a77b6aea74bc3c483f",
        "source_file": "training_2001_2025_v1_3.csv",
        "source_id": "5473",
        "lat": 59.30500043132925,
        "lon": 130.98499879848745,
        "driver": "Wildfire",
        "confidence": "High",
        "source_event_year": null,
        "event_year": null,
        "total_loss_area_ha": null,
        "dominant_loss_area_ha": null,
        "dominant_year_share": null,
        "sample_status": null,
        "pre_scene_id": null,
        "pre_date": null,
        "post_scene_id": null,
        "post_date": null,
        "pre_local_cloud": null,
        "post_local_cloud": null,
        "manual_validation": null,
        "manual_notes": null,
        "event_mask_metadata": null,
        "local_raster_paths": null
      },
      "geometry": {
        "type": "Point",
        "coordinates": [
          130.98499879848745,
          59.30500043132925
        ]
      }
    },
    {
      "type": "Feature",
      "properties": {
        "sample_id": "f6453d8b58dbaf8817984c8f75bb7bd8a4d5413a",
        "source_file": "training_2001_2025_v1_3.csv",
        "source_id": "5475",
        "lat": 53.57499990686501,
        "lon": 128.6749993593131,
        "driver": "Wildfire",
        "confidence": "High",
        "source_event_year": null,
        "event_year": null,
        "total_loss_area_ha": null,
        "dominant_loss_area_ha": null,
        "dominant_year_share": null,
        "sample_status": null,
        "pre_scene_id": null,
        "pre_date": null,
        "post_scene_id": null,
        "post_date": null,
        "pre_local_cloud": null,
        "post_local_cloud": null,
        "manual_validation": null,
        "manual_notes": null,
        "event_mask_metadata": null,
        "local_raster_paths": null
      },
      "geometry": {
        "type": "Point",
        "coordinates": [
          128.6749993593131,
          53.57499990686501
        ]
      }
    },
    {
      "type": "Feature",
      "properties": {
        "sample_id": "cc8a64b02d9a3e39110815c82289f50a53f1aa5c",
        "source_file": "training_2001_2025_v1_3.csv",
        "source_id": "5483",
        "lat": 59.24500097116978,
        "lon": 135.1849992420386,
        "driver": "Wildfire",
        "confidence": "High",
        "source_event_year": null,
        "event_year": null,
        "total_loss_area_ha": null,
        "dominant_loss_area_ha": null,
        "dominant_year_share": null,
        "sample_status": null,
        "pre_scene_id": null,
        "pre_date": null,
        "post_scene_id": null,
        "post_date": null,
        "pre_local_cloud": null,
        "post_local_cloud": null,
        "manual_validation": null,
        "manual_notes": null,
        "event_mask_metadata": null,
        "local_raster_paths": null
      },
      "geometry": {
        "type": "Point",
        "coordinates": [
          135.1849992420386,
          59.24500097116978
        ]
      }
    },
    {
      "type": "Feature",
      "properties": {
        "sample_id": "03729ae3b0bec34e691900e592270d87a31d71db",
        "source_file": "training_2001_2025_v1_3.csv",
        "source_id": "5484",
        "lat": 54.56500057384093,
        "lon": 121.71500025839018,
        "driver": "Wildfire",
        "confidence": "High",
        "source_event_year": null,
        "event_year": null,
        "total_loss_area_ha": null,
        "dominant_loss_area_ha": null,
        "dominant_year_share": null,
        "sample_status": null,
        "pre_scene_id": null,
        "pre_date": null,
        "post_scene_id": null,
        "post_date": null,
        "pre_local_cloud": null,
        "post_local_cloud": null,
        "manual_validation": null,
        "manual_notes": null,
        "event_mask_metadata": null,
        "local_raster_paths": null
      },
      "geometry": {
        "type": "Point",
        "coordinates": [
          121.71500025839018,
          54.56500057384093
        ]
      }
    },
    {
      "type": "Feature",
      "properties": {
        "sample_id": "d7ec1a58161597ec07b22d446aa1930d579ed5f7",
        "source_file": "training_2001_2025_v1_3.csv",
        "source_id": "5495",
        "lat": 55.40499934140713,
        "lon": 121.855000495768,
        "driver": "Wildfire",
        "confidence": "High",
        "source_event_year": null,
        "event_year": null,
        "total_loss_area_ha": null,
        "dominant_loss_area_ha": null,
        "dominant_year_share": null,
        "sample_status": null,
        "pre_scene_id": null,
        "pre_date": null,
        "post_scene_id": null,
        "post_date": null,
        "pre_local_cloud": null,
        "post_local_cloud": null,
        "manual_validation": null,
        "manual_notes": null,
        "event_mask_metadata": null,
        "local_raster_paths": null
      },
      "geometry": {
        "type": "Point",
        "coordinates": [
          121.855000495768,
          55.40499934140713
        ]
      }
    },
    {
      "type": "Feature",
      "properties": {
        "sample_id": "06ca6f501fea6b65dc1b083507fee1ceee701297",
        "source_file": "training_2001_2025_v1_3.csv",
        "source_id": "5498",
        "lat": 59.1049986397109,
        "lon": 130.77499959522254,
        "driver": "Wildfire",
        "confidence": "High",
        "source_event_year": null,
        "event_year": null,
        "total_loss_area_ha": null,
        "dominant_loss_area_ha": null,
        "dominant_year_share": null,
        "sample_status": null,
        "pre_scene_id": null,
        "pre_date": null,
        "post_scene_id": null,
        "post_date": null,
        "pre_local_cloud": null,
        "post_local_cloud": null,
        "manual_validation": null,
        "manual_notes": null,
        "event_mask_metadata": null,
        "local_raster_paths": null
      },
      "geometry": {
        "type": "Point",
        "coordinates": [
          130.77499959522254,
          59.1049986397109
        ]
      }
    },
    {
      "type": "Feature",
      "properties": {
        "sample_id": "315b3772a9ff8224664d5d79f8c3bb2d2ee2be59",
        "source_file": "training_2001_2025_v1_3.csv",
        "source_id": "5502",
        "lat": 60.03499987161484,
        "lon": 134.00500074551306,
        "driver": "Wildfire",
        "confidence": "High",
        "source_event_year": null,
        "event_year": null,
        "total_loss_area_ha": null,
        "dominant_loss_area_ha": null,
        "dominant_year_share": null,
        "sample_status": null,
        "pre_scene_id": null,
        "pre_date": null,
        "post_scene_id": null,
        "post_date": null,
        "pre_local_cloud": null,
        "post_local_cloud": null,
        "manual_validation": null,
        "manual_notes": null,
        "event_mask_metadata": null,
        "local_raster_paths": null
      },
      "geometry": {
        "type": "Point",
        "coordinates": [
          134.00500074551306,
          60.03499987161484
        ]
      }
    },
    {
      "type": "Feature",
      "properties": {
        "sample_id": "5460ab9a1335e1659da42d39893d8e7efeac2980",
        "source_file": "training_2001_2025_v1_3.csv",
        "source_id": "5514",
        "lat": 67.64499967146836,
        "lon": 145.37499938592526,
        "driver": "Wildfire",
        "confidence": "High",
        "source_event_year": null,
        "event_year": null,
        "total_loss_area_ha": null,
        "dominant_loss_area_ha": null,
        "dominant_year_share": null,
        "sample_status": null,
        "pre_scene_id": null,
        "pre_date": null,
        "post_scene_id": null,
        "post_date": null,
        "pre_local_cloud": null,
        "post_local_cloud": null,
        "manual_validation": null,
        "manual_notes": null,
        "event_mask_metadata": null,
        "local_raster_paths": null
      },
      "geometry": {
        "type": "Point",
        "coordinates": [
          145.37499938592526,
          67.64499967146836
        ]
      }
    },
    {
      "type": "Feature",
      "properties": {
        "sample_id": "05d5126ea7bf1e23249a4315161430b5677f91c8",
        "source_file": "training_2001_2025_v1_3.csv",
        "source_id": "5542",
        "lat": 60.595000512427085,
        "lon": 117.57499920686212,
        "driver": "Wildfire",
        "confidence": "High",
        "source_event_year": null,
        "event_year": null,
        "total_loss_area_ha": null,
        "dominant_loss_area_ha": null,
        "dominant_year_share": null,
        "sample_status": null,
        "pre_scene_id": null,
        "pre_date": null,
        "post_scene_id": null,
        "post_date": null,
        "pre_local_cloud": null,
        "post_local_cloud": null,
        "manual_validation": null,
        "manual_notes": null,
        "event_mask_metadata": null,
        "local_raster_paths": null
      },
      "geometry": {
        "type": "Point",
        "coordinates": [
          117.57499920686212,
          60.595000512427085
        ]
      }
    },
    {
      "type": "Feature",
      "properties": {
        "sample_id": "3a069e3abb0fd68fde47f4825bd6a974af040ece",
        "source_file": "training_2001_2025_v1_3.csv",
        "source_id": "5552",
        "lat": 65.32499858639436,
        "lon": 126.07500002024312,
        "driver": "Wildfire",
        "confidence": "High",
        "source_event_year": null,
        "event_year": null,
        "total_loss_area_ha": null,
        "dominant_loss_area_ha": null,
        "dominant_year_share": null,
        "sample_status": null,
        "pre_scene_id": null,
        "pre_date": null,
        "post_scene_id": null,
        "post_date": null,
        "pre_local_cloud": null,
        "post_local_cloud": null,
        "manual_validation": null,
        "manual_notes": null,
        "event_mask_metadata": null,
        "local_raster_paths": null
      },
      "geometry": {
        "type": "Point",
        "coordinates": [
          126.07500002024312,
          65.32499858639436
        ]
      }
    },
    {
      "type": "Feature",
      "properties": {
        "sample_id": "c46917dcb84d8566b042eaa771ec2e611209db4c",
        "source_file": "training_2001_2025_v1_3.csv",
        "source_id": "5557",
        "lat": 69.2650000035549,
        "lon": 142.13499877088125,
        "driver": "Wildfire",
        "confidence": "High",
        "source_event_year": null,
        "event_year": null,
        "total_loss_area_ha": null,
        "dominant_loss_area_ha": null,
        "dominant_year_share": null,
        "sample_status": null,
        "pre_scene_id": null,
        "pre_date": null,
        "post_scene_id": null,
        "post_date": null,
        "pre_local_cloud": null,
        "post_local_cloud": null,
        "manual_validation": null,
        "manual_notes": null,
        "event_mask_metadata": null,
        "local_raster_paths": null
      },
      "geometry": {
        "type": "Point",
        "coordinates": [
          142.13499877088125,
          69.2650000035549
        ]
      }
    },
    {
      "type": "Feature",
      "properties": {
        "sample_id": "d648e9dc7882e301a1055355b3eb897bf2e75ac6",
        "source_file": "training_2001_2025_v1_3.csv",
        "source_id": "5567",
        "lat": 66.85500085228612,
        "lon": 134.0749997291289,
        "driver": "Wildfire",
        "confidence": "High",
        "source_event_year": null,
        "event_year": null,
        "total_loss_area_ha": null,
        "dominant_loss_area_ha": null,
        "dominant_year_share": null,
        "sample_status": null,
        "pre_scene_id": null,
        "pre_date": null,
        "post_scene_id": null,
        "post_date": null,
        "pre_local_cloud": null,
        "post_local_cloud": null,
        "manual_validation": null,
        "manual_notes": null,
        "event_mask_metadata": null,
        "local_raster_paths": null
      },
      "geometry": {
        "type": "Point",
        "coordinates": [
          134.0749997291289,
          66.85500085228612
        ]
      }
    },
    {
      "type": "Feature",
      "properties": {
        "sample_id": "b15d9afa8011e6e15817c531799c03d4060fffa1",
        "source_file": "training_2001_2025_v1_3.csv",
        "source_id": "5577",
        "lat": 61.06499867775106,
        "lon": 121.82499964806196,
        "driver": "Wildfire",
        "confidence": "High",
        "source_event_year": null,
        "event_year": null,
        "total_loss_area_ha": null,
        "dominant_loss_area_ha": null,
        "dominant_year_share": null,
        "sample_status": null,
        "pre_scene_id": null,
        "pre_date": null,
        "post_scene_id": null,
        "post_date": null,
        "pre_local_cloud": null,
        "post_local_cloud": null,
        "manual_validation": null,
        "manual_notes": null,
        "event_mask_metadata": null,
        "local_raster_paths": null
      },
      "geometry": {
        "type": "Point",
        "coordinates": [
          121.82499964806196,
          61.06499867775106
        ]
      }
    },
    {
      "type": "Feature",
      "properties": {
        "sample_id": "9e8bd7b9de944d76235f3fa6dc04e6e5e057f1c2",
        "source_file": "training_2001_2025_v1_3.csv",
        "source_id": "5594",
        "lat": 55.045000526386914,
        "lon": 118.6649996908786,
        "driver": "Wildfire",
        "confidence": "High",
        "source_event_year": null,
        "event_year": null,
        "total_loss_area_ha": null,
        "dominant_loss_area_ha": null,
        "dominant_year_share": null,
        "sample_status": null,
        "pre_scene_id": null,
        "pre_date": null,
        "post_scene_id": null,
        "post_date": null,
        "pre_local_cloud": null,
        "post_local_cloud": null,
        "manual_validation": null,
        "manual_notes": null,
        "event_mask_metadata": null,
        "local_raster_paths": null
      },
      "geometry": {
        "type": "Point",
        "coordinates": [
          118.6649996908786,
          55.045000526386914
        ]
      }
    },
    {
      "type": "Feature",
      "properties": {
        "sample_id": "71d62344c05837fd07467aabe23164dae73c5292",
        "source_file": "training_2001_2025_v1_3.csv",
        "source_id": "5615",
        "lat": 53.59499897509163,
        "lon": 114.43500058815602,
        "driver": "Wildfire",
        "confidence": "High",
        "source_event_year": null,
        "event_year": null,
        "total_loss_area_ha": null,
        "dominant_loss_area_ha": null,
        "dominant_year_share": null,
        "sample_status": null,
        "pre_scene_id": null,
        "pre_date": null,
        "post_scene_id": null,
        "post_date": null,
        "pre_local_cloud": null,
        "post_local_cloud": null,
        "manual_validation": null,
        "manual_notes": null,
        "event_mask_metadata": null,
        "local_raster_paths": null
      },
      "geometry": {
        "type": "Point",
        "coordinates": [
          114.43500058815602,
          53.59499897509163
        ]
      }
    },
    {
      "type": "Feature",
      "properties": {
        "sample_id": "7010af74e0aa7d2b3422611c86548945258c728e",
        "source_file": "training_2001_2025_v1_3.csv",
        "source_id": "5631",
        "lat": 65.09500034790992,
        "lon": 158.17500058226173,
        "driver": "Wildfire",
        "confidence": "High",
        "source_event_year": null,
        "event_year": null,
        "total_loss_area_ha": null,
        "dominant_loss_area_ha": null,
        "dominant_year_share": null,
        "sample_status": null,
        "pre_scene_id": null,
        "pre_date": null,
        "post_scene_id": null,
        "post_date": null,
        "pre_local_cloud": null,
        "post_local_cloud": null,
        "manual_validation": null,
        "manual_notes": null,
        "event_mask_metadata": null,
        "local_raster_paths": null
      },
      "geometry": {
        "type": "Point",
        "coordinates": [
          158.17500058226173,
          65.09500034790992
        ]
      }
    },
    {
      "type": "Feature",
      "properties": {
        "sample_id": "7f2bff37bc771031758ca1e9eed51cf5d3197ec2",
        "source_file": "training_2001_2025_v1_3.csv",
        "source_id": "5642",
        "lat": 70.28499928374879,
        "lon": 140.76500023545867,
        "driver": "Wildfire",
        "confidence": "High",
        "source_event_year": null,
        "event_year": null,
        "total_loss_area_ha": null,
        "dominant_loss_area_ha": null,
        "dominant_year_share": null,
        "sample_status": null,
        "pre_scene_id": null,
        "pre_date": null,
        "post_scene_id": null,
        "post_date": null,
        "pre_local_cloud": null,
        "post_local_cloud": null,
        "manual_validation": null,
        "manual_notes": null,
        "event_mask_metadata": null,
        "local_raster_paths": null
      },
      "geometry": {
        "type": "Point",
        "coordinates": [
          140.76500023545867,
          70.28499928374879
        ]
      }
    },
    {
      "type": "Feature",
      "properties": {
        "sample_id": "ca3f3cddee1b0ee7e29e1627b36944d105543720",
        "source_file": "training_2001_2025_v1_3.csv",
        "source_id": "5644",
        "lat": 55.44499969256439,
        "lon": 122.03499875576512,
        "driver": "Wildfire",
        "confidence": "High",
        "source_event_year": null,
        "event_year": null,
        "total_loss_area_ha": null,
        "dominant_loss_area_ha": null,
        "dominant_year_share": null,
        "sample_status": null,
        "pre_scene_id": null,
        "pre_date": null,
        "post_scene_id": null,
        "post_date": null,
        "pre_local_cloud": null,
        "post_local_cloud": null,
        "manual_validation": null,
        "manual_notes": null,
        "event_mask_metadata": null,
        "local_raster_paths": null
      },
      "geometry": {
        "type": "Point",
        "coordinates": [
          122.03499875576512,
          55.44499969256439
        ]
      }
    },
    {
      "type": "Feature",
      "properties": {
        "sample_id": "1971d07068b48f960017c168d620ceaea1598ec3",
        "source_file": "training_2001_2025_v1_3.csv",
        "source_id": "5645",
        "lat": 67.05500045460964,
        "lon": 146.5050002943456,
        "driver": "Wildfire",
        "confidence": "High",
        "source_event_year": null,
        "event_year": null,
        "total_loss_area_ha": null,
        "dominant_loss_area_ha": null,
        "dominant_year_share": null,
        "sample_status": null,
        "pre_scene_id": null,
        "pre_date": null,
        "post_scene_id": null,
        "post_date": null,
        "pre_local_cloud": null,
        "post_local_cloud": null,
        "manual_validation": null,
        "manual_notes": null,
        "event_mask_metadata": null,
        "local_raster_paths": null
      },
      "geometry": {
        "type": "Point",
        "coordinates": [
          146.5050002943456,
          67.05500045460964
        ]
      }
    },
    {
      "type": "Feature",
      "properties": {
        "sample_id": "769262dfbd6bee43d1cfa3fce67570282ef935cd",
        "source_file": "training_2001_2025_v1_3.csv",
        "source_id": "5646",
        "lat": 54.60499872513787,
        "lon": 111.0250011654905,
        "driver": "Wildfire",
        "confidence": "High",
        "source_event_year": null,
        "event_year": null,
        "total_loss_area_ha": null,
        "dominant_loss_area_ha": null,
        "dominant_year_share": null,
        "sample_status": null,
        "pre_scene_id": null,
        "pre_date": null,
        "post_scene_id": null,
        "post_date": null,
        "pre_local_cloud": null,
        "post_local_cloud": null,
        "manual_validation": null,
        "manual_notes": null,
        "event_mask_metadata": null,
        "local_raster_paths": null
      },
      "geometry": {
        "type": "Point",
        "coordinates": [
          111.0250011654905,
          54.60499872513787
        ]
      }
    },
    {
      "type": "Feature",
      "properties": {
        "sample_id": "0f30303a557d4dfa4a1950203a0644eac035d5a1",
        "source_file": "training_2001_2025_v1_3.csv",
        "source_id": "5671",
        "lat": 53.84500068811529,
        "lon": 116.75499950148698,
        "driver": "Wildfire",
        "confidence": "High",
        "source_event_year": null,
        "event_year": null,
        "total_loss_area_ha": null,
        "dominant_loss_area_ha": null,
        "dominant_year_share": null,
        "sample_status": null,
        "pre_scene_id": null,
        "pre_date": null,
        "post_scene_id": null,
        "post_date": null,
        "pre_local_cloud": null,
        "post_local_cloud": null,
        "manual_validation": null,
        "manual_notes": null,
        "event_mask_metadata": null,
        "local_raster_paths": null
      },
      "geometry": {
        "type": "Point",
        "coordinates": [
          116.75499950148698,
          53.84500068811529
        ]
      }
    },
    {
      "type": "Feature",
      "properties": {
        "sample_id": "fd463fd70b89a56bcdb7c3d102856458e5ae74bd",
        "source_file": "training_2001_2025_v1_3.csv",
        "source_id": "5673",
        "lat": 53.15499940180256,
        "lon": 112.40499926626592,
        "driver": "Wildfire",
        "confidence": "High",
        "source_event_year": null,
        "event_year": null,
        "total_loss_area_ha": null,
        "dominant_loss_area_ha": null,
        "dominant_year_share": null,
        "sample_status": null,
        "pre_scene_id": null,
        "pre_date": null,
        "post_scene_id": null,
        "post_date": null,
        "pre_local_cloud": null,
        "post_local_cloud": null,
        "manual_validation": null,
        "manual_notes": null,
        "event_mask_metadata": null,
        "local_raster_paths": null
      },
      "geometry": {
        "type": "Point",
        "coordinates": [
          112.40499926626592,
          53.15499940180256
        ]
      }
    },
    {
      "type": "Feature",
      "properties": {
        "sample_id": "9ef28b2882a3abe78d864de7e58475e0a6ba07d6",
        "source_file": "training_2001_2025_v1_3.csv",
        "source_id": "5683",
        "lat": 53.34499946016158,
        "lon": 111.58499956802576,
        "driver": "Wildfire",
        "confidence": "Medium",
        "source_event_year": null,
        "event_year": null,
        "total_loss_area_ha": null,
        "dominant_loss_area_ha": null,
        "dominant_year_share": null,
        "sample_status": null,
        "pre_scene_id": null,
        "pre_date": null,
        "post_scene_id": null,
        "post_date": null,
        "pre_local_cloud": null,
        "post_local_cloud": null,
        "manual_validation": null,
        "manual_notes": null,
        "event_mask_metadata": null,
        "local_raster_paths": null
      },
      "geometry": {
        "type": "Point",
        "coordinates": [
          111.58499956802576,
          53.34499946016158
        ]
      }
    },
    {
      "type": "Feature",
      "properties": {
        "sample_id": "e9ad18d1f98f084fe344d3c4910987bd06fcb42c",
        "source_file": "training_2001_2025_v1_3.csv",
        "source_id": "5698",
        "lat": 52.3549987747739,
        "lon": 115.31499970662252,
        "driver": "Wildfire",
        "confidence": "High",
        "source_event_year": null,
        "event_year": null,
        "total_loss_area_ha": null,
        "dominant_loss_area_ha": null,
        "dominant_year_share": null,
        "sample_status": null,
        "pre_scene_id": null,
        "pre_date": null,
        "post_scene_id": null,
        "post_date": null,
        "pre_local_cloud": null,
        "post_local_cloud": null,
        "manual_validation": null,
        "manual_notes": null,
        "event_mask_metadata": null,
        "local_raster_paths": null
      },
      "geometry": {
        "type": "Point",
        "coordinates": [
          115.31499970662252,
          52.3549987747739
        ]
      }
    },
    {
      "type": "Feature",
      "properties": {
        "sample_id": "9b97aac0ce64eba8236116b522d3b48e45e7c8a6",
        "source_file": "training_2001_2025_v1_3.csv",
        "source_id": "5701",
        "lat": 63.42500015937748,
        "lon": 121.25499945128256,
        "driver": "Wildfire",
        "confidence": "High",
        "source_event_year": null,
        "event_year": null,
        "total_loss_area_ha": null,
        "dominant_loss_area_ha": null,
        "dominant_year_share": null,
        "sample_status": null,
        "pre_scene_id": null,
        "pre_date": null,
        "post_scene_id": null,
        "post_date": null,
        "pre_local_cloud": null,
        "post_local_cloud": null,
        "manual_validation": null,
        "manual_notes": null,
        "event_mask_metadata": null,
        "local_raster_paths": null
      },
      "geometry": {
        "type": "Point",
        "coordinates": [
          121.25499945128256,
          63.42500015937748
        ]
      }
    },
    {
      "type": "Feature",
      "properties": {
        "sample_id": "6a730066287392022b5132209f2f57928a006270",
        "source_file": "training_2001_2025_v1_3.csv",
        "source_id": "5720",
        "lat": 51.75499995046848,
        "lon": 112.76500033658886,
        "driver": "Wildfire",
        "confidence": "High",
        "source_event_year": null,
        "event_year": null,
        "total_loss_area_ha": null,
        "dominant_loss_area_ha": null,
        "dominant_year_share": null,
        "sample_status": null,
        "pre_scene_id": null,
        "pre_date": null,
        "post_scene_id": null,
        "post_date": null,
        "pre_local_cloud": null,
        "post_local_cloud": null,
        "manual_validation": null,
        "manual_notes": null,
        "event_mask_metadata": null,
        "local_raster_paths": null
      },
      "geometry": {
        "type": "Point",
        "coordinates": [
          112.76500033658886,
          51.75499995046848
        ]
      }
    },
    {
      "type": "Feature",
      "properties": {
        "sample_id": "844cfeb73b5171a4af681d10a7206f018a2ac3bf",
        "source_file": "training_2001_2025_v1_3.csv",
        "source_id": "5756",
        "lat": 53.97499908275059,
        "lon": 116.12499981926496,
        "driver": "Wildfire",
        "confidence": "High",
        "source_event_year": null,
        "event_year": null,
        "total_loss_area_ha": null,
        "dominant_loss_area_ha": null,
        "dominant_year_share": null,
        "sample_status": null,
        "pre_scene_id": null,
        "pre_date": null,
        "post_scene_id": null,
        "post_date": null,
        "pre_local_cloud": null,
        "post_local_cloud": null,
        "manual_validation": null,
        "manual_notes": null,
        "event_mask_metadata": null,
        "local_raster_paths": null
      },
      "geometry": {
        "type": "Point",
        "coordinates": [
          116.12499981926496,
          53.97499908275059
        ]
      }
    },
    {
      "type": "Feature",
      "properties": {
        "sample_id": "89385c7120b964cb8f074971e2cd3d72fe417a07",
        "source_file": "training_2001_2025_v1_3.csv",
        "source_id": "5768",
        "lat": 54.855000449363715,
        "lon": 115.5350006243776,
        "driver": "Wildfire",
        "confidence": "High",
        "source_event_year": null,
        "event_year": null,
        "total_loss_area_ha": null,
        "dominant_loss_area_ha": null,
        "dominant_year_share": null,
        "sample_status": null,
        "pre_scene_id": null,
        "pre_date": null,
        "post_scene_id": null,
        "post_date": null,
        "pre_local_cloud": null,
        "post_local_cloud": null,
        "manual_validation": null,
        "manual_notes": null,
        "event_mask_metadata": null,
        "local_raster_paths": null
      },
      "geometry": {
        "type": "Point",
        "coordinates": [
          115.5350006243776,
          54.855000449363715
        ]
      }
    },
    {
      "type": "Feature",
      "properties": {
        "sample_id": "074739f6b148045ce0440c76e0b56910d086e0fa",
        "source_file": "training_2001_2025_v1_3.csv",
        "source_id": "5800",
        "lat": 51.15500118233909,
        "lon": 116.53500087269128,
        "driver": "Wildfire",
        "confidence": "High",
        "source_event_year": null,
        "event_year": null,
        "total_loss_area_ha": null,
        "dominant_loss_area_ha": null,
        "dominant_year_share": null,
        "sample_status": null,
        "pre_scene_id": null,
        "pre_date": null,
        "post_scene_id": null,
        "post_date": null,
        "pre_local_cloud": null,
        "post_local_cloud": null,
        "manual_validation": null,
        "manual_notes": null,
        "event_mask_metadata": null,
        "local_raster_paths": null
      },
      "geometry": {
        "type": "Point",
        "coordinates": [
          116.53500087269128,
          51.15500118233909
        ]
      }
    },
    {
      "type": "Feature",
      "properties": {
        "sample_id": "2c33ffed48d98c7ec377222147a5e42e46eda320",
        "source_file": "training_2001_2025_v1_3.csv",
        "source_id": "5811",
        "lat": 52.515000241512915,
        "lon": 115.48500075330702,
        "driver": "Wildfire",
        "confidence": "High",
        "source_event_year": null,
        "event_year": null,
        "total_loss_area_ha": null,
        "dominant_loss_area_ha": null,
        "dominant_year_share": null,
        "sample_status": null,
        "pre_scene_id": null,
        "pre_date": null,
        "post_scene_id": null,
        "post_date": null,
        "pre_local_cloud": null,
        "post_local_cloud": null,
        "manual_validation": null,
        "manual_notes": null,
        "event_mask_metadata": null,
        "local_raster_paths": null
      },
      "geometry": {
        "type": "Point",
        "coordinates": [
          115.48500075330702,
          52.515000241512915
        ]
      }
    },
    {
      "type": "Feature",
      "properties": {
        "sample_id": "271397212daa0740ef00c61c58d45ff9cdd47407",
        "source_file": "training_2001_2025_v1_3.csv",
        "source_id": "5815",
        "lat": 52.25499897201709,
        "lon": 114.62500065127104,
        "driver": "Wildfire",
        "confidence": "High",
        "source_event_year": null,
        "event_year": null,
        "total_loss_area_ha": null,
        "dominant_loss_area_ha": null,
        "dominant_year_share": null,
        "sample_status": null,
        "pre_scene_id": null,
        "pre_date": null,
        "post_scene_id": null,
        "post_date": null,
        "pre_local_cloud": null,
        "post_local_cloud": null,
        "manual_validation": null,
        "manual_notes": null,
        "event_mask_metadata": null,
        "local_raster_paths": null
      },
      "geometry": {
        "type": "Point",
        "coordinates": [
          114.62500065127104,
          52.25499897201709
        ]
      }
    },
    {
      "type": "Feature",
      "properties": {
        "sample_id": "9a431215576b587be893473d7eaa5d67401272f4",
        "source_file": "training_2001_2025_v1_3.csv",
        "source_id": "5825",
        "lat": 52.43499950022178,
        "lon": 115.67500080768772,
        "driver": "Wildfire",
        "confidence": "High",
        "source_event_year": null,
        "event_year": null,
        "total_loss_area_ha": null,
        "dominant_loss_area_ha": null,
        "dominant_year_share": null,
        "sample_status": null,
        "pre_scene_id": null,
        "pre_date": null,
        "post_scene_id": null,
        "post_date": null,
        "pre_local_cloud": null,
        "post_local_cloud": null,
        "manual_validation": null,
        "manual_notes": null,
        "event_mask_metadata": null,
        "local_raster_paths": null
      },
      "geometry": {
        "type": "Point",
        "coordinates": [
          115.67500080768772,
          52.43499950022178
        ]
      }
    },
    {
      "type": "Feature",
      "properties": {
        "sample_id": "b92fcc24086c2b4be40a65f22105ae02cb98babd",
        "source_file": "training_2001_2025_v1_3.csv",
        "source_id": "8564",
        "lat": 44.97499929838891,
        "lon": 147.80499989062554,
        "driver": "Wildfire",
        "confidence": "Medium",
        "source_event_year": null,
        "event_year": null,
        "total_loss_area_ha": null,
        "dominant_loss_area_ha": null,
        "dominant_year_share": null,
        "sample_status": null,
        "pre_scene_id": null,
        "pre_date": null,
        "post_scene_id": null,
        "post_date": null,
        "pre_local_cloud": null,
        "post_local_cloud": null,
        "manual_validation": null,
        "manual_notes": null,
        "event_mask_metadata": null,
        "local_raster_paths": null
      },
      "geometry": {
        "type": "Point",
        "coordinates": [
          147.80499989062554,
          44.97499929838891
        ]
      }
    },
    {
      "type": "Feature",
      "properties": {
        "sample_id": "8ced43cbda733abe63b7252ba5c254cd907abb5f",
        "source_file": "training_2001_2025_v1_3.csv",
        "source_id": "8580",
        "lat": 48.64499997888165,
        "lon": 132.4550015749084,
        "driver": "Wildfire",
        "confidence": "Low",
        "source_event_year": null,
        "event_year": null,
        "total_loss_area_ha": null,
        "dominant_loss_area_ha": null,
        "dominant_year_share": null,
        "sample_status": null,
        "pre_scene_id": null,
        "pre_date": null,
        "post_scene_id": null,
        "post_date": null,
        "pre_local_cloud": null,
        "post_local_cloud": null,
        "manual_validation": null,
        "manual_notes": null,
        "event_mask_metadata": null,
        "local_raster_paths": null
      },
      "geometry": {
        "type": "Point",
        "coordinates": [
          132.4550015749084,
          48.64499997888165
        ]
      }
    },
    {
      "type": "Feature",
      "properties": {
        "sample_id": "bcd3bf480f8383a8e3ca2e9b226a6a71aa8bb6db",
        "source_file": "training_2001_2025_v1_3.csv",
        "source_id": "8593",
        "lat": 49.68500056635429,
        "lon": 109.64500077248154,
        "driver": "Wildfire",
        "confidence": "Medium",
        "source_event_year": null,
        "event_year": null,
        "total_loss_area_ha": null,
        "dominant_loss_area_ha": null,
        "dominant_year_share": null,
        "sample_status": null,
        "pre_scene_id": null,
        "pre_date": null,
        "post_scene_id": null,
        "post_date": null,
        "pre_local_cloud": null,
        "post_local_cloud": null,
        "manual_validation": null,
        "manual_notes": null,
        "event_mask_metadata": null,
        "local_raster_paths": null
      },
      "geometry": {
        "type": "Point",
        "coordinates": [
          109.64500077248154,
          49.68500056635429
        ]
      }
    },
    {
      "type": "Feature",
      "properties": {
        "sample_id": "a4929a38e77788043949271a7cbb202979affc32",
        "source_file": "training_2001_2025_v1_3.csv",
        "source_id": "8595",
        "lat": 50.12500011858564,
        "lon": 107.66499938980904,
        "driver": "Wildfire",
        "confidence": "High",
        "source_event_year": null,
        "event_year": null,
        "total_loss_area_ha": null,
        "dominant_loss_area_ha": null,
        "dominant_year_share": null,
        "sample_status": null,
        "pre_scene_id": null,
        "pre_date": null,
        "post_scene_id": null,
        "post_date": null,
        "pre_local_cloud": null,
        "post_local_cloud": null,
        "manual_validation": null,
        "manual_notes": null,
        "event_mask_metadata": null,
        "local_raster_paths": null
      },
      "geometry": {
        "type": "Point",
        "coordinates": [
          107.66499938980904,
          50.12500011858564
        ]
      }
    },
    {
      "type": "Feature",
      "properties": {
        "sample_id": "bbd84dd948427d2a4bb322e824f1f65f9dc42807",
        "source_file": "training_2001_2025_v1_3.csv",
        "source_id": "8596",
        "lat": 50.175000037719514,
        "lon": 43.4449992453599,
        "driver": "Wildfire",
        "confidence": "High",
        "source_event_year": null,
        "event_year": null,
        "total_loss_area_ha": null,
        "dominant_loss_area_ha": null,
        "dominant_year_share": null,
        "sample_status": null,
        "pre_scene_id": null,
        "pre_date": null,
        "post_scene_id": null,
        "post_date": null,
        "pre_local_cloud": null,
        "post_local_cloud": null,
        "manual_validation": null,
        "manual_notes": null,
        "event_mask_metadata": null,
        "local_raster_paths": null
      },
      "geometry": {
        "type": "Point",
        "coordinates": [
          43.4449992453599,
          50.175000037719514
        ]
      }
    },
    {
      "type": "Feature",
      "properties": {
        "sample_id": "d45000e119d95416c43a596220b3fcb18e696733",
        "source_file": "training_2001_2025_v1_3.csv",
        "source_id": "8597",
        "lat": 50.21500039879356,
        "lon": 135.35500022260712,
        "driver": "Wildfire",
        "confidence": "High",
        "source_event_year": null,
        "event_year": null,
        "total_loss_area_ha": null,
        "dominant_loss_area_ha": null,
        "dominant_year_share": null,
        "sample_status": null,
        "pre_scene_id": null,
        "pre_date": null,
        "post_scene_id": null,
        "post_date": null,
        "pre_local_cloud": null,
        "post_local_cloud": null,
        "manual_validation": null,
        "manual_notes": null,
        "event_mask_metadata": null,
        "local_raster_paths": null
      },
      "geometry": {
        "type": "Point",
        "coordinates": [
          135.35500022260712,
          50.21500039879356
        ]
      }
    },
    {
      "type": "Feature",
      "properties": {
        "sample_id": "22892421bd293d432127afd24ae8405fdbab556a",
        "source_file": "training_2001_2025_v1_3.csv",
        "source_id": "8598",
        "lat": 50.24500121937203,
        "lon": 130.7249997284285,
        "driver": "Wildfire",
        "confidence": "High",
        "source_event_year": null,
        "event_year": null,
        "total_loss_area_ha": null,
        "dominant_loss_area_ha": null,
        "dominant_year_share": null,
        "sample_status": null,
        "pre_scene_id": null,
        "pre_date": null,
        "post_scene_id": null,
        "post_date": null,
        "pre_local_cloud": null,
        "post_local_cloud": null,
        "manual_validation": null,
        "manual_notes": null,
        "event_mask_metadata": null,
        "local_raster_paths": null
      },
      "geometry": {
        "type": "Point",
        "coordinates": [
          130.7249997284285,
          50.24500121937203
        ]
      }
    },
    {
      "type": "Feature",
      "properties": {
        "sample_id": "03e4ddaeb859256a1bebc018bbbb6934262aaafc",
        "source_file": "training_2001_2025_v1_3.csv",
        "source_id": "8599",
        "lat": 50.374999624117365,
        "lon": 98.2049986696094,
        "driver": "Wildfire",
        "confidence": "High",
        "source_event_year": null,
        "event_year": null,
        "total_loss_area_ha": null,
        "dominant_loss_area_ha": null,
        "dominant_year_share": null,
        "sample_status": null,
        "pre_scene_id": null,
        "pre_date": null,
        "post_scene_id": null,
        "post_date": null,
        "pre_local_cloud": null,
        "post_local_cloud": null,
        "manual_validation": null,
        "manual_notes": null,
        "event_mask_metadata": null,
        "local_raster_paths": null
      },
      "geometry": {
        "type": "Point",
        "coordinates": [
          98.2049986696094,
          50.374999624117365
        ]
      }
    },
    {
      "type": "Feature",
      "properties": {
        "sample_id": "75a7aa6c96052737e013198ed62147b3fd446837",
        "source_file": "training_2001_2025_v1_3.csv",
        "source_id": "8600",
        "lat": 50.384999142513216,
        "lon": 98.30499846165658,
        "driver": "Wildfire",
        "confidence": "Medium",
        "source_event_year": null,
        "event_year": null,
        "total_loss_area_ha": null,
        "dominant_loss_area_ha": null,
        "dominant_year_share": null,
        "sample_status": null,
        "pre_scene_id": null,
        "pre_date": null,
        "post_scene_id": null,
        "post_date": null,
        "pre_local_cloud": null,
        "post_local_cloud": null,
        "manual_validation": null,
        "manual_notes": null,
        "event_mask_metadata": null,
        "local_raster_paths": null
      },
      "geometry": {
        "type": "Point",
        "coordinates": [
          98.30499846165658,
          50.384999142513216
        ]
      }
    },
    {
      "type": "Feature",
      "properties": {
        "sample_id": "d8ed7d2e93121af28c229491dbe2a4834bbac679",
        "source_file": "training_2001_2025_v1_3.csv",
        "source_id": "8602",
        "lat": 50.845000020279784,
        "lon": 107.95500149817504,
        "driver": "Wildfire",
        "confidence": "High",
        "source_event_year": null,
        "event_year": null,
        "total_loss_area_ha": null,
        "dominant_loss_area_ha": null,
        "dominant_year_share": null,
        "sample_status": null,
        "pre_scene_id": null,
        "pre_date": null,
        "post_scene_id": null,
        "post_date": null,
        "pre_local_cloud": null,
        "post_local_cloud": null,
        "manual_validation": null,
        "manual_notes": null,
        "event_mask_metadata": null,
        "local_raster_paths": null
      },
      "geometry": {
        "type": "Point",
        "coordinates": [
          107.95500149817504,
          50.845000020279784
        ]
      }
    },
    {
      "type": "Feature",
      "properties": {
        "sample_id": "95a7241049614739b26d6808bd97393c5229a654",
        "source_file": "training_2001_2025_v1_3.csv",
        "source_id": "8603",
        "lat": 50.87500082514016,
        "lon": 106.90499908220728,
        "driver": "Wildfire",
        "confidence": "High",
        "source_event_year": null,
        "event_year": null,
        "total_loss_area_ha": null,
        "dominant_loss_area_ha": null,
        "dominant_year_share": null,
        "sample_status": null,
        "pre_scene_id": null,
        "pre_date": null,
        "post_scene_id": null,
        "post_date": null,
        "pre_local_cloud": null,
        "post_local_cloud": null,
        "manual_validation": null,
        "manual_notes": null,
        "event_mask_metadata": null,
        "local_raster_paths": null
      },
      "geometry": {
        "type": "Point",
        "coordinates": [
          106.90499908220728,
          50.87500082514016
        ]
      }
    },
    {
      "type": "Feature",
      "properties": {
        "sample_id": "9136ad4ee1f3d50ea2477c629a4e52182bf96010",
        "source_file": "training_2001_2025_v1_3.csv",
        "source_id": "8604",
        "lat": 50.90499946795662,
        "lon": 88.99499969708107,
        "driver": "Wildfire",
        "confidence": "High",
        "source_event_year": null,
        "event_year": null,
        "total_loss_area_ha": null,
        "dominant_loss_area_ha": null,
        "dominant_year_share": null,
        "sample_status": null,
        "pre_scene_id": null,
        "pre_date": null,
        "post_scene_id": null,
        "post_date": null,
        "pre_local_cloud": null,
        "post_local_cloud": null,
        "manual_validation": null,
        "manual_notes": null,
        "event_mask_metadata": null,
        "local_raster_paths": null
      },
      "geometry": {
        "type": "Point",
        "coordinates": [
          88.99499969708107,
          50.90499946795662
        ]
      }
    },
    {
      "type": "Feature",
      "properties": {
        "sample_id": "57ecc9d7612e5f6b90eee39f2f8035b80b18e776",
        "source_file": "training_2001_2025_v1_3.csv",
        "source_id": "8606",
        "lat": 51.02500056901935,
        "lon": 87.81499892098152,
        "driver": "Wildfire",
        "confidence": "Medium",
        "source_event_year": null,
        "event_year": null,
        "total_loss_area_ha": null,
        "dominant_loss_area_ha": null,
        "dominant_year_share": null,
        "sample_status": null,
        "pre_scene_id": null,
        "pre_date": null,
        "post_scene_id": null,
        "post_date": null,
        "pre_local_cloud": null,
        "post_local_cloud": null,
        "manual_validation": null,
        "manual_notes": null,
        "event_mask_metadata": null,
        "local_raster_paths": null
      },
      "geometry": {
        "type": "Point",
        "coordinates": [
          87.81499892098152,
          51.02500056901935
        ]
      }
    },
    {
      "type": "Feature",
      "properties": {
        "sample_id": "9383dc38139cc33f98094334f9d5f7e81b6506b6",
        "source_file": "training_2001_2025_v1_3.csv",
        "source_id": "8607",
        "lat": 51.025000557253584,
        "lon": 94.54499975653104,
        "driver": "Wildfire",
        "confidence": "High",
        "source_event_year": null,
        "event_year": null,
        "total_loss_area_ha": null,
        "dominant_loss_area_ha": null,
        "dominant_year_share": null,
        "sample_status": null,
        "pre_scene_id": null,
        "pre_date": null,
        "post_scene_id": null,
        "post_date": null,
        "pre_local_cloud": null,
        "post_local_cloud": null,
        "manual_validation": null,
        "manual_notes": null,
        "event_mask_metadata": null,
        "local_raster_paths": null
      },
      "geometry": {
        "type": "Point",
        "coordinates": [
          94.54499975653104,
          51.025000557253584
        ]
      }
    },
    {
      "type": "Feature",
      "properties": {
        "sample_id": "840a7fbd736a57c7ae3eeca083c05ba9d55704c2",
        "source_file": "training_2001_2025_v1_3.csv",
        "source_id": "8610",
        "lat": 51.175000260155294,
        "lon": 113.52499843923025,
        "driver": "Wildfire",
        "confidence": "Medium",
        "source_event_year": null,
        "event_year": null,
        "total_loss_area_ha": null,
        "dominant_loss_area_ha": null,
        "dominant_year_share": null,
        "sample_status": null,
        "pre_scene_id": null,
        "pre_date": null,
        "post_scene_id": null,
        "post_date": null,
        "pre_local_cloud": null,
        "post_local_cloud": null,
        "manual_validation": null,
        "manual_notes": null,
        "event_mask_metadata": null,
        "local_raster_paths": null
      },
      "geometry": {
        "type": "Point",
        "coordinates": [
          113.52499843923025,
          51.175000260155294
        ]
      }
    },
    {
      "type": "Feature",
      "properties": {
        "sample_id": "f2547afc2c55e9c593388ffd7d592ef16cb72ae9",
        "source_file": "training_2001_2025_v1_3.csv",
        "source_id": "8611",
        "lat": 51.20500109532771,
        "lon": 88.50500022238698,
        "driver": "Wildfire",
        "confidence": "High",
        "source_event_year": null,
        "event_year": null,
        "total_loss_area_ha": null,
        "dominant_loss_area_ha": null,
        "dominant_year_share": null,
        "sample_status": null,
        "pre_scene_id": null,
        "pre_date": null,
        "post_scene_id": null,
        "post_date": null,
        "pre_local_cloud": null,
        "post_local_cloud": null,
        "manual_validation": null,
        "manual_notes": null,
        "event_mask_metadata": null,
        "local_raster_paths": null
      },
      "geometry": {
        "type": "Point",
        "coordinates": [
          88.50500022238698,
          51.20500109532771
        ]
      }
    },
    {
      "type": "Feature",
      "properties": {
        "sample_id": "870d8b73ec16375953d556e18e34fa45b43c8a36",
        "source_file": "training_2001_2025_v1_3.csv",
        "source_id": "8613",
        "lat": 51.215000625447495,
        "lon": 88.50500019956539,
        "driver": "Wildfire",
        "confidence": "High",
        "source_event_year": null,
        "event_year": null,
        "total_loss_area_ha": null,
        "dominant_loss_area_ha": null,
        "dominant_year_share": null,
        "sample_status": null,
        "pre_scene_id": null,
        "pre_date": null,
        "post_scene_id": null,
        "post_date": null,
        "pre_local_cloud": null,
        "post_local_cloud": null,
        "manual_validation": null,
        "manual_notes": null,
        "event_mask_metadata": null,
        "local_raster_paths": null
      },
      "geometry": {
        "type": "Point",
        "coordinates": [
          88.50500019956539,
          51.215000625447495
        ]
      }
    },
    {
      "type": "Feature",
      "properties": {
        "sample_id": "854de3689e3750654bd5bb89ef7c36959016bb36",
        "source_file": "training_2001_2025_v1_3.csv",
        "source_id": "8616",
        "lat": 51.26500049773999,
        "lon": 116.78500035832734,
        "driver": "Wildfire",
        "confidence": "High",
        "source_event_year": null,
        "event_year": null,
        "total_loss_area_ha": null,
        "dominant_loss_area_ha": null,
        "dominant_year_share": null,
        "sample_status": null,
        "pre_scene_id": null,
        "pre_date": null,
        "post_scene_id": null,
        "post_date": null,
        "pre_local_cloud": null,
        "post_local_cloud": null,
        "manual_validation": null,
        "manual_notes": null,
        "event_mask_metadata": null,
        "local_raster_paths": null
      },
      "geometry": {
        "type": "Point",
        "coordinates": [
          116.78500035832734,
          51.26500049773999
        ]
      }
    },
    {
      "type": "Feature",
      "properties": {
        "sample_id": "9db3f6da8d037c71191f9e5986dc938ea23dea3d",
        "source_file": "training_2001_2025_v1_3.csv",
        "source_id": "8617",
        "lat": 51.38499936910781,
        "lon": 44.86500003551566,
        "driver": "Wildfire",
        "confidence": "High",
        "source_event_year": null,
        "event_year": null,
        "total_loss_area_ha": null,
        "dominant_loss_area_ha": null,
        "dominant_year_share": null,
        "sample_status": null,
        "pre_scene_id": null,
        "pre_date": null,
        "post_scene_id": null,
        "post_date": null,
        "pre_local_cloud": null,
        "post_local_cloud": null,
        "manual_validation": null,
        "manual_notes": null,
        "event_mask_metadata": null,
        "local_raster_paths": null
      },
      "geometry": {
        "type": "Point",
        "coordinates": [
          44.86500003551566,
          51.38499936910781
        ]
      }
    },
    {
      "type": "Feature",
      "properties": {
        "sample_id": "4b127cd9700e12295a04398a2d138b4aa88b9e74",
        "source_file": "training_2001_2025_v1_3.csv",
        "source_id": "8618",
        "lat": 51.40500069621424,
        "lon": 95.35499989589074,
        "driver": "Wildfire",
        "confidence": "Medium",
        "source_event_year": null,
        "event_year": null,
        "total_loss_area_ha": null,
        "dominant_loss_area_ha": null,
        "dominant_year_share": null,
        "sample_status": null,
        "pre_scene_id": null,
        "pre_date": null,
        "post_scene_id": null,
        "post_date": null,
        "pre_local_cloud": null,
        "post_local_cloud": null,
        "manual_validation": null,
        "manual_notes": null,
        "event_mask_metadata": null,
        "local_raster_paths": null
      },
      "geometry": {
        "type": "Point",
        "coordinates": [
          95.35499989589074,
          51.40500069621424
        ]
      }
    },
    {
      "type": "Feature",
      "properties": {
        "sample_id": "77d537801f0541c1d700ae12917451e74089c9af",
        "source_file": "training_2001_2025_v1_3.csv",
        "source_id": "8619",
        "lat": 51.46500010283376,
        "lon": 107.2349993804102,
        "driver": "Wildfire",
        "confidence": "Medium",
        "source_event_year": null,
        "event_year": null,
        "total_loss_area_ha": null,
        "dominant_loss_area_ha": null,
        "dominant_year_share": null,
        "sample_status": null,
        "pre_scene_id": null,
        "pre_date": null,
        "post_scene_id": null,
        "post_date": null,
        "pre_local_cloud": null,
        "post_local_cloud": null,
        "manual_validation": null,
        "manual_notes": null,
        "event_mask_metadata": null,
        "local_raster_paths": null
      },
      "geometry": {
        "type": "Point",
        "coordinates": [
          107.2349993804102,
          51.46500010283376
        ]
      }
    },
    {
      "type": "Feature",
      "properties": {
        "sample_id": "ab74dcf7cd6297067144871281b482429ca1d3a6",
        "source_file": "training_2001_2025_v1_3.csv",
        "source_id": "8620",
        "lat": 51.47499962929773,
        "lon": 113.5749982817018,
        "driver": "Wildfire",
        "confidence": "High",
        "source_event_year": null,
        "event_year": null,
        "total_loss_area_ha": null,
        "dominant_loss_area_ha": null,
        "dominant_year_share": null,
        "sample_status": null,
        "pre_scene_id": null,
        "pre_date": null,
        "post_scene_id": null,
        "post_date": null,
        "pre_local_cloud": null,
        "post_local_cloud": null,
        "manual_validation": null,
        "manual_notes": null,
        "event_mask_metadata": null,
        "local_raster_paths": null
      },
      "geometry": {
        "type": "Point",
        "coordinates": [
          113.5749982817018,
          51.47499962929773
        ]
      }
    },
    {
      "type": "Feature",
      "properties": {
        "sample_id": "707af1a90bedf7980b41123164c767d12fe04d4b",
        "source_file": "training_2001_2025_v1_3.csv",
        "source_id": "8622",
        "lat": 51.48499916951865,
        "lon": 133.69499958375985,
        "driver": "Wildfire",
        "confidence": "High",
        "source_event_year": null,
        "event_year": null,
        "total_loss_area_ha": null,
        "dominant_loss_area_ha": null,
        "dominant_year_share": null,
        "sample_status": null,
        "pre_scene_id": null,
        "pre_date": null,
        "post_scene_id": null,
        "post_date": null,
        "pre_local_cloud": null,
        "post_local_cloud": null,
        "manual_validation": null,
        "manual_notes": null,
        "event_mask_metadata": null,
        "local_raster_paths": null
      },
      "geometry": {
        "type": "Point",
        "coordinates": [
          133.69499958375985,
          51.48499916951865
        ]
      }
    },
    {
      "type": "Feature",
      "properties": {
        "sample_id": "30503769c798c58fb43ed364c00e6a08ac7709ad",
        "source_file": "training_2001_2025_v1_3.csv",
        "source_id": "8623",
        "lat": 51.49499870354631,
        "lon": 127.37499969319298,
        "driver": "Wildfire",
        "confidence": "High",
        "source_event_year": null,
        "event_year": null,
        "total_loss_area_ha": null,
        "dominant_loss_area_ha": null,
        "dominant_year_share": null,
        "sample_status": null,
        "pre_scene_id": null,
        "pre_date": null,
        "post_scene_id": null,
        "post_date": null,
        "pre_local_cloud": null,
        "post_local_cloud": null,
        "manual_validation": null,
        "manual_notes": null,
        "event_mask_metadata": null,
        "local_raster_paths": null
      },
      "geometry": {
        "type": "Point",
        "coordinates": [
          127.37499969319298,
          51.49499870354631
        ]
      }
    },
    {
      "type": "Feature",
      "properties": {
        "sample_id": "f21c49a96afd5fc7e1570ed96203888876e2326f",
        "source_file": "training_2001_2025_v1_3.csv",
        "source_id": "8627",
        "lat": 51.59500075447207,
        "lon": 113.03500114048325,
        "driver": "Wildfire",
        "confidence": "High",
        "source_event_year": null,
        "event_year": null,
        "total_loss_area_ha": null,
        "dominant_loss_area_ha": null,
        "dominant_year_share": null,
        "sample_status": null,
        "pre_scene_id": null,
        "pre_date": null,
        "post_scene_id": null,
        "post_date": null,
        "pre_local_cloud": null,
        "post_local_cloud": null,
        "manual_validation": null,
        "manual_notes": null,
        "event_mask_metadata": null,
        "local_raster_paths": null
      },
      "geometry": {
        "type": "Point",
        "coordinates": [
          113.03500114048325,
          51.59500075447207
        ]
      }
    },
    {
      "type": "Feature",
      "properties": {
        "sample_id": "a2db52b1f8760ede9e28406d5ef763bbcc9210c5",
        "source_file": "training_2001_2025_v1_3.csv",
        "source_id": "8631",
        "lat": 51.774999038895615,
        "lon": 122.76500044616526,
        "driver": "Wildfire",
        "confidence": "High",
        "source_event_year": null,
        "event_year": null,
        "total_loss_area_ha": null,
        "dominant_loss_area_ha": null,
        "dominant_year_share": null,
        "sample_status": null,
        "pre_scene_id": null,
        "pre_date": null,
        "post_scene_id": null,
        "post_date": null,
        "pre_local_cloud": null,
        "post_local_cloud": null,
        "manual_validation": null,
        "manual_notes": null,
        "event_mask_metadata": null,
        "local_raster_paths": null
      },
      "geometry": {
        "type": "Point",
        "coordinates": [
          122.76500044616526,
          51.774999038895615
        ]
      }
    },
    {
      "type": "Feature",
      "properties": {
        "sample_id": "0ee4c06285de7bcb2d4798cb8eef554883924356",
        "source_file": "training_2001_2025_v1_3.csv",
        "source_id": "8635",
        "lat": 51.924998747979586,
        "lon": 119.0649989157627,
        "driver": "Wildfire",
        "confidence": "Medium",
        "source_event_year": null,
        "event_year": null,
        "total_loss_area_ha": null,
        "dominant_loss_area_ha": null,
        "dominant_year_share": null,
        "sample_status": null,
        "pre_scene_id": null,
        "pre_date": null,
        "post_scene_id": null,
        "post_date": null,
        "pre_local_cloud": null,
        "post_local_cloud": null,
        "manual_validation": null,
        "manual_notes": null,
        "event_mask_metadata": null,
        "local_raster_paths": null
      },
      "geometry": {
        "type": "Point",
        "coordinates": [
          119.0649989157627,
          51.924998747979586
        ]
      }
    },
    {
      "type": "Feature",
      "properties": {
        "sample_id": "d8e8825f5e00c730e57b50c5a0e176f777cf7f36",
        "source_file": "training_2001_2025_v1_3.csv",
        "source_id": "8637",
        "lat": 51.97499863261743,
        "lon": 70.45500058171953,
        "driver": "Wildfire",
        "confidence": "Medium",
        "source_event_year": null,
        "event_year": null,
        "total_loss_area_ha": null,
        "dominant_loss_area_ha": null,
        "dominant_year_share": null,
        "sample_status": null,
        "pre_scene_id": null,
        "pre_date": null,
        "post_scene_id": null,
        "post_date": null,
        "pre_local_cloud": null,
        "post_local_cloud": null,
        "manual_validation": null,
        "manual_notes": null,
        "event_mask_metadata": null,
        "local_raster_paths": null
      },
      "geometry": {
        "type": "Point",
        "coordinates": [
          70.45500058171953,
          51.97499863261743
        ]
      }
    },
    {
      "type": "Feature",
      "properties": {
        "sample_id": "5527aa5d5df6d80357f6ae050f75fafe7a71229b",
        "source_file": "training_2001_2025_v1_3.csv",
        "source_id": "8638",
        "lat": 51.98500040463063,
        "lon": 111.19499994858732,
        "driver": "Wildfire",
        "confidence": "High",
        "source_event_year": null,
        "event_year": null,
        "total_loss_area_ha": null,
        "dominant_loss_area_ha": null,
        "dominant_year_share": null,
        "sample_status": null,
        "pre_scene_id": null,
        "pre_date": null,
        "post_scene_id": null,
        "post_date": null,
        "pre_local_cloud": null,
        "post_local_cloud": null,
        "manual_validation": null,
        "manual_notes": null,
        "event_mask_metadata": null,
        "local_raster_paths": null
      },
      "geometry": {
        "type": "Point",
        "coordinates": [
          111.19499994858732,
          51.98500040463063
        ]
      }
    },
    {
      "type": "Feature",
      "properties": {
        "sample_id": "f72384064967a36655908115d2170c4527027488",
        "source_file": "training_2001_2025_v1_3.csv",
        "source_id": "8641",
        "lat": 52.07500066123362,
        "lon": 92.62499999274269,
        "driver": "Wildfire",
        "confidence": "Low",
        "source_event_year": null,
        "event_year": null,
        "total_loss_area_ha": null,
        "dominant_loss_area_ha": null,
        "dominant_year_share": null,
        "sample_status": null,
        "pre_scene_id": null,
        "pre_date": null,
        "post_scene_id": null,
        "post_date": null,
        "pre_local_cloud": null,
        "post_local_cloud": null,
        "manual_validation": null,
        "manual_notes": null,
        "event_mask_metadata": null,
        "local_raster_paths": null
      },
      "geometry": {
        "type": "Point",
        "coordinates": [
          92.62499999274269,
          52.07500066123362
        ]
      }
    },
    {
      "type": "Feature",
      "properties": {
        "sample_id": "269cc60d62766b43f87e894f29cfe4cb3838b7d5",
        "source_file": "training_2001_2025_v1_3.csv",
        "source_id": "8643",
        "lat": 52.11500103740232,
        "lon": 131.8849991785262,
        "driver": "Wildfire",
        "confidence": "High",
        "source_event_year": null,
        "event_year": null,
        "total_loss_area_ha": null,
        "dominant_loss_area_ha": null,
        "dominant_year_share": null,
        "sample_status": null,
        "pre_scene_id": null,
        "pre_date": null,
        "post_scene_id": null,
        "post_date": null,
        "pre_local_cloud": null,
        "post_local_cloud": null,
        "manual_validation": null,
        "manual_notes": null,
        "event_mask_metadata": null,
        "local_raster_paths": null
      },
      "geometry": {
        "type": "Point",
        "coordinates": [
          131.8849991785262,
          52.11500103740232
        ]
      }
    },
    {
      "type": "Feature",
      "properties": {
        "sample_id": "820ae5f02f7b7e614a14833f93a9a94c765797b4",
        "source_file": "training_2001_2025_v1_3.csv",
        "source_id": "8655",
        "lat": 52.344999230587035,
        "lon": 113.72500018131528,
        "driver": "Wildfire",
        "confidence": "High",
        "source_event_year": null,
        "event_year": null,
        "total_loss_area_ha": null,
        "dominant_loss_area_ha": null,
        "dominant_year_share": null,
        "sample_status": null,
        "pre_scene_id": null,
        "pre_date": null,
        "post_scene_id": null,
        "post_date": null,
        "pre_local_cloud": null,
        "post_local_cloud": null,
        "manual_validation": null,
        "manual_notes": null,
        "event_mask_metadata": null,
        "local_raster_paths": null
      },
      "geometry": {
        "type": "Point",
        "coordinates": [
          113.72500018131528,
          52.344999230587035
        ]
      }
    },
    {
      "type": "Feature",
      "properties": {
        "sample_id": "03777f2f836056c8ad1396051ead38ffc6ad81c2",
        "source_file": "training_2001_2025_v1_3.csv",
        "source_id": "8659",
        "lat": 52.39499914885118,
        "lon": 108.58500111834825,
        "driver": "Wildfire",
        "confidence": "High",
        "source_event_year": null,
        "event_year": null,
        "total_loss_area_ha": null,
        "dominant_loss_area_ha": null,
        "dominant_year_share": null,
        "sample_status": null,
        "pre_scene_id": null,
        "pre_date": null,
        "post_scene_id": null,
        "post_date": null,
        "pre_local_cloud": null,
        "post_local_cloud": null,
        "manual_validation": null,
        "manual_notes": null,
        "event_mask_metadata": null,
        "local_raster_paths": null
      },
      "geometry": {
        "type": "Point",
        "coordinates": [
          108.58500111834825,
          52.39499914885118
        ]
      }
    },
    {
      "type": "Feature",
      "properties": {
        "sample_id": "7696748deb66397ac0334f0e8d2ab92708877d6f",
        "source_file": "training_2001_2025_v1_3.csv",
        "source_id": "8660",
        "lat": 52.404998680453694,
        "lon": 70.34499907128203,
        "driver": "Wildfire",
        "confidence": "Low",
        "source_event_year": null,
        "event_year": null,
        "total_loss_area_ha": null,
        "dominant_loss_area_ha": null,
        "dominant_year_share": null,
        "sample_status": null,
        "pre_scene_id": null,
        "pre_date": null,
        "post_scene_id": null,
        "post_date": null,
        "pre_local_cloud": null,
        "post_local_cloud": null,
        "manual_validation": null,
        "manual_notes": null,
        "event_mask_metadata": null,
        "local_raster_paths": null
      },
      "geometry": {
        "type": "Point",
        "coordinates": [
          70.34499907128203,
          52.404998680453694
        ]
      }
    },
    {
      "type": "Feature",
      "properties": {
        "sample_id": "fd1bfa62af875a2a012568753af70073719d135f",
        "source_file": "training_2001_2025_v1_3.csv",
        "source_id": "8666",
        "lat": 52.51500024545571,
        "lon": 64.13500076789049,
        "driver": "Wildfire",
        "confidence": "High",
        "source_event_year": null,
        "event_year": null,
        "total_loss_area_ha": null,
        "dominant_loss_area_ha": null,
        "dominant_year_share": null,
        "sample_status": null,
        "pre_scene_id": null,
        "pre_date": null,
        "post_scene_id": null,
        "post_date": null,
        "pre_local_cloud": null,
        "post_local_cloud": null,
        "manual_validation": null,
        "manual_notes": null,
        "event_mask_metadata": null,
        "local_raster_paths": null
      },
      "geometry": {
        "type": "Point",
        "coordinates": [
          64.13500076789049,
          52.51500024545571
        ]
      }
    },
    {
      "type": "Feature",
      "properties": {
        "sample_id": "7b43214e1cbf8981c59b955f316a52e490828148",
        "source_file": "training_2001_2025_v1_3.csv",
        "source_id": "8668",
        "lat": 52.565000137479664,
        "lon": 120.34500168255995,
        "driver": "Wildfire",
        "confidence": "High",
        "source_event_year": null,
        "event_year": null,
        "total_loss_area_ha": null,
        "dominant_loss_area_ha": null,
        "dominant_year_share": null,
        "sample_status": null,
        "pre_scene_id": null,
        "pre_date": null,
        "post_scene_id": null,
        "post_date": null,
        "pre_local_cloud": null,
        "post_local_cloud": null,
        "manual_validation": null,
        "manual_notes": null,
        "event_mask_metadata": null,
        "local_raster_paths": null
      },
      "geometry": {
        "type": "Point",
        "coordinates": [
          120.34500168255995,
          52.565000137479664
        ]
      }
    },
    {
      "type": "Feature",
      "properties": {
        "sample_id": "5025791e082f206b704c8748364f1491a60b9681",
        "source_file": "training_2001_2025_v1_3.csv",
        "source_id": "8669",
        "lat": 52.56500015239288,
        "lon": 133.57499846365525,
        "driver": "Wildfire",
        "confidence": "High",
        "source_event_year": null,
        "event_year": null,
        "total_loss_area_ha": null,
        "dominant_loss_area_ha": null,
        "dominant_year_share": null,
        "sample_status": null,
        "pre_scene_id": null,
        "pre_date": null,
        "post_scene_id": null,
        "post_date": null,
        "pre_local_cloud": null,
        "post_local_cloud": null,
        "manual_validation": null,
        "manual_notes": null,
        "event_mask_metadata": null,
        "local_raster_paths": null
      },
      "geometry": {
        "type": "Point",
        "coordinates": [
          133.57499846365525,
          52.56500015239288
        ]
      }
    },
    {
      "type": "Feature",
      "properties": {
        "sample_id": "80df70abb331d10693d71c14902e35b3403f1f45",
        "source_file": "training_2001_2025_v1_3.csv",
        "source_id": "8672",
        "lat": 52.60500050428588,
        "lon": 127.4450008936198,
        "driver": "Wildfire",
        "confidence": "High",
        "source_event_year": null,
        "event_year": null,
        "total_loss_area_ha": null,
        "dominant_loss_area_ha": null,
        "dominant_year_share": null,
        "sample_status": null,
        "pre_scene_id": null,
        "pre_date": null,
        "post_scene_id": null,
        "post_date": null,
        "pre_local_cloud": null,
        "post_local_cloud": null,
        "manual_validation": null,
        "manual_notes": null,
        "event_mask_metadata": null,
        "local_raster_paths": null
      },
      "geometry": {
        "type": "Point",
        "coordinates": [
          127.4450008936198,
          52.60500050428588
        ]
      }
    },
    {
      "type": "Feature",
      "properties": {
        "sample_id": "a63916cc237c97bc3b2258c07982bd60003e8954",
        "source_file": "training_2001_2025_v1_3.csv",
        "source_id": "8675",
        "lat": 52.64500086287352,
        "lon": 125.79499976810996,
        "driver": "Wildfire",
        "confidence": "High",
        "source_event_year": null,
        "event_year": null,
        "total_loss_area_ha": null,
        "dominant_loss_area_ha": null,
        "dominant_year_share": null,
        "sample_status": null,
        "pre_scene_id": null,
        "pre_date": null,
        "post_scene_id": null,
        "post_date": null,
        "pre_local_cloud": null,
        "post_local_cloud": null,
        "manual_validation": null,
        "manual_notes": null,
        "event_mask_metadata": null,
        "local_raster_paths": null
      },
      "geometry": {
        "type": "Point",
        "coordinates": [
          125.79499976810996,
          52.64500086287352
        ]
      }
    },
    {
      "type": "Feature",
      "properties": {
        "sample_id": "7ad93b1e58fd180fb6f424b37c9facf2b351481a",
        "source_file": "training_2001_2025_v1_3.csv",
        "source_id": "8680",
        "lat": 52.77499926992677,
        "lon": 96.99499930487896,
        "driver": "Wildfire",
        "confidence": "High",
        "source_event_year": null,
        "event_year": null,
        "total_loss_area_ha": null,
        "dominant_loss_area_ha": null,
        "dominant_year_share": null,
        "sample_status": null,
        "pre_scene_id": null,
        "pre_date": null,
        "post_scene_id": null,
        "post_date": null,
        "pre_local_cloud": null,
        "post_local_cloud": null,
        "manual_validation": null,
        "manual_notes": null,
        "event_mask_metadata": null,
        "local_raster_paths": null
      },
      "geometry": {
        "type": "Point",
        "coordinates": [
          96.99499930487896,
          52.77499926992677
        ]
      }
    },
    {
      "type": "Feature",
      "properties": {
        "sample_id": "a8e8c24d454792a5fd6c3e5a5623a1e97760ac52",
        "source_file": "training_2001_2025_v1_3.csv",
        "source_id": "8681",
        "lat": 52.784998817643775,
        "lon": 131.3150011630546,
        "driver": "Wildfire",
        "confidence": "High",
        "source_event_year": null,
        "event_year": null,
        "total_loss_area_ha": null,
        "dominant_loss_area_ha": null,
        "dominant_year_share": null,
        "sample_status": null,
        "pre_scene_id": null,
        "pre_date": null,
        "post_scene_id": null,
        "post_date": null,
        "pre_local_cloud": null,
        "post_local_cloud": null,
        "manual_validation": null,
        "manual_notes": null,
        "event_mask_metadata": null,
        "local_raster_paths": null
      },
      "geometry": {
        "type": "Point",
        "coordinates": [
          131.3150011630546,
          52.784998817643775
        ]
      }
    },
    {
      "type": "Feature",
      "properties": {
        "sample_id": "1b088a2dbeb4ad31b295b49e5084be4ae39799ad",
        "source_file": "training_2001_2025_v1_3.csv",
        "source_id": "8682",
        "lat": 52.79500057086854,
        "lon": 90.30500106454556,
        "driver": "Wildfire",
        "confidence": "High",
        "source_event_year": null,
        "event_year": null,
        "total_loss_area_ha": null,
        "dominant_loss_area_ha": null,
        "dominant_year_share": null,
        "sample_status": null,
        "pre_scene_id": null,
        "pre_date": null,
        "post_scene_id": null,
        "post_date": null,
        "pre_local_cloud": null,
        "post_local_cloud": null,
        "manual_validation": null,
        "manual_notes": null,
        "event_mask_metadata": null,
        "local_raster_paths": null
      },
      "geometry": {
        "type": "Point",
        "coordinates": [
          90.30500106454556,
          52.79500057086854
        ]
      }
    },
    {
      "type": "Feature",
      "properties": {
        "sample_id": "b9662c90d4890754cb8f5e891fbb1c8497debca9",
        "source_file": "training_2001_2025_v1_3.csv",
        "source_id": "8686",
        "lat": 52.85500001004768,
        "lon": 104.08500116998556,
        "driver": "Wildfire",
        "confidence": "High",
        "source_event_year": null,
        "event_year": null,
        "total_loss_area_ha": null,
        "dominant_loss_area_ha": null,
        "dominant_year_share": null,
        "sample_status": null,
        "pre_scene_id": null,
        "pre_date": null,
        "post_scene_id": null,
        "post_date": null,
        "pre_local_cloud": null,
        "post_local_cloud": null,
        "manual_validation": null,
        "manual_notes": null,
        "event_mask_metadata": null,
        "local_raster_paths": null
      },
      "geometry": {
        "type": "Point",
        "coordinates": [
          104.08500116998556,
          52.85500001004768
        ]
      }
    },
    {
      "type": "Feature",
      "properties": {
        "sample_id": "3655a8d6a2159ad1cd009df225b7e8ee4da4ab2e",
        "source_file": "training_2001_2025_v1_3.csv",
        "source_id": "8688",
        "lat": 52.89500037503954,
        "lon": 104.5350002965718,
        "driver": "Wildfire",
        "confidence": "High",
        "source_event_year": null,
        "event_year": null,
        "total_loss_area_ha": null,
        "dominant_loss_area_ha": null,
        "dominant_year_share": null,
        "sample_status": null,
        "pre_scene_id": null,
        "pre_date": null,
        "post_scene_id": null,
        "post_date": null,
        "pre_local_cloud": null,
        "post_local_cloud": null,
        "manual_validation": null,
        "manual_notes": null,
        "event_mask_metadata": null,
        "local_raster_paths": null
      },
      "geometry": {
        "type": "Point",
        "coordinates": [
          104.5350002965718,
          52.89500037503954
        ]
      }
    },
    {
      "type": "Feature",
      "properties": {
        "sample_id": "f62d9966fe3cd71548be840fd8890bbe4b3df423",
        "source_file": "training_2001_2025_v1_3.csv",
        "source_id": "8689",
        "lat": 52.91499942217803,
        "lon": 114.06499996491569,
        "driver": "Wildfire",
        "confidence": "High",
        "source_event_year": null,
        "event_year": null,
        "total_loss_area_ha": null,
        "dominant_loss_area_ha": null,
        "dominant_year_share": null,
        "sample_status": null,
        "pre_scene_id": null,
        "pre_date": null,
        "post_scene_id": null,
        "post_date": null,
        "pre_local_cloud": null,
        "post_local_cloud": null,
        "manual_validation": null,
        "manual_notes": null,
        "event_mask_metadata": null,
        "local_raster_paths": null
      },
      "geometry": {
        "type": "Point",
        "coordinates": [
          114.06499996491569,
          52.91499942217803
        ]
      }
    },
    {
      "type": "Feature",
      "properties": {
        "sample_id": "8c6d598aa60370cdf0ea9a7794019dafc660d899",
        "source_file": "training_2001_2025_v1_3.csv",
        "source_id": "8690",
        "lat": 52.93500074095404,
        "lon": 101.71500014960252,
        "driver": "Wildfire",
        "confidence": "Medium",
        "source_event_year": null,
        "event_year": null,
        "total_loss_area_ha": null,
        "dominant_loss_area_ha": null,
        "dominant_year_share": null,
        "sample_status": null,
        "pre_scene_id": null,
        "pre_date": null,
        "post_scene_id": null,
        "post_date": null,
        "pre_local_cloud": null,
        "post_local_cloud": null,
        "manual_validation": null,
        "manual_notes": null,
        "event_mask_metadata": null,
        "local_raster_paths": null
      },
      "geometry": {
        "type": "Point",
        "coordinates": [
          101.71500014960252,
          52.93500074095404
        ]
      }
    },
    {
      "type": "Feature",
      "properties": {
        "sample_id": "22dff687de89d0ac9d8b66e8afe7d00820808a78",
        "source_file": "training_2001_2025_v1_3.csv",
        "source_id": "8697",
        "lat": 53.05499960519504,
        "lon": 104.02499953616046,
        "driver": "Wildfire",
        "confidence": "Medium",
        "source_event_year": null,
        "event_year": null,
        "total_loss_area_ha": null,
        "dominant_loss_area_ha": null,
        "dominant_year_share": null,
        "sample_status": null,
        "pre_scene_id": null,
        "pre_date": null,
        "post_scene_id": null,
        "post_date": null,
        "pre_local_cloud": null,
        "post_local_cloud": null,
        "manual_validation": null,
        "manual_notes": null,
        "event_mask_metadata": null,
        "local_raster_paths": null
      },
      "geometry": {
        "type": "Point",
        "coordinates": [
          104.02499953616046,
          53.05499960519504
        ]
      }
    },
    {
      "type": "Feature",
      "properties": {
        "sample_id": "4228d592439926d9ed13820431b645f8f51244d3",
        "source_file": "training_2001_2025_v1_3.csv",
        "source_id": "8701",
        "lat": 53.08500042978962,
        "lon": 132.91500022431143,
        "driver": "Wildfire",
        "confidence": "High",
        "source_event_year": null,
        "event_year": null,
        "total_loss_area_ha": null,
        "dominant_loss_area_ha": null,
        "dominant_year_share": null,
        "sample_status": null,
        "pre_scene_id": null,
        "pre_date": null,
        "post_scene_id": null,
        "post_date": null,
        "pre_local_cloud": null,
        "post_local_cloud": null,
        "manual_validation": null,
        "manual_notes": null,
        "event_mask_metadata": null,
        "local_raster_paths": null
      },
      "geometry": {
        "type": "Point",
        "coordinates": [
          132.91500022431143,
          53.08500042978962
        ]
      }
    },
    {
      "type": "Feature",
      "properties": {
        "sample_id": "e8faf7f82b08a6d84c3f6d800c1ebb98e560c347",
        "source_file": "training_2001_2025_v1_3.csv",
        "source_id": "8705",
        "lat": 53.09499997994506,
        "lon": 137.70500000886753,
        "driver": "Wildfire",
        "confidence": "High",
        "source_event_year": null,
        "event_year": null,
        "total_loss_area_ha": null,
        "dominant_loss_area_ha": null,
        "dominant_year_share": null,
        "sample_status": null,
        "pre_scene_id": null,
        "pre_date": null,
        "post_scene_id": null,
        "post_date": null,
        "pre_local_cloud": null,
        "post_local_cloud": null,
        "manual_validation": null,
        "manual_notes": null,
        "event_mask_metadata": null,
        "local_raster_paths": null
      },
      "geometry": {
        "type": "Point",
        "coordinates": [
          137.70500000886753,
          53.09499997994506
        ]
      }
    },
    {
      "type": "Feature",
      "properties": {
        "sample_id": "51e0c80c1c911c2d6ce930db48c30965b7ab5dca",
        "source_file": "training_2001_2025_v1_3.csv",
        "source_id": "8706",
        "lat": 53.125000807197615,
        "lon": 103.01499979700051,
        "driver": "Wildfire",
        "confidence": "Low",
        "source_event_year": null,
        "event_year": null,
        "total_loss_area_ha": null,
        "dominant_loss_area_ha": null,
        "dominant_year_share": null,
        "sample_status": null,
        "pre_scene_id": null,
        "pre_date": null,
        "post_scene_id": null,
        "post_date": null,
        "pre_local_cloud": null,
        "post_local_cloud": null,
        "manual_validation": null,
        "manual_notes": null,
        "event_mask_metadata": null,
        "local_raster_paths": null
      },
      "geometry": {
        "type": "Point",
        "coordinates": [
          103.01499979700051,
          53.125000807197615
        ]
      }
    },
    {
      "type": "Feature",
      "properties": {
        "sample_id": "580d600a211e12445f6da9bea3e40d165bdd4275",
        "source_file": "training_2001_2025_v1_3.csv",
        "source_id": "8708",
        "lat": 53.15499941537601,
        "lon": 60.04499954066681,
        "driver": "Wildfire",
        "confidence": "High",
        "source_event_year": null,
        "event_year": null,
        "total_loss_area_ha": null,
        "dominant_loss_area_ha": null,
        "dominant_year_share": null,
        "sample_status": null,
        "pre_scene_id": null,
        "pre_date": null,
        "post_scene_id": null,
        "post_date": null,
        "pre_local_cloud": null,
        "post_local_cloud": null,
        "manual_validation": null,
        "manual_notes": null,
        "event_mask_metadata": null,
        "local_raster_paths": null
      },
      "geometry": {
        "type": "Point",
        "coordinates": [
          60.04499954066681,
          53.15499941537601
        ]
      }
    },
    {
      "type": "Feature",
      "properties": {
        "sample_id": "aa0934eaf0731dcc3c868678a4627e2d64565f97",
        "source_file": "training_2001_2025_v1_3.csv",
        "source_id": "8713",
        "lat": 53.21499885730184,
        "lon": 158.50499862888316,
        "driver": "Wildfire",
        "confidence": "Low",
        "source_event_year": null,
        "event_year": null,
        "total_loss_area_ha": null,
        "dominant_loss_area_ha": null,
        "dominant_year_share": null,
        "sample_status": null,
        "pre_scene_id": null,
        "pre_date": null,
        "post_scene_id": null,
        "post_date": null,
        "pre_local_cloud": null,
        "post_local_cloud": null,
        "manual_validation": null,
        "manual_notes": null,
        "event_mask_metadata": null,
        "local_raster_paths": null
      },
      "geometry": {
        "type": "Point",
        "coordinates": [
          158.50499862888316,
          53.21499885730184
        ]
      }
    },
    {
      "type": "Feature",
      "properties": {
        "sample_id": "0cf224325a8e46cd49ff2655cad922da20bc492a",
        "source_file": "training_2001_2025_v1_3.csv",
        "source_id": "8714",
        "lat": 53.22500057742506,
        "lon": 47.585000361209666,
        "driver": "Wildfire",
        "confidence": "High",
        "source_event_year": null,
        "event_year": null,
        "total_loss_area_ha": null,
        "dominant_loss_area_ha": null,
        "dominant_year_share": null,
        "sample_status": null,
        "pre_scene_id": null,
        "pre_date": null,
        "post_scene_id": null,
        "post_date": null,
        "pre_local_cloud": null,
        "post_local_cloud": null,
        "manual_validation": null,
        "manual_notes": null,
        "event_mask_metadata": null,
        "local_raster_paths": null
      },
      "geometry": {
        "type": "Point",
        "coordinates": [
          47.585000361209666,
          53.22500057742506
        ]
      }
    },
    {
      "type": "Feature",
      "properties": {
        "sample_id": "2a7c453156e5823af7e2313d1d2622acdcb3bdb0",
        "source_file": "training_2001_2025_v1_3.csv",
        "source_id": "8715",
        "lat": 53.22500058909557,
        "lon": 106.16500014137718,
        "driver": "Wildfire",
        "confidence": "High",
        "source_event_year": null,
        "event_year": null,
        "total_loss_area_ha": null,
        "dominant_loss_area_ha": null,
        "dominant_year_share": null,
        "sample_status": null,
        "pre_scene_id": null,
        "pre_date": null,
        "post_scene_id": null,
        "post_date": null,
        "pre_local_cloud": null,
        "post_local_cloud": null,
        "manual_validation": null,
        "manual_notes": null,
        "event_mask_metadata": null,
        "local_raster_paths": null
      },
      "geometry": {
        "type": "Point",
        "coordinates": [
          106.16500014137718,
          53.22500058909557
        ]
      }
    },
    {
      "type": "Feature",
      "properties": {
        "sample_id": "8d7921b9a25cf7a4846e5f584177b4cb054416f5",
        "source_file": "training_2001_2025_v1_3.csv",
        "source_id": "8716",
        "lat": 53.22500060889802,
        "lon": 124.79500172705936,
        "driver": "Wildfire",
        "confidence": "High",
        "source_event_year": null,
        "event_year": null,
        "total_loss_area_ha": null,
        "dominant_loss_area_ha": null,
        "dominant_year_share": null,
        "sample_status": null,
        "pre_scene_id": null,
        "pre_date": null,
        "post_scene_id": null,
        "post_date": null,
        "pre_local_cloud": null,
        "post_local_cloud": null,
        "manual_validation": null,
        "manual_notes": null,
        "event_mask_metadata": null,
        "local_raster_paths": null
      },
      "geometry": {
        "type": "Point",
        "coordinates": [
          124.79500172705936,
          53.22500060889802
        ]
      }
    },
    {
      "type": "Feature",
      "properties": {
        "sample_id": "c3c1eb54ae98757332d9c73aa57c5c19c2ba56d5",
        "source_file": "training_2001_2025_v1_3.csv",
        "source_id": "8721",
        "lat": 53.294999548559495,
        "lon": 64.31500127131487,
        "driver": "Wildfire",
        "confidence": "Medium",
        "source_event_year": null,
        "event_year": null,
        "total_loss_area_ha": null,
        "dominant_loss_area_ha": null,
        "dominant_year_share": null,
        "sample_status": null,
        "pre_scene_id": null,
        "pre_date": null,
        "post_scene_id": null,
        "post_date": null,
        "pre_local_cloud": null,
        "post_local_cloud": null,
        "manual_validation": null,
        "manual_notes": null,
        "event_mask_metadata": null,
        "local_raster_paths": null
      },
      "geometry": {
        "type": "Point",
        "coordinates": [
          64.31500127131487,
          53.294999548559495
        ]
      }
    },
    {
      "type": "Feature",
      "properties": {
        "sample_id": "e1b8335f12cfd194968627cd5da53ced1f04e82b",
        "source_file": "training_2001_2025_v1_3.csv",
        "source_id": "8722",
        "lat": 53.31499860787417,
        "lon": 64.30499951696797,
        "driver": "Wildfire",
        "confidence": "Medium",
        "source_event_year": null,
        "event_year": null,
        "total_loss_area_ha": null,
        "dominant_loss_area_ha": null,
        "dominant_year_share": null,
        "sample_status": null,
        "pre_scene_id": null,
        "pre_date": null,
        "post_scene_id": null,
        "post_date": null,
        "pre_local_cloud": null,
        "post_local_cloud": null,
        "manual_validation": null,
        "manual_notes": null,
        "event_mask_metadata": null,
        "local_raster_paths": null
      },
      "geometry": {
        "type": "Point",
        "coordinates": [
          64.30499951696797,
          53.31499860787417
        ]
      }
    },
    {
      "type": "Feature",
      "properties": {
        "sample_id": "46abb1f12ac307c333cefde289aa1316a0497eb0",
        "source_file": "training_2001_2025_v1_3.csv",
        "source_id": "8724",
        "lat": 53.31499862274523,
        "lon": 158.47499997512026,
        "driver": "Wildfire",
        "confidence": "High",
        "source_event_year": null,
        "event_year": null,
        "total_loss_area_ha": null,
        "dominant_loss_area_ha": null,
        "dominant_year_share": null,
        "sample_status": null,
        "pre_scene_id": null,
        "pre_date": null,
        "post_scene_id": null,
        "post_date": null,
        "pre_local_cloud": null,
        "post_local_cloud": null,
        "manual_validation": null,
        "manual_notes": null,
        "event_mask_metadata": null,
        "local_raster_paths": null
      },
      "geometry": {
        "type": "Point",
        "coordinates": [
          158.47499997512026,
          53.31499862274523
        ]
      }
    },
    {
      "type": "Feature",
      "properties": {
        "sample_id": "6cf9753b2463d2d286aeb7727c1e8504223f1d3e",
        "source_file": "training_2001_2025_v1_3.csv",
        "source_id": "8727",
        "lat": 53.36500075456559,
        "lon": 158.4450013999104,
        "driver": "Wildfire",
        "confidence": "High",
        "source_event_year": null,
        "event_year": null,
        "total_loss_area_ha": null,
        "dominant_loss_area_ha": null,
        "dominant_year_share": null,
        "sample_status": null,
        "pre_scene_id": null,
        "pre_date": null,
        "post_scene_id": null,
        "post_date": null,
        "pre_local_cloud": null,
        "post_local_cloud": null,
        "manual_validation": null,
        "manual_notes": null,
        "event_mask_metadata": null,
        "local_raster_paths": null
      },
      "geometry": {
        "type": "Point",
        "coordinates": [
          158.4450013999104,
          53.36500075456559
        ]
      }
    },
    {
      "type": "Feature",
      "properties": {
        "sample_id": "c584272798932c817accec72bb3f9d9bc17807b2",
        "source_file": "training_2001_2025_v1_3.csv",
        "source_id": "8731",
        "lat": 53.415000672749535,
        "lon": 47.45499974174612,
        "driver": "Wildfire",
        "confidence": "High",
        "source_event_year": null,
        "event_year": null,
        "total_loss_area_ha": null,
        "dominant_loss_area_ha": null,
        "dominant_year_share": null,
        "sample_status": null,
        "pre_scene_id": null,
        "pre_date": null,
        "post_scene_id": null,
        "post_date": null,
        "pre_local_cloud": null,
        "post_local_cloud": null,
        "manual_validation": null,
        "manual_notes": null,
        "event_mask_metadata": null,
        "local_raster_paths": null
      },
      "geometry": {
        "type": "Point",
        "coordinates": [
          47.45499974174612,
          53.415000672749535
        ]
      }
    },
    {
      "type": "Feature",
      "properties": {
        "sample_id": "b3cfde7bf76a021aac22d9b8c5d03c2e3758485f",
        "source_file": "training_2001_2025_v1_3.csv",
        "source_id": "8737",
        "lat": 53.50500093739807,
        "lon": 119.74499842559868,
        "driver": "Wildfire",
        "confidence": "Medium",
        "source_event_year": null,
        "event_year": null,
        "total_loss_area_ha": null,
        "dominant_loss_area_ha": null,
        "dominant_year_share": null,
        "sample_status": null,
        "pre_scene_id": null,
        "pre_date": null,
        "post_scene_id": null,
        "post_date": null,
        "pre_local_cloud": null,
        "post_local_cloud": null,
        "manual_validation": null,
        "manual_notes": null,
        "event_mask_metadata": null,
        "local_raster_paths": null
      },
      "geometry": {
        "type": "Point",
        "coordinates": [
          119.74499842559868,
          53.50500093739807
        ]
      }
    },
    {
      "type": "Feature",
      "properties": {
        "sample_id": "dfe872d43b0352db33588b4af0f3c8aa2be2a0a1",
        "source_file": "training_2001_2025_v1_3.csv",
        "source_id": "8740",
        "lat": 53.54499906785822,
        "lon": 119.62499962105366,
        "driver": "Wildfire",
        "confidence": "High",
        "source_event_year": null,
        "event_year": null,
        "total_loss_area_ha": null,
        "dominant_loss_area_ha": null,
        "dominant_year_share": null,
        "sample_status": null,
        "pre_scene_id": null,
        "pre_date": null,
        "post_scene_id": null,
        "post_date": null,
        "pre_local_cloud": null,
        "post_local_cloud": null,
        "manual_validation": null,
        "manual_notes": null,
        "event_mask_metadata": null,
        "local_raster_paths": null
      },
      "geometry": {
        "type": "Point",
        "coordinates": [
          119.62499962105366,
          53.54499906785822
        ]
      }
    },
    {
      "type": "Feature",
      "properties": {
        "sample_id": "08e304d71c79798ce963684f552ac141b79e6f5e",
        "source_file": "training_2001_2025_v1_3.csv",
        "source_id": "8754",
        "lat": 53.69499877450661,
        "lon": 125.7649989100561,
        "driver": "Wildfire",
        "confidence": "High",
        "source_event_year": null,
        "event_year": null,
        "total_loss_area_ha": null,
        "dominant_loss_area_ha": null,
        "dominant_year_share": null,
        "sample_status": null,
        "pre_scene_id": null,
        "pre_date": null,
        "post_scene_id": null,
        "post_date": null,
        "pre_local_cloud": null,
        "post_local_cloud": null,
        "manual_validation": null,
        "manual_notes": null,
        "event_mask_metadata": null,
        "local_raster_paths": null
      },
      "geometry": {
        "type": "Point",
        "coordinates": [
          125.7649989100561,
          53.69499877450661
        ]
      }
    },
    {
      "type": "Feature",
      "properties": {
        "sample_id": "7662f73127372ea6e7c57ad969f9c84e951b2652",
        "source_file": "training_2001_2025_v1_3.csv",
        "source_id": "8757",
        "lat": 53.72499960390513,
        "lon": 104.5749984704475,
        "driver": "Wildfire",
        "confidence": "High",
        "source_event_year": null,
        "event_year": null,
        "total_loss_area_ha": null,
        "dominant_loss_area_ha": null,
        "dominant_year_share": null,
        "sample_status": null,
        "pre_scene_id": null,
        "pre_date": null,
        "post_scene_id": null,
        "post_date": null,
        "pre_local_cloud": null,
        "post_local_cloud": null,
        "manual_validation": null,
        "manual_notes": null,
        "event_mask_metadata": null,
        "local_raster_paths": null
      },
      "geometry": {
        "type": "Point",
        "coordinates": [
          104.5749984704475,
          53.72499960390513
        ]
      }
    },
    {
      "type": "Feature",
      "properties": {
        "sample_id": "cb64d38075838886c365166f81e28d8be35659f3",
        "source_file": "training_2001_2025_v1_3.csv",
        "source_id": "8759",
        "lat": 53.75500042316488,
        "lon": 126.49499832451716,
        "driver": "Wildfire",
        "confidence": "High",
        "source_event_year": null,
        "event_year": null,
        "total_loss_area_ha": null,
        "dominant_loss_area_ha": null,
        "dominant_year_share": null,
        "sample_status": null,
        "pre_scene_id": null,
        "pre_date": null,
        "post_scene_id": null,
        "post_date": null,
        "pre_local_cloud": null,
        "post_local_cloud": null,
        "manual_validation": null,
        "manual_notes": null,
        "event_mask_metadata": null,
        "local_raster_paths": null
      },
      "geometry": {
        "type": "Point",
        "coordinates": [
          126.49499832451716,
          53.75500042316488
        ]
      }
    },
    {
      "type": "Feature",
      "properties": {
        "sample_id": "7e35bf088e1954ed1a53751395cc762cf4736cf5",
        "source_file": "training_2001_2025_v1_3.csv",
        "source_id": "8761",
        "lat": 53.794998557974296,
        "lon": 82.72499973901975,
        "driver": "Wildfire",
        "confidence": "High",
        "source_event_year": null,
        "event_year": null,
        "total_loss_area_ha": null,
        "dominant_loss_area_ha": null,
        "dominant_year_share": null,
        "sample_status": null,
        "pre_scene_id": null,
        "pre_date": null,
        "post_scene_id": null,
        "post_date": null,
        "pre_local_cloud": null,
        "post_local_cloud": null,
        "manual_validation": null,
        "manual_notes": null,
        "event_mask_metadata": null,
        "local_raster_paths": null
      },
      "geometry": {
        "type": "Point",
        "coordinates": [
          82.72499973901975,
          53.794998557974296
        ]
      }
    },
    {
      "type": "Feature",
      "properties": {
        "sample_id": "ba1e38cd1ca05534195924fc9756b76e2b0a684a",
        "source_file": "training_2001_2025_v1_3.csv",
        "source_id": "8763",
        "lat": 53.81499984297619,
        "lon": 133.58500023992218,
        "driver": "Wildfire",
        "confidence": "High",
        "source_event_year": null,
        "event_year": null,
        "total_loss_area_ha": null,
        "dominant_loss_area_ha": null,
        "dominant_year_share": null,
        "sample_status": null,
        "pre_scene_id": null,
        "pre_date": null,
        "post_scene_id": null,
        "post_date": null,
        "pre_local_cloud": null,
        "post_local_cloud": null,
        "manual_validation": null,
        "manual_notes": null,
        "event_mask_metadata": null,
        "local_raster_paths": null
      },
      "geometry": {
        "type": "Point",
        "coordinates": [
          133.58500023992218,
          53.81499984297619
        ]
      }
    },
    {
      "type": "Feature",
      "properties": {
        "sample_id": "d1ae9f9ed3c67e88c1dc33442133c5176b3f7476",
        "source_file": "training_2001_2025_v1_3.csv",
        "source_id": "8770",
        "lat": 53.88500105957499,
        "lon": 99.45500061380972,
        "driver": "Wildfire",
        "confidence": "Low",
        "source_event_year": null,
        "event_year": null,
        "total_loss_area_ha": null,
        "dominant_loss_area_ha": null,
        "dominant_year_share": null,
        "sample_status": null,
        "pre_scene_id": null,
        "pre_date": null,
        "post_scene_id": null,
        "post_date": null,
        "pre_local_cloud": null,
        "post_local_cloud": null,
        "manual_validation": null,
        "manual_notes": null,
        "event_mask_metadata": null,
        "local_raster_paths": null
      },
      "geometry": {
        "type": "Point",
        "coordinates": [
          99.45500061380972,
          53.88500105957499
        ]
      }
    },
    {
      "type": "Feature",
      "properties": {
        "sample_id": "0a417f11391a3169b8d71dc1854beceb154674cd",
        "source_file": "training_2001_2025_v1_3.csv",
        "source_id": "8772",
        "lat": 53.895000573507424,
        "lon": 111.98499880288333,
        "driver": "Wildfire",
        "confidence": "High",
        "source_event_year": null,
        "event_year": null,
        "total_loss_area_ha": null,
        "dominant_loss_area_ha": null,
        "dominant_year_share": null,
        "sample_status": null,
        "pre_scene_id": null,
        "pre_date": null,
        "post_scene_id": null,
        "post_date": null,
        "pre_local_cloud": null,
        "post_local_cloud": null,
        "manual_validation": null,
        "manual_notes": null,
        "event_mask_metadata": null,
        "local_raster_paths": null
      },
      "geometry": {
        "type": "Point",
        "coordinates": [
          111.98499880288333,
          53.895000573507424
        ]
      }
    },
    {
      "type": "Feature",
      "properties": {
        "sample_id": "29e320bbe2bf9b62ee5e4428519f0ca900c27980",
        "source_file": "training_2001_2025_v1_3.csv",
        "source_id": "8777",
        "lat": 53.90500012916961,
        "lon": 157.70500019479277,
        "driver": "Wildfire",
        "confidence": "High",
        "source_event_year": null,
        "event_year": null,
        "total_loss_area_ha": null,
        "dominant_loss_area_ha": null,
        "dominant_year_share": null,
        "sample_status": null,
        "pre_scene_id": null,
        "pre_date": null,
        "post_scene_id": null,
        "post_date": null,
        "pre_local_cloud": null,
        "post_local_cloud": null,
        "manual_validation": null,
        "manual_notes": null,
        "event_mask_metadata": null,
        "local_raster_paths": null
      },
      "geometry": {
        "type": "Point",
        "coordinates": [
          157.70500019479277,
          53.90500012916961
        ]
      }
    },
    {
      "type": "Feature",
      "properties": {
        "sample_id": "c0466ff7e752e19f164fcb8a2c8aae7ee1a57961",
        "source_file": "training_2001_2025_v1_3.csv",
        "source_id": "8784",
        "lat": 53.94500048439436,
        "lon": 124.75499913821504,
        "driver": "Wildfire",
        "confidence": "High",
        "source_event_year": null,
        "event_year": null,
        "total_loss_area_ha": null,
        "dominant_loss_area_ha": null,
        "dominant_year_share": null,
        "sample_status": null,
        "pre_scene_id": null,
        "pre_date": null,
        "post_scene_id": null,
        "post_date": null,
        "pre_local_cloud": null,
        "post_local_cloud": null,
        "manual_validation": null,
        "manual_notes": null,
        "event_mask_metadata": null,
        "local_raster_paths": null
      },
      "geometry": {
        "type": "Point",
        "coordinates": [
          124.75499913821504,
          53.94500048439436
        ]
      }
    },
    {
      "type": "Feature",
      "properties": {
        "sample_id": "f2da8cfc0997711aaadd2366d194414df49bbeee",
        "source_file": "training_2001_2025_v1_3.csv",
        "source_id": "8789",
        "lat": 54.10499974808193,
        "lon": 134.39500039057816,
        "driver": "Wildfire",
        "confidence": "Medium",
        "source_event_year": null,
        "event_year": null,
        "total_loss_area_ha": null,
        "dominant_loss_area_ha": null,
        "dominant_year_share": null,
        "sample_status": null,
        "pre_scene_id": null,
        "pre_date": null,
        "post_scene_id": null,
        "post_date": null,
        "pre_local_cloud": null,
        "post_local_cloud": null,
        "manual_validation": null,
        "manual_notes": null,
        "event_mask_metadata": null,
        "local_raster_paths": null
      },
      "geometry": {
        "type": "Point",
        "coordinates": [
          134.39500039057816,
          54.10499974808193
        ]
      }
    },
    {
      "type": "Feature",
      "properties": {
        "sample_id": "25461b05641c15990a9ef8cb010be6f44010a066",
        "source_file": "training_2001_2025_v1_3.csv",
        "source_id": "8805",
        "lat": 54.29499979363094,
        "lon": 124.80499902979942,
        "driver": "Wildfire",
        "confidence": "Low",
        "source_event_year": null,
        "event_year": null,
        "total_loss_area_ha": null,
        "dominant_loss_area_ha": null,
        "dominant_year_share": null,
        "sample_status": null,
        "pre_scene_id": null,
        "pre_date": null,
        "post_scene_id": null,
        "post_date": null,
        "pre_local_cloud": null,
        "post_local_cloud": null,
        "manual_validation": null,
        "manual_notes": null,
        "event_mask_metadata": null,
        "local_raster_paths": null
      },
      "geometry": {
        "type": "Point",
        "coordinates": [
          124.80499902979942,
          54.29499979363094
        ]
      }
    },
    {
      "type": "Feature",
      "properties": {
        "sample_id": "5f1a1b92e81d20c1010034f7f9a2851713be93b3",
        "source_file": "training_2001_2025_v1_3.csv",
        "source_id": "8806",
        "lat": 54.30499932175364,
        "lon": 42.19500177466664,
        "driver": "Wildfire",
        "confidence": "High",
        "source_event_year": null,
        "event_year": null,
        "total_loss_area_ha": null,
        "dominant_loss_area_ha": null,
        "dominant_year_share": null,
        "sample_status": null,
        "pre_scene_id": null,
        "pre_date": null,
        "post_scene_id": null,
        "post_date": null,
        "pre_local_cloud": null,
        "post_local_cloud": null,
        "manual_validation": null,
        "manual_notes": null,
        "event_mask_metadata": null,
        "local_raster_paths": null
      },
      "geometry": {
        "type": "Point",
        "coordinates": [
          42.19500177466664,
          54.30499932175364
        ]
      }
    },
    {
      "type": "Feature",
      "properties": {
        "sample_id": "ed2224eda59032d1837f372eda0afa94fd8ce8fb",
        "source_file": "training_2001_2025_v1_3.csv",
        "source_id": "8807",
        "lat": 54.33500014649166,
        "lon": 122.18500065125674,
        "driver": "Wildfire",
        "confidence": "Low",
        "source_event_year": null,
        "event_year": null,
        "total_loss_area_ha": null,
        "dominant_loss_area_ha": null,
        "dominant_year_share": null,
        "sample_status": null,
        "pre_scene_id": null,
        "pre_date": null,
        "post_scene_id": null,
        "post_date": null,
        "pre_local_cloud": null,
        "post_local_cloud": null,
        "manual_validation": null,
        "manual_notes": null,
        "event_mask_metadata": null,
        "local_raster_paths": null
      },
      "geometry": {
        "type": "Point",
        "coordinates": [
          122.18500065125674,
          54.33500014649166
        ]
      }
    },
    {
      "type": "Feature",
      "properties": {
        "sample_id": "0d9afeb2ec2289c7229ff8b551d2013a256097fd",
        "source_file": "training_2001_2025_v1_3.csv",
        "source_id": "8809",
        "lat": 54.3949995665519,
        "lon": 101.92499923910307,
        "driver": "Wildfire",
        "confidence": "High",
        "source_event_year": null,
        "event_year": null,
        "total_loss_area_ha": null,
        "dominant_loss_area_ha": null,
        "dominant_year_share": null,
        "sample_status": null,
        "pre_scene_id": null,
        "pre_date": null,
        "post_scene_id": null,
        "post_date": null,
        "pre_local_cloud": null,
        "post_local_cloud": null,
        "manual_validation": null,
        "manual_notes": null,
        "event_mask_metadata": null,
        "local_raster_paths": null
      },
      "geometry": {
        "type": "Point",
        "coordinates": [
          101.92499923910307,
          54.3949995665519
        ]
      }
    },
    {
      "type": "Feature",
      "properties": {
        "sample_id": "0fddda618540d4ab3e1605342e13f8b1336fa7df",
        "source_file": "training_2001_2025_v1_3.csv",
        "source_id": "8816",
        "lat": 54.52500019809991,
        "lon": 126.99499953891171,
        "driver": "Wildfire",
        "confidence": "High",
        "source_event_year": null,
        "event_year": null,
        "total_loss_area_ha": null,
        "dominant_loss_area_ha": null,
        "dominant_year_share": null,
        "sample_status": null,
        "pre_scene_id": null,
        "pre_date": null,
        "post_scene_id": null,
        "post_date": null,
        "pre_local_cloud": null,
        "post_local_cloud": null,
        "manual_validation": null,
        "manual_notes": null,
        "event_mask_metadata": null,
        "local_raster_paths": null
      },
      "geometry": {
        "type": "Point",
        "coordinates": [
          126.99499953891171,
          54.52500019809991
        ]
      }
    },
    {
      "type": "Feature",
      "properties": {
        "sample_id": "52a29e06b3a1c302ba30fcef237eaff127892e6a",
        "source_file": "training_2001_2025_v1_3.csv",
        "source_id": "8819",
        "lat": 54.58499965520776,
        "lon": 89.36500026855748,
        "driver": "Wildfire",
        "confidence": "High",
        "source_event_year": null,
        "event_year": null,
        "total_loss_area_ha": null,
        "dominant_loss_area_ha": null,
        "dominant_year_share": null,
        "sample_status": null,
        "pre_scene_id": null,
        "pre_date": null,
        "post_scene_id": null,
        "post_date": null,
        "pre_local_cloud": null,
        "post_local_cloud": null,
        "manual_validation": null,
        "manual_notes": null,
        "event_mask_metadata": null,
        "local_raster_paths": null
      },
      "geometry": {
        "type": "Point",
        "coordinates": [
          89.36500026855748,
          54.58499965520776
        ]
      }
    },
    {
      "type": "Feature",
      "properties": {
        "sample_id": "78ff7739d1d6c3e9e7a9e6d8394a3c7dc812a9cc",
        "source_file": "training_2001_2025_v1_3.csv",
        "source_id": "8821",
        "lat": 54.60499647447452,
        "lon": 126.53500091215484,
        "driver": "Wildfire",
        "confidence": "High",
        "source_event_year": null,
        "event_year": null,
        "total_loss_area_ha": null,
        "dominant_loss_area_ha": null,
        "dominant_year_share": null,
        "sample_status": null,
        "pre_scene_id": null,
        "pre_date": null,
        "post_scene_id": null,
        "post_date": null,
        "pre_local_cloud": null,
        "post_local_cloud": null,
        "manual_validation": null,
        "manual_notes": null,
        "event_mask_metadata": null,
        "local_raster_paths": null
      },
      "geometry": {
        "type": "Point",
        "coordinates": [
          126.53500091215484,
          54.60499647447452
        ]
      }
    },
    {
      "type": "Feature",
      "properties": {
        "sample_id": "b23c02690d476047c5a6f2ac809ccf8770fd7b88",
        "source_file": "training_2001_2025_v1_3.csv",
        "source_id": "8836",
        "lat": 54.95500023014049,
        "lon": 112.40500154039736,
        "driver": "Wildfire",
        "confidence": "High",
        "source_event_year": null,
        "event_year": null,
        "total_loss_area_ha": null,
        "dominant_loss_area_ha": null,
        "dominant_year_share": null,
        "sample_status": null,
        "pre_scene_id": null,
        "pre_date": null,
        "post_scene_id": null,
        "post_date": null,
        "pre_local_cloud": null,
        "post_local_cloud": null,
        "manual_validation": null,
        "manual_notes": null,
        "event_mask_metadata": null,
        "local_raster_paths": null
      },
      "geometry": {
        "type": "Point",
        "coordinates": [
          112.40500154039736,
          54.95500023014049
        ]
      }
    },
    {
      "type": "Feature",
      "properties": {
        "sample_id": "79221e4e2b266ca83c9c3772bba3cfc9247906c1",
        "source_file": "training_2001_2025_v1_3.csv",
        "source_id": "8843",
        "lat": 55.13499852208318,
        "lon": 104.22499913774033,
        "driver": "Wildfire",
        "confidence": "High",
        "source_event_year": null,
        "event_year": null,
        "total_loss_area_ha": null,
        "dominant_loss_area_ha": null,
        "dominant_year_share": null,
        "sample_status": null,
        "pre_scene_id": null,
        "pre_date": null,
        "post_scene_id": null,
        "post_date": null,
        "pre_local_cloud": null,
        "post_local_cloud": null,
        "manual_validation": null,
        "manual_notes": null,
        "event_mask_metadata": null,
        "local_raster_paths": null
      },
      "geometry": {
        "type": "Point",
        "coordinates": [
          104.22499913774033,
          55.13499852208318
        ]
      }
    },
    {
      "type": "Feature",
      "properties": {
        "sample_id": "df824a2e72d60c62d68038e38e6f7fe12a763aa1",
        "source_file": "training_2001_2025_v1_3.csv",
        "source_id": "8857",
        "lat": 55.43500017526404,
        "lon": 76.23499884629673,
        "driver": "Wildfire",
        "confidence": "Low",
        "source_event_year": null,
        "event_year": null,
        "total_loss_area_ha": null,
        "dominant_loss_area_ha": null,
        "dominant_year_share": null,
        "sample_status": null,
        "pre_scene_id": null,
        "pre_date": null,
        "post_scene_id": null,
        "post_date": null,
        "pre_local_cloud": null,
        "post_local_cloud": null,
        "manual_validation": null,
        "manual_notes": null,
        "event_mask_metadata": null,
        "local_raster_paths": null
      },
      "geometry": {
        "type": "Point",
        "coordinates": [
          76.23499884629673,
          55.43500017526404
        ]
      }
    },
    {
      "type": "Feature",
      "properties": {
        "sample_id": "245b581ad8f2c44c2fb89c588a1def0086c45717",
        "source_file": "training_2001_2025_v1_3.csv",
        "source_id": "8858",
        "lat": 55.47500055882875,
        "lon": 125.75500162157098,
        "driver": "Wildfire",
        "confidence": "High",
        "source_event_year": null,
        "event_year": null,
        "total_loss_area_ha": null,
        "dominant_loss_area_ha": null,
        "dominant_year_share": null,
        "sample_status": null,
        "pre_scene_id": null,
        "pre_date": null,
        "post_scene_id": null,
        "post_date": null,
        "pre_local_cloud": null,
        "post_local_cloud": null,
        "manual_validation": null,
        "manual_notes": null,
        "event_mask_metadata": null,
        "local_raster_paths": null
      },
      "geometry": {
        "type": "Point",
        "coordinates": [
          125.75500162157098,
          55.47500055882875
        ]
      }
    },
    {
      "type": "Feature",
      "properties": {
        "sample_id": "d57388f120ca8bd6fb9df49e8819d490e2c21fca",
        "source_file": "training_2001_2025_v1_3.csv",
        "source_id": "8863",
        "lat": 55.675000140555404,
        "lon": 127.76499933829784,
        "driver": "Wildfire",
        "confidence": "High",
        "source_event_year": null,
        "event_year": null,
        "total_loss_area_ha": null,
        "dominant_loss_area_ha": null,
        "dominant_year_share": null,
        "sample_status": null,
        "pre_scene_id": null,
        "pre_date": null,
        "post_scene_id": null,
        "post_date": null,
        "pre_local_cloud": null,
        "post_local_cloud": null,
        "manual_validation": null,
        "manual_notes": null,
        "event_mask_metadata": null,
        "local_raster_paths": null
      },
      "geometry": {
        "type": "Point",
        "coordinates": [
          127.76499933829784,
          55.675000140555404
        ]
      }
    },
    {
      "type": "Feature",
      "properties": {
        "sample_id": "5235f88749266e119ce58a123d93802a32be0c2f",
        "source_file": "training_2001_2025_v1_3.csv",
        "source_id": "8882",
        "lat": 56.124999253838475,
        "lon": 98.2150004514958,
        "driver": "Wildfire",
        "confidence": "High",
        "source_event_year": null,
        "event_year": null,
        "total_loss_area_ha": null,
        "dominant_loss_area_ha": null,
        "dominant_year_share": null,
        "sample_status": null,
        "pre_scene_id": null,
        "pre_date": null,
        "post_scene_id": null,
        "post_date": null,
        "pre_local_cloud": null,
        "post_local_cloud": null,
        "manual_validation": null,
        "manual_notes": null,
        "event_mask_metadata": null,
        "local_raster_paths": null
      },
      "geometry": {
        "type": "Point",
        "coordinates": [
          98.2150004514958,
          56.124999253838475
        ]
      }
    },
    {
      "type": "Feature",
      "properties": {
        "sample_id": "1581156947ef569c089aaac857fac7b36c0cf022",
        "source_file": "training_2001_2025_v1_3.csv",
        "source_id": "8892",
        "lat": 56.30499976543694,
        "lon": 47.15500032073634,
        "driver": "Wildfire",
        "confidence": "High",
        "source_event_year": null,
        "event_year": null,
        "total_loss_area_ha": null,
        "dominant_loss_area_ha": null,
        "dominant_year_share": null,
        "sample_status": null,
        "pre_scene_id": null,
        "pre_date": null,
        "post_scene_id": null,
        "post_date": null,
        "pre_local_cloud": null,
        "post_local_cloud": null,
        "manual_validation": null,
        "manual_notes": null,
        "event_mask_metadata": null,
        "local_raster_paths": null
      },
      "geometry": {
        "type": "Point",
        "coordinates": [
          47.15500032073634,
          56.30499976543694
        ]
      }
    },
    {
      "type": "Feature",
      "properties": {
        "sample_id": "bfb8e8ad1e2950f5cfc5795b1a803920320f25c7",
        "source_file": "training_2001_2025_v1_3.csv",
        "source_id": "8898",
        "lat": 56.554999265273864,
        "lon": 42.43499949404757,
        "driver": "Wildfire",
        "confidence": "High",
        "source_event_year": null,
        "event_year": null,
        "total_loss_area_ha": null,
        "dominant_loss_area_ha": null,
        "dominant_year_share": null,
        "sample_status": null,
        "pre_scene_id": null,
        "pre_date": null,
        "post_scene_id": null,
        "post_date": null,
        "pre_local_cloud": null,
        "post_local_cloud": null,
        "manual_validation": null,
        "manual_notes": null,
        "event_mask_metadata": null,
        "local_raster_paths": null
      },
      "geometry": {
        "type": "Point",
        "coordinates": [
          42.43499949404757,
          56.554999265273864
        ]
      }
    },
    {
      "type": "Feature",
      "properties": {
        "sample_id": "6fcffa42267a61525a2ba453400fe0e3f26eb727",
        "source_file": "training_2001_2025_v1_3.csv",
        "source_id": "8899",
        "lat": 56.67500037471091,
        "lon": 100.82500146506676,
        "driver": "Wildfire",
        "confidence": "High",
        "source_event_year": null,
        "event_year": null,
        "total_loss_area_ha": null,
        "dominant_loss_area_ha": null,
        "dominant_year_share": null,
        "sample_status": null,
        "pre_scene_id": null,
        "pre_date": null,
        "post_scene_id": null,
        "post_date": null,
        "pre_local_cloud": null,
        "post_local_cloud": null,
        "manual_validation": null,
        "manual_notes": null,
        "event_mask_metadata": null,
        "local_raster_paths": null
      },
      "geometry": {
        "type": "Point",
        "coordinates": [
          100.82500146506676,
          56.67500037471091
        ]
      }
    },
    {
      "type": "Feature",
      "properties": {
        "sample_id": "8b640f36f436cc7a41dc3847d3db31e47f80738c",
        "source_file": "training_2001_2025_v1_3.csv",
        "source_id": "8901",
        "lat": 56.725000274059106,
        "lon": 108.6350010354926,
        "driver": "Wildfire",
        "confidence": "High",
        "source_event_year": null,
        "event_year": null,
        "total_loss_area_ha": null,
        "dominant_loss_area_ha": null,
        "dominant_year_share": null,
        "sample_status": null,
        "pre_scene_id": null,
        "pre_date": null,
        "post_scene_id": null,
        "post_date": null,
        "pre_local_cloud": null,
        "post_local_cloud": null,
        "manual_validation": null,
        "manual_notes": null,
        "event_mask_metadata": null,
        "local_raster_paths": null
      },
      "geometry": {
        "type": "Point",
        "coordinates": [
          108.6350010354926,
          56.725000274059106
        ]
      }
    },
    {
      "type": "Feature",
      "properties": {
        "sample_id": "7f22f19aeed297106bf01f67149bf6a7df85d3c0",
        "source_file": "training_2001_2025_v1_3.csv",
        "source_id": "8904",
        "lat": 56.75499887474662,
        "lon": 136.56499966364376,
        "driver": "Wildfire",
        "confidence": "Low",
        "source_event_year": null,
        "event_year": null,
        "total_loss_area_ha": null,
        "dominant_loss_area_ha": null,
        "dominant_year_share": null,
        "sample_status": null,
        "pre_scene_id": null,
        "pre_date": null,
        "post_scene_id": null,
        "post_date": null,
        "pre_local_cloud": null,
        "post_local_cloud": null,
        "manual_validation": null,
        "manual_notes": null,
        "event_mask_metadata": null,
        "local_raster_paths": null
      },
      "geometry": {
        "type": "Point",
        "coordinates": [
          136.56499966364376,
          56.75499887474662
        ]
      }
    },
    {
      "type": "Feature",
      "properties": {
        "sample_id": "c84e19ee4f34e2280c51f36cb0d7b1dddcd8dea0",
        "source_file": "training_2001_2025_v1_3.csv",
        "source_id": "8914",
        "lat": 57.354999911214456,
        "lon": 102.81500014536137,
        "driver": "Wildfire",
        "confidence": "High",
        "source_event_year": null,
        "event_year": null,
        "total_loss_area_ha": null,
        "dominant_loss_area_ha": null,
        "dominant_year_share": null,
        "sample_status": null,
        "pre_scene_id": null,
        "pre_date": null,
        "post_scene_id": null,
        "post_date": null,
        "pre_local_cloud": null,
        "post_local_cloud": null,
        "manual_validation": null,
        "manual_notes": null,
        "event_mask_metadata": null,
        "local_raster_paths": null
      },
      "geometry": {
        "type": "Point",
        "coordinates": [
          102.81500014536137,
          57.354999911214456
        ]
      }
    },
    {
      "type": "Feature",
      "properties": {
        "sample_id": "81e0a007ecfdb2843fd4c11593dde31e1a254b76",
        "source_file": "training_2001_2025_v1_3.csv",
        "source_id": "8921",
        "lat": 57.76499860861597,
        "lon": 158.68499913738253,
        "driver": "Wildfire",
        "confidence": "High",
        "source_event_year": null,
        "event_year": null,
        "total_loss_area_ha": null,
        "dominant_loss_area_ha": null,
        "dominant_year_share": null,
        "sample_status": null,
        "pre_scene_id": null,
        "pre_date": null,
        "post_scene_id": null,
        "post_date": null,
        "pre_local_cloud": null,
        "post_local_cloud": null,
        "manual_validation": null,
        "manual_notes": null,
        "event_mask_metadata": null,
        "local_raster_paths": null
      },
      "geometry": {
        "type": "Point",
        "coordinates": [
          158.68499913738253,
          57.76499860861597
        ]
      }
    },
    {
      "type": "Feature",
      "properties": {
        "sample_id": "74ce57258da43ff5cb2e9e2d1de6f8c462e2ea48",
        "source_file": "training_2001_2025_v1_3.csv",
        "source_id": "8923",
        "lat": 57.88499969104761,
        "lon": 59.91500117990888,
        "driver": "Wildfire",
        "confidence": "Low",
        "source_event_year": null,
        "event_year": null,
        "total_loss_area_ha": null,
        "dominant_loss_area_ha": null,
        "dominant_year_share": null,
        "sample_status": null,
        "pre_scene_id": null,
        "pre_date": null,
        "post_scene_id": null,
        "post_date": null,
        "pre_local_cloud": null,
        "post_local_cloud": null,
        "manual_validation": null,
        "manual_notes": null,
        "event_mask_metadata": null,
        "local_raster_paths": null
      },
      "geometry": {
        "type": "Point",
        "coordinates": [
          59.91500117990888,
          57.88499969104761
        ]
      }
    },
    {
      "type": "Feature",
      "properties": {
        "sample_id": "5e4cda699c71872ad70035131d78335cf2b87495",
        "source_file": "training_2001_2025_v1_3.csv",
        "source_id": "8924",
        "lat": 57.88499970484061,
        "lon": 103.95500056436391,
        "driver": "Wildfire",
        "confidence": "High",
        "source_event_year": null,
        "event_year": null,
        "total_loss_area_ha": null,
        "dominant_loss_area_ha": null,
        "dominant_year_share": null,
        "sample_status": null,
        "pre_scene_id": null,
        "pre_date": null,
        "post_scene_id": null,
        "post_date": null,
        "pre_local_cloud": null,
        "post_local_cloud": null,
        "manual_validation": null,
        "manual_notes": null,
        "event_mask_metadata": null,
        "local_raster_paths": null
      },
      "geometry": {
        "type": "Point",
        "coordinates": [
          103.95500056436391,
          57.88499970484061
        ]
      }
    },
    {
      "type": "Feature",
      "properties": {
        "sample_id": "bb6af691b047417f750df86d01ec7e1ce4b9f553",
        "source_file": "training_2001_2025_v1_3.csv",
        "source_id": "8925",
        "lat": 57.94499912836513,
        "lon": 112.70500093955847,
        "driver": "Wildfire",
        "confidence": "High",
        "source_event_year": null,
        "event_year": null,
        "total_loss_area_ha": null,
        "dominant_loss_area_ha": null,
        "dominant_year_share": null,
        "sample_status": null,
        "pre_scene_id": null,
        "pre_date": null,
        "post_scene_id": null,
        "post_date": null,
        "pre_local_cloud": null,
        "post_local_cloud": null,
        "manual_validation": null,
        "manual_notes": null,
        "event_mask_metadata": null,
        "local_raster_paths": null
      },
      "geometry": {
        "type": "Point",
        "coordinates": [
          112.70500093955847,
          57.94499912836513
        ]
      }
    },
    {
      "type": "Feature",
      "properties": {
        "sample_id": "c5ce4bcdc1982a422fdf227252ac30abe6808bc0",
        "source_file": "training_2001_2025_v1_3.csv",
        "source_id": "8927",
        "lat": 57.994999035943565,
        "lon": 136.88500035028054,
        "driver": "Wildfire",
        "confidence": "High",
        "source_event_year": null,
        "event_year": null,
        "total_loss_area_ha": null,
        "dominant_loss_area_ha": null,
        "dominant_year_share": null,
        "sample_status": null,
        "pre_scene_id": null,
        "pre_date": null,
        "post_scene_id": null,
        "post_date": null,
        "pre_local_cloud": null,
        "post_local_cloud": null,
        "manual_validation": null,
        "manual_notes": null,
        "event_mask_metadata": null,
        "local_raster_paths": null
      },
      "geometry": {
        "type": "Point",
        "coordinates": [
          136.88500035028054,
          57.994999035943565
        ]
      }
    },
    {
      "type": "Feature",
      "properties": {
        "sample_id": "ea741164e630c589df64c08abaa9158b5fa40823",
        "source_file": "training_2001_2025_v1_3.csv",
        "source_id": "8928",
        "lat": 58.084999351905495,
        "lon": 86.18500127944627,
        "driver": "Wildfire",
        "confidence": "High",
        "source_event_year": null,
        "event_year": null,
        "total_loss_area_ha": null,
        "dominant_loss_area_ha": null,
        "dominant_year_share": null,
        "sample_status": null,
        "pre_scene_id": null,
        "pre_date": null,
        "post_scene_id": null,
        "post_date": null,
        "pre_local_cloud": null,
        "post_local_cloud": null,
        "manual_validation": null,
        "manual_notes": null,
        "event_mask_metadata": null,
        "local_raster_paths": null
      },
      "geometry": {
        "type": "Point",
        "coordinates": [
          86.18500127944627,
          58.084999351905495
        ]
      }
    },
    {
      "type": "Feature",
      "properties": {
        "sample_id": "f0f57cefaf89c3715a69c63483e432d7fe01c362",
        "source_file": "training_2001_2025_v1_3.csv",
        "source_id": "8929",
        "lat": 58.1050006107298,
        "lon": 136.88500031327115,
        "driver": "Wildfire",
        "confidence": "High",
        "source_event_year": null,
        "event_year": null,
        "total_loss_area_ha": null,
        "dominant_loss_area_ha": null,
        "dominant_year_share": null,
        "sample_status": null,
        "pre_scene_id": null,
        "pre_date": null,
        "post_scene_id": null,
        "post_date": null,
        "pre_local_cloud": null,
        "post_local_cloud": null,
        "manual_validation": null,
        "manual_notes": null,
        "event_mask_metadata": null,
        "local_raster_paths": null
      },
      "geometry": {
        "type": "Point",
        "coordinates": [
          136.88500031327115,
          58.1050006107298
        ]
      }
    },
    {
      "type": "Feature",
      "properties": {
        "sample_id": "f9faec309f4637a592cdf85d139b1acf7416ec94",
        "source_file": "training_2001_2025_v1_3.csv",
        "source_id": "8934",
        "lat": 58.514999355756984,
        "lon": 105.76499873444985,
        "driver": "Wildfire",
        "confidence": "High",
        "source_event_year": null,
        "event_year": null,
        "total_loss_area_ha": null,
        "dominant_loss_area_ha": null,
        "dominant_year_share": null,
        "sample_status": null,
        "pre_scene_id": null,
        "pre_date": null,
        "post_scene_id": null,
        "post_date": null,
        "pre_local_cloud": null,
        "post_local_cloud": null,
        "manual_validation": null,
        "manual_notes": null,
        "event_mask_metadata": null,
        "local_raster_paths": null
      },
      "geometry": {
        "type": "Point",
        "coordinates": [
          105.76499873444985,
          58.514999355756984
        ]
      }
    },
    {
      "type": "Feature",
      "properties": {
        "sample_id": "b19b8f86ece3609703e1f0710ae6bbb08a2401b8",
        "source_file": "training_2001_2025_v1_3.csv",
        "source_id": "8938",
        "lat": 58.624998683908906,
        "lon": 115.31499971433102,
        "driver": "Wildfire",
        "confidence": "High",
        "source_event_year": null,
        "event_year": null,
        "total_loss_area_ha": null,
        "dominant_loss_area_ha": null,
        "dominant_year_share": null,
        "sample_status": null,
        "pre_scene_id": null,
        "pre_date": null,
        "post_scene_id": null,
        "post_date": null,
        "pre_local_cloud": null,
        "post_local_cloud": null,
        "manual_validation": null,
        "manual_notes": null,
        "event_mask_metadata": null,
        "local_raster_paths": null
      },
      "geometry": {
        "type": "Point",
        "coordinates": [
          115.31499971433102,
          58.624998683908906
        ]
      }
    },
    {
      "type": "Feature",
      "properties": {
        "sample_id": "e4b50b3067fc3ce91c2682369dc0c976927edeac",
        "source_file": "training_2001_2025_v1_3.csv",
        "source_id": "8940",
        "lat": 58.67499856914737,
        "lon": 99.90499975096132,
        "driver": "Wildfire",
        "confidence": "High",
        "source_event_year": null,
        "event_year": null,
        "total_loss_area_ha": null,
        "dominant_loss_area_ha": null,
        "dominant_year_share": null,
        "sample_status": null,
        "pre_scene_id": null,
        "pre_date": null,
        "post_scene_id": null,
        "post_date": null,
        "pre_local_cloud": null,
        "post_local_cloud": null,
        "manual_validation": null,
        "manual_notes": null,
        "event_mask_metadata": null,
        "local_raster_paths": null
      },
      "geometry": {
        "type": "Point",
        "coordinates": [
          99.90499975096132,
          58.67499856914737
        ]
      }
    },
    {
      "type": "Feature",
      "properties": {
        "sample_id": "d4f23212ad0a9e844ef6c68e649e88350e7f951c",
        "source_file": "training_2001_2025_v1_3.csv",
        "source_id": "8941",
        "lat": 58.71500116087237,
        "lon": 128.34499908954928,
        "driver": "Wildfire",
        "confidence": "High",
        "source_event_year": null,
        "event_year": null,
        "total_loss_area_ha": null,
        "dominant_loss_area_ha": null,
        "dominant_year_share": null,
        "sample_status": null,
        "pre_scene_id": null,
        "pre_date": null,
        "post_scene_id": null,
        "post_date": null,
        "pre_local_cloud": null,
        "post_local_cloud": null,
        "manual_validation": null,
        "manual_notes": null,
        "event_mask_metadata": null,
        "local_raster_paths": null
      },
      "geometry": {
        "type": "Point",
        "coordinates": [
          128.34499908954928,
          58.71500116087237
        ]
      }
    },
    {
      "type": "Feature",
      "properties": {
        "sample_id": "e30204602efdca8a5ce81901e4b594e23a5ea6af",
        "source_file": "training_2001_2025_v1_3.csv",
        "source_id": "8943",
        "lat": 58.73500022757422,
        "lon": 111.89500071544585,
        "driver": "Wildfire",
        "confidence": "High",
        "source_event_year": null,
        "event_year": null,
        "total_loss_area_ha": null,
        "dominant_loss_area_ha": null,
        "dominant_year_share": null,
        "sample_status": null,
        "pre_scene_id": null,
        "pre_date": null,
        "post_scene_id": null,
        "post_date": null,
        "pre_local_cloud": null,
        "post_local_cloud": null,
        "manual_validation": null,
        "manual_notes": null,
        "event_mask_metadata": null,
        "local_raster_paths": null
      },
      "geometry": {
        "type": "Point",
        "coordinates": [
          111.89500071544585,
          58.73500022757422
        ]
      }
    },
    {
      "type": "Feature",
      "properties": {
        "sample_id": "4b9c13163794cb2dec87d25aa7ee5a9eaf19e14a",
        "source_file": "training_2001_2025_v1_3.csv",
        "source_id": "8945",
        "lat": 58.94499935415795,
        "lon": 84.93499931231956,
        "driver": "Wildfire",
        "confidence": "High",
        "source_event_year": null,
        "event_year": null,
        "total_loss_area_ha": null,
        "dominant_loss_area_ha": null,
        "dominant_year_share": null,
        "sample_status": null,
        "pre_scene_id": null,
        "pre_date": null,
        "post_scene_id": null,
        "post_date": null,
        "pre_local_cloud": null,
        "post_local_cloud": null,
        "manual_validation": null,
        "manual_notes": null,
        "event_mask_metadata": null,
        "local_raster_paths": null
      },
      "geometry": {
        "type": "Point",
        "coordinates": [
          84.93499931231956,
          58.94499935415795
        ]
      }
    },
    {
      "type": "Feature",
      "properties": {
        "sample_id": "63ef9754c5e76e22d7bbbf1ba195eaa4684b8396",
        "source_file": "training_2001_2025_v1_3.csv",
        "source_id": "8949",
        "lat": 59.00499881240071,
        "lon": 86.62499864857317,
        "driver": "Wildfire",
        "confidence": "High",
        "source_event_year": null,
        "event_year": null,
        "total_loss_area_ha": null,
        "dominant_loss_area_ha": null,
        "dominant_year_share": null,
        "sample_status": null,
        "pre_scene_id": null,
        "pre_date": null,
        "post_scene_id": null,
        "post_date": null,
        "pre_local_cloud": null,
        "post_local_cloud": null,
        "manual_validation": null,
        "manual_notes": null,
        "event_mask_metadata": null,
        "local_raster_paths": null
      },
      "geometry": {
        "type": "Point",
        "coordinates": [
          86.62499864857317,
          59.00499881240071
        ]
      }
    },
    {
      "type": "Feature",
      "properties": {
        "sample_id": "f71887e42133aa5a8a02c3e3118ef1cb36ce1fa9",
        "source_file": "training_2001_2025_v1_3.csv",
        "source_id": "8950",
        "lat": 59.02500011192146,
        "lon": 76.90500106851412,
        "driver": "Wildfire",
        "confidence": "High",
        "source_event_year": null,
        "event_year": null,
        "total_loss_area_ha": null,
        "dominant_loss_area_ha": null,
        "dominant_year_share": null,
        "sample_status": null,
        "pre_scene_id": null,
        "pre_date": null,
        "post_scene_id": null,
        "post_date": null,
        "pre_local_cloud": null,
        "post_local_cloud": null,
        "manual_validation": null,
        "manual_notes": null,
        "event_mask_metadata": null,
        "local_raster_paths": null
      },
      "geometry": {
        "type": "Point",
        "coordinates": [
          76.90500106851412,
          59.02500011192146
        ]
      }
    },
    {
      "type": "Feature",
      "properties": {
        "sample_id": "4fe9997391588e9d81816430c7f6b1656b634001",
        "source_file": "training_2001_2025_v1_3.csv",
        "source_id": "8953",
        "lat": 59.29500091100001,
        "lon": 109.45499848515423,
        "driver": "Wildfire",
        "confidence": "High",
        "source_event_year": null,
        "event_year": null,
        "total_loss_area_ha": null,
        "dominant_loss_area_ha": null,
        "dominant_year_share": null,
        "sample_status": null,
        "pre_scene_id": null,
        "pre_date": null,
        "post_scene_id": null,
        "post_date": null,
        "pre_local_cloud": null,
        "post_local_cloud": null,
        "manual_validation": null,
        "manual_notes": null,
        "event_mask_metadata": null,
        "local_raster_paths": null
      },
      "geometry": {
        "type": "Point",
        "coordinates": [
          109.45499848515423,
          59.29500091100001
        ]
      }
    },
    {
      "type": "Feature",
      "properties": {
        "sample_id": "a5745ec8f6b72bade597251022fdb0bfe5702862",
        "source_file": "training_2001_2025_v1_3.csv",
        "source_id": "8954",
        "lat": 59.31499995120242,
        "lon": 65.06499975311179,
        "driver": "Wildfire",
        "confidence": "High",
        "source_event_year": null,
        "event_year": null,
        "total_loss_area_ha": null,
        "dominant_loss_area_ha": null,
        "dominant_year_share": null,
        "sample_status": null,
        "pre_scene_id": null,
        "pre_date": null,
        "post_scene_id": null,
        "post_date": null,
        "pre_local_cloud": null,
        "post_local_cloud": null,
        "manual_validation": null,
        "manual_notes": null,
        "event_mask_metadata": null,
        "local_raster_paths": null
      },
      "geometry": {
        "type": "Point",
        "coordinates": [
          65.06499975311179,
          59.31499995120242
        ]
      }
    },
    {
      "type": "Feature",
      "properties": {
        "sample_id": "5e41d005f4565a4e6eaecfa9965cec8e4e8094e4",
        "source_file": "training_2001_2025_v1_3.csv",
        "source_id": "8958",
        "lat": 59.5450003766384,
        "lon": 94.5350002185774,
        "driver": "Wildfire",
        "confidence": "High",
        "source_event_year": null,
        "event_year": null,
        "total_loss_area_ha": null,
        "dominant_loss_area_ha": null,
        "dominant_year_share": null,
        "sample_status": null,
        "pre_scene_id": null,
        "pre_date": null,
        "post_scene_id": null,
        "post_date": null,
        "pre_local_cloud": null,
        "post_local_cloud": null,
        "manual_validation": null,
        "manual_notes": null,
        "event_mask_metadata": null,
        "local_raster_paths": null
      },
      "geometry": {
        "type": "Point",
        "coordinates": [
          94.5350002185774,
          59.5450003766384
        ]
      }
    },
    {
      "type": "Feature",
      "properties": {
        "sample_id": "00334055d165f1c716299b5d687c00786b8bf078",
        "source_file": "training_2001_2025_v1_3.csv",
        "source_id": "8960",
        "lat": 59.67500104253346,
        "lon": 83.75500078499289,
        "driver": "Wildfire",
        "confidence": "High",
        "source_event_year": null,
        "event_year": null,
        "total_loss_area_ha": null,
        "dominant_loss_area_ha": null,
        "dominant_year_share": null,
        "sample_status": null,
        "pre_scene_id": null,
        "pre_date": null,
        "post_scene_id": null,
        "post_date": null,
        "pre_local_cloud": null,
        "post_local_cloud": null,
        "manual_validation": null,
        "manual_notes": null,
        "event_mask_metadata": null,
        "local_raster_paths": null
      },
      "geometry": {
        "type": "Point",
        "coordinates": [
          83.75500078499289,
          59.67500104253346
        ]
      }
    },
    {
      "type": "Feature",
      "properties": {
        "sample_id": "58dcb987c2343c0957d2c3215a0750e48dca72cb",
        "source_file": "training_2001_2025_v1_3.csv",
        "source_id": "8961",
        "lat": 59.764999071762695,
        "lon": 151.25499968616484,
        "driver": "Wildfire",
        "confidence": "High",
        "source_event_year": null,
        "event_year": null,
        "total_loss_area_ha": null,
        "dominant_loss_area_ha": null,
        "dominant_year_share": null,
        "sample_status": null,
        "pre_scene_id": null,
        "pre_date": null,
        "post_scene_id": null,
        "post_date": null,
        "pre_local_cloud": null,
        "post_local_cloud": null,
        "manual_validation": null,
        "manual_notes": null,
        "event_mask_metadata": null,
        "local_raster_paths": null
      },
      "geometry": {
        "type": "Point",
        "coordinates": [
          151.25499968616484,
          59.764999071762695
        ]
      }
    },
    {
      "type": "Feature",
      "properties": {
        "sample_id": "1e6eae347dcdfd103156546862800f6bea4b2791",
        "source_file": "training_2001_2025_v1_3.csv",
        "source_id": "8965",
        "lat": 60.06500069845429,
        "lon": 99.93500054752604,
        "driver": "Wildfire",
        "confidence": "Low",
        "source_event_year": null,
        "event_year": null,
        "total_loss_area_ha": null,
        "dominant_loss_area_ha": null,
        "dominant_year_share": null,
        "sample_status": null,
        "pre_scene_id": null,
        "pre_date": null,
        "post_scene_id": null,
        "post_date": null,
        "pre_local_cloud": null,
        "post_local_cloud": null,
        "manual_validation": null,
        "manual_notes": null,
        "event_mask_metadata": null,
        "local_raster_paths": null
      },
      "geometry": {
        "type": "Point",
        "coordinates": [
          99.93500054752604,
          60.06500069845429
        ]
      }
    },
    {
      "type": "Feature",
      "properties": {
        "sample_id": "f19b07b6f063285091e0c604623cd0d771bc613d",
        "source_file": "training_2001_2025_v1_3.csv",
        "source_id": "8966",
        "lat": 60.06500068059073,
        "lon": 131.83499926072466,
        "driver": "Wildfire",
        "confidence": "High",
        "source_event_year": null,
        "event_year": null,
        "total_loss_area_ha": null,
        "dominant_loss_area_ha": null,
        "dominant_year_share": null,
        "sample_status": null,
        "pre_scene_id": null,
        "pre_date": null,
        "post_scene_id": null,
        "post_date": null,
        "pre_local_cloud": null,
        "post_local_cloud": null,
        "manual_validation": null,
        "manual_notes": null,
        "event_mask_metadata": null,
        "local_raster_paths": null
      },
      "geometry": {
        "type": "Point",
        "coordinates": [
          131.83499926072466,
          60.06500068059073
        ]
      }
    },
    {
      "type": "Feature",
      "properties": {
        "sample_id": "58f5ba1f709fc021a4171f73693e12aef83f474a",
        "source_file": "training_2001_2025_v1_3.csv",
        "source_id": "8969",
        "lat": 60.144999169174376,
        "lon": 109.39500126970516,
        "driver": "Wildfire",
        "confidence": "High",
        "source_event_year": null,
        "event_year": null,
        "total_loss_area_ha": null,
        "dominant_loss_area_ha": null,
        "dominant_year_share": null,
        "sample_status": null,
        "pre_scene_id": null,
        "pre_date": null,
        "post_scene_id": null,
        "post_date": null,
        "pre_local_cloud": null,
        "post_local_cloud": null,
        "manual_validation": null,
        "manual_notes": null,
        "event_mask_metadata": null,
        "local_raster_paths": null
      },
      "geometry": {
        "type": "Point",
        "coordinates": [
          109.39500126970516,
          60.144999169174376
        ]
      }
    },
    {
      "type": "Feature",
      "properties": {
        "sample_id": "c4d7ffef271185bdf9121256e4aeab953ae64448",
        "source_file": "training_2001_2025_v1_3.csv",
        "source_id": "8970",
        "lat": 60.165000485180435,
        "lon": 61.10500150566393,
        "driver": "Wildfire",
        "confidence": "High",
        "source_event_year": null,
        "event_year": null,
        "total_loss_area_ha": null,
        "dominant_loss_area_ha": null,
        "dominant_year_share": null,
        "sample_status": null,
        "pre_scene_id": null,
        "pre_date": null,
        "post_scene_id": null,
        "post_date": null,
        "pre_local_cloud": null,
        "post_local_cloud": null,
        "manual_validation": null,
        "manual_notes": null,
        "event_mask_metadata": null,
        "local_raster_paths": null
      },
      "geometry": {
        "type": "Point",
        "coordinates": [
          61.10500150566393,
          60.165000485180435
        ]
      }
    },
    {
      "type": "Feature",
      "properties": {
        "sample_id": "73d9c39161a2c26726ca1a757c8f42028f311e9c",
        "source_file": "training_2001_2025_v1_3.csv",
        "source_id": "8971",
        "lat": 60.16500047665028,
        "lon": 120.0350005791306,
        "driver": "Wildfire",
        "confidence": "High",
        "source_event_year": null,
        "event_year": null,
        "total_loss_area_ha": null,
        "dominant_loss_area_ha": null,
        "dominant_year_share": null,
        "sample_status": null,
        "pre_scene_id": null,
        "pre_date": null,
        "post_scene_id": null,
        "post_date": null,
        "pre_local_cloud": null,
        "post_local_cloud": null,
        "manual_validation": null,
        "manual_notes": null,
        "event_mask_metadata": null,
        "local_raster_paths": null
      },
      "geometry": {
        "type": "Point",
        "coordinates": [
          120.0350005791306,
          60.16500047665028
        ]
      }
    },
    {
      "type": "Feature",
      "properties": {
        "sample_id": "9639c040fc5c85b46ea6b0a16e57993771030687",
        "source_file": "training_2001_2025_v1_3.csv",
        "source_id": "8972",
        "lat": 60.175000036314835,
        "lon": 71.56500013718397,
        "driver": "Wildfire",
        "confidence": "High",
        "source_event_year": null,
        "event_year": null,
        "total_loss_area_ha": null,
        "dominant_loss_area_ha": null,
        "dominant_year_share": null,
        "sample_status": null,
        "pre_scene_id": null,
        "pre_date": null,
        "post_scene_id": null,
        "post_date": null,
        "pre_local_cloud": null,
        "post_local_cloud": null,
        "manual_validation": null,
        "manual_notes": null,
        "event_mask_metadata": null,
        "local_raster_paths": null
      },
      "geometry": {
        "type": "Point",
        "coordinates": [
          71.56500013718397,
          60.175000036314835
        ]
      }
    },
    {
      "type": "Feature",
      "properties": {
        "sample_id": "687f139ef35eecef4f8788792f1881ed72855483",
        "source_file": "training_2001_2025_v1_3.csv",
        "source_id": "8974",
        "lat": 60.28499936618117,
        "lon": 76.76499864912537,
        "driver": "Wildfire",
        "confidence": "High",
        "source_event_year": null,
        "event_year": null,
        "total_loss_area_ha": null,
        "dominant_loss_area_ha": null,
        "dominant_year_share": null,
        "sample_status": null,
        "pre_scene_id": null,
        "pre_date": null,
        "post_scene_id": null,
        "post_date": null,
        "pre_local_cloud": null,
        "post_local_cloud": null,
        "manual_validation": null,
        "manual_notes": null,
        "event_mask_metadata": null,
        "local_raster_paths": null
      },
      "geometry": {
        "type": "Point",
        "coordinates": [
          76.76499864912537,
          60.28499936618117
        ]
      }
    },
    {
      "type": "Feature",
      "properties": {
        "sample_id": "18f7b1ddfb805189bbf950f43776d6a2bdc418b6",
        "source_file": "training_2001_2025_v1_3.csv",
        "source_id": "8980",
        "lat": 60.70499983016463,
        "lon": 88.24499892853918,
        "driver": "Wildfire",
        "confidence": "High",
        "source_event_year": null,
        "event_year": null,
        "total_loss_area_ha": null,
        "dominant_loss_area_ha": null,
        "dominant_year_share": null,
        "sample_status": null,
        "pre_scene_id": null,
        "pre_date": null,
        "post_scene_id": null,
        "post_date": null,
        "pre_local_cloud": null,
        "post_local_cloud": null,
        "manual_validation": null,
        "manual_notes": null,
        "event_mask_metadata": null,
        "local_raster_paths": null
      },
      "geometry": {
        "type": "Point",
        "coordinates": [
          88.24499892853918,
          60.70499983016463
        ]
      }
    },
    {
      "type": "Feature",
      "properties": {
        "sample_id": "9c404ef36be3e48556d4b05c6cc04d7741d94a08",
        "source_file": "training_2001_2025_v1_3.csv",
        "source_id": "8981",
        "lat": 60.70499985551043,
        "lon": 108.77499893944989,
        "driver": "Wildfire",
        "confidence": "High",
        "source_event_year": null,
        "event_year": null,
        "total_loss_area_ha": null,
        "dominant_loss_area_ha": null,
        "dominant_year_share": null,
        "sample_status": null,
        "pre_scene_id": null,
        "pre_date": null,
        "post_scene_id": null,
        "post_date": null,
        "pre_local_cloud": null,
        "post_local_cloud": null,
        "manual_validation": null,
        "manual_notes": null,
        "event_mask_metadata": null,
        "local_raster_paths": null
      },
      "geometry": {
        "type": "Point",
        "coordinates": [
          108.77499893944989,
          60.70499985551043
        ]
      }
    },
    {
      "type": "Feature",
      "properties": {
        "sample_id": "4040731aff02bf9ad2e2f391abd9c8518ce46634",
        "source_file": "training_2001_2025_v1_3.csv",
        "source_id": "8983",
        "lat": 60.7350006759856,
        "lon": 99.5150000626247,
        "driver": "Wildfire",
        "confidence": "High",
        "source_event_year": null,
        "event_year": null,
        "total_loss_area_ha": null,
        "dominant_loss_area_ha": null,
        "dominant_year_share": null,
        "sample_status": null,
        "pre_scene_id": null,
        "pre_date": null,
        "post_scene_id": null,
        "post_date": null,
        "pre_local_cloud": null,
        "post_local_cloud": null,
        "manual_validation": null,
        "manual_notes": null,
        "event_mask_metadata": null,
        "local_raster_paths": null
      },
      "geometry": {
        "type": "Point",
        "coordinates": [
          99.5150000626247,
          60.7350006759856
        ]
      }
    },
    {
      "type": "Feature",
      "properties": {
        "sample_id": "23f8547cbb03eb424a4b947ac95d8c2249bc34ed",
        "source_file": "training_2001_2025_v1_3.csv",
        "source_id": "8984",
        "lat": 60.74500021370582,
        "lon": 127.9850002533166,
        "driver": "Wildfire",
        "confidence": "High",
        "source_event_year": null,
        "event_year": null,
        "total_loss_area_ha": null,
        "dominant_loss_area_ha": null,
        "dominant_year_share": null,
        "sample_status": null,
        "pre_scene_id": null,
        "pre_date": null,
        "post_scene_id": null,
        "post_date": null,
        "pre_local_cloud": null,
        "post_local_cloud": null,
        "manual_validation": null,
        "manual_notes": null,
        "event_mask_metadata": null,
        "local_raster_paths": null
      },
      "geometry": {
        "type": "Point",
        "coordinates": [
          127.9850002533166,
          60.74500021370582
        ]
      }
    },
    {
      "type": "Feature",
      "properties": {
        "sample_id": "f8d4b3344941efaa628f85f9ef349135bd83c45a",
        "source_file": "training_2001_2025_v1_3.csv",
        "source_id": "8985",
        "lat": 60.75499975177058,
        "lon": 132.8749998568946,
        "driver": "Wildfire",
        "confidence": "Medium",
        "source_event_year": null,
        "event_year": null,
        "total_loss_area_ha": null,
        "dominant_loss_area_ha": null,
        "dominant_year_share": null,
        "sample_status": null,
        "pre_scene_id": null,
        "pre_date": null,
        "post_scene_id": null,
        "post_date": null,
        "pre_local_cloud": null,
        "post_local_cloud": null,
        "manual_validation": null,
        "manual_notes": null,
        "event_mask_metadata": null,
        "local_raster_paths": null
      },
      "geometry": {
        "type": "Point",
        "coordinates": [
          132.8749998568946,
          60.75499975177058
        ]
      }
    },
    {
      "type": "Feature",
      "properties": {
        "sample_id": "812218d6af14ae13b9084d0a808f4289f27a3419",
        "source_file": "training_2001_2025_v1_3.csv",
        "source_id": "8986",
        "lat": 60.924998523627025,
        "lon": 87.97500037149649,
        "driver": "Wildfire",
        "confidence": "High",
        "source_event_year": null,
        "event_year": null,
        "total_loss_area_ha": null,
        "dominant_loss_area_ha": null,
        "dominant_year_share": null,
        "sample_status": null,
        "pre_scene_id": null,
        "pre_date": null,
        "post_scene_id": null,
        "post_date": null,
        "pre_local_cloud": null,
        "post_local_cloud": null,
        "manual_validation": null,
        "manual_notes": null,
        "event_mask_metadata": null,
        "local_raster_paths": null
      },
      "geometry": {
        "type": "Point",
        "coordinates": [
          87.97500037149649,
          60.924998523627025
        ]
      }
    },
    {
      "type": "Feature",
      "properties": {
        "sample_id": "f994a73bef01ca29a4cb8c5aab108815ea79b83e",
        "source_file": "training_2001_2025_v1_3.csv",
        "source_id": "8987",
        "lat": 61.00499923781673,
        "lon": 149.0450001276354,
        "driver": "Wildfire",
        "confidence": "High",
        "source_event_year": null,
        "event_year": null,
        "total_loss_area_ha": null,
        "dominant_loss_area_ha": null,
        "dominant_year_share": null,
        "sample_status": null,
        "pre_scene_id": null,
        "pre_date": null,
        "post_scene_id": null,
        "post_date": null,
        "pre_local_cloud": null,
        "post_local_cloud": null,
        "manual_validation": null,
        "manual_notes": null,
        "event_mask_metadata": null,
        "local_raster_paths": null
      },
      "geometry": {
        "type": "Point",
        "coordinates": [
          149.0450001276354,
          61.00499923781673
        ]
      }
    },
    {
      "type": "Feature",
      "properties": {
        "sample_id": "aa16c96e9779daef258598571151df989098e36e",
        "source_file": "training_2001_2025_v1_3.csv",
        "source_id": "8988",
        "lat": 61.08499997671944,
        "lon": 88.19499904088227,
        "driver": "Wildfire",
        "confidence": "High",
        "source_event_year": null,
        "event_year": null,
        "total_loss_area_ha": null,
        "dominant_loss_area_ha": null,
        "dominant_year_share": null,
        "sample_status": null,
        "pre_scene_id": null,
        "pre_date": null,
        "post_scene_id": null,
        "post_date": null,
        "pre_local_cloud": null,
        "post_local_cloud": null,
        "manual_validation": null,
        "manual_notes": null,
        "event_mask_metadata": null,
        "local_raster_paths": null
      },
      "geometry": {
        "type": "Point",
        "coordinates": [
          88.19499904088227,
          61.08499997671944
        ]
      }
    },
    {
      "type": "Feature",
      "properties": {
        "sample_id": "11deafb95a6718e80d6370253acf636e8403274e",
        "source_file": "training_2001_2025_v1_3.csv",
        "source_id": "8990",
        "lat": 61.144999416736674,
        "lon": 132.2049998717829,
        "driver": "Wildfire",
        "confidence": "High",
        "source_event_year": null,
        "event_year": null,
        "total_loss_area_ha": null,
        "dominant_loss_area_ha": null,
        "dominant_year_share": null,
        "sample_status": null,
        "pre_scene_id": null,
        "pre_date": null,
        "post_scene_id": null,
        "post_date": null,
        "pre_local_cloud": null,
        "post_local_cloud": null,
        "manual_validation": null,
        "manual_notes": null,
        "event_mask_metadata": null,
        "local_raster_paths": null
      },
      "geometry": {
        "type": "Point",
        "coordinates": [
          132.2049998717829,
          61.144999416736674
        ]
      }
    },
    {
      "type": "Feature",
      "properties": {
        "sample_id": "638f7545321dba8b7d284e9fafd16021cdbb81ad",
        "source_file": "training_2001_2025_v1_3.csv",
        "source_id": "8991",
        "lat": 61.14499938871289,
        "lon": 149.62499986584808,
        "driver": "Wildfire",
        "confidence": "High",
        "source_event_year": null,
        "event_year": null,
        "total_loss_area_ha": null,
        "dominant_loss_area_ha": null,
        "dominant_year_share": null,
        "sample_status": null,
        "pre_scene_id": null,
        "pre_date": null,
        "post_scene_id": null,
        "post_date": null,
        "pre_local_cloud": null,
        "post_local_cloud": null,
        "manual_validation": null,
        "manual_notes": null,
        "event_mask_metadata": null,
        "local_raster_paths": null
      },
      "geometry": {
        "type": "Point",
        "coordinates": [
          149.62499986584808,
          61.14499938871289
        ]
      }
    },
    {
      "type": "Feature",
      "properties": {
        "sample_id": "ce7f8c25cacfbceb6801e01e6264f329f6012383",
        "source_file": "training_2001_2025_v1_3.csv",
        "source_id": "8993",
        "lat": 61.23499968627972,
        "lon": 59.92499837326053,
        "driver": "Wildfire",
        "confidence": "High",
        "source_event_year": null,
        "event_year": null,
        "total_loss_area_ha": null,
        "dominant_loss_area_ha": null,
        "dominant_year_share": null,
        "sample_status": null,
        "pre_scene_id": null,
        "pre_date": null,
        "post_scene_id": null,
        "post_date": null,
        "pre_local_cloud": null,
        "post_local_cloud": null,
        "manual_validation": null,
        "manual_notes": null,
        "event_mask_metadata": null,
        "local_raster_paths": null
      },
      "geometry": {
        "type": "Point",
        "coordinates": [
          59.92499837326053,
          61.23499968627972
        ]
      }
    },
    {
      "type": "Feature",
      "properties": {
        "sample_id": "8d87df9371b71c1225dc8d123b3f35eeaf98bc83",
        "source_file": "training_2001_2025_v1_3.csv",
        "source_id": "8995",
        "lat": 61.25499874166268,
        "lon": 98.00499905836708,
        "driver": "Wildfire",
        "confidence": "High",
        "source_event_year": null,
        "event_year": null,
        "total_loss_area_ha": null,
        "dominant_loss_area_ha": null,
        "dominant_year_share": null,
        "sample_status": null,
        "pre_scene_id": null,
        "pre_date": null,
        "post_scene_id": null,
        "post_date": null,
        "pre_local_cloud": null,
        "post_local_cloud": null,
        "manual_validation": null,
        "manual_notes": null,
        "event_mask_metadata": null,
        "local_raster_paths": null
      },
      "geometry": {
        "type": "Point",
        "coordinates": [
          98.00499905836708,
          61.25499874166268
        ]
      }
    },
    {
      "type": "Feature",
      "properties": {
        "sample_id": "ef643408f9b0b601e1918044c9d5bb853b4b607a",
        "source_file": "training_2001_2025_v1_3.csv",
        "source_id": "8997",
        "lat": 61.32499994624978,
        "lon": 83.02500131896349,
        "driver": "Wildfire",
        "confidence": "High",
        "source_event_year": null,
        "event_year": null,
        "total_loss_area_ha": null,
        "dominant_loss_area_ha": null,
        "dominant_year_share": null,
        "sample_status": null,
        "pre_scene_id": null,
        "pre_date": null,
        "post_scene_id": null,
        "post_date": null,
        "pre_local_cloud": null,
        "post_local_cloud": null,
        "manual_validation": null,
        "manual_notes": null,
        "event_mask_metadata": null,
        "local_raster_paths": null
      },
      "geometry": {
        "type": "Point",
        "coordinates": [
          83.02500131896349,
          61.32499994624978
        ]
      }
    },
    {
      "type": "Feature",
      "properties": {
        "sample_id": "b2c626081067f872319b586186a8dbc9738d46d6",
        "source_file": "training_2001_2025_v1_3.csv",
        "source_id": "8998",
        "lat": 61.324999926631186,
        "lon": 148.8749991213392,
        "driver": "Wildfire",
        "confidence": "High",
        "source_event_year": null,
        "event_year": null,
        "total_loss_area_ha": null,
        "dominant_loss_area_ha": null,
        "dominant_year_share": null,
        "sample_status": null,
        "pre_scene_id": null,
        "pre_date": null,
        "post_scene_id": null,
        "post_date": null,
        "pre_local_cloud": null,
        "post_local_cloud": null,
        "manual_validation": null,
        "manual_notes": null,
        "event_mask_metadata": null,
        "local_raster_paths": null
      },
      "geometry": {
        "type": "Point",
        "coordinates": [
          148.8749991213392,
          61.324999926631186
        ]
      }
    },
    {
      "type": "Feature",
      "properties": {
        "sample_id": "1098e1fc8b4ff1cc29d373b1366b1d69fa0762bb",
        "source_file": "training_2001_2025_v1_3.csv",
        "source_id": "8999",
        "lat": 61.33499947126885,
        "lon": 64.2949999220718,
        "driver": "Wildfire",
        "confidence": "High",
        "source_event_year": null,
        "event_year": null,
        "total_loss_area_ha": null,
        "dominant_loss_area_ha": null,
        "dominant_year_share": null,
        "sample_status": null,
        "pre_scene_id": null,
        "pre_date": null,
        "post_scene_id": null,
        "post_date": null,
        "pre_local_cloud": null,
        "post_local_cloud": null,
        "manual_validation": null,
        "manual_notes": null,
        "event_mask_metadata": null,
        "local_raster_paths": null
      },
      "geometry": {
        "type": "Point",
        "coordinates": [
          64.2949999220718,
          61.33499947126885
        ]
      }
    },
    {
      "type": "Feature",
      "properties": {
        "sample_id": "7920ff3070c39befcb755dc95ab03b9a9dcb2436",
        "source_file": "training_2001_2025_v1_3.csv",
        "source_id": "9000",
        "lat": 61.46500012481288,
        "lon": 88.62499908939432,
        "driver": "Wildfire",
        "confidence": "High",
        "source_event_year": null,
        "event_year": null,
        "total_loss_area_ha": null,
        "dominant_loss_area_ha": null,
        "dominant_year_share": null,
        "sample_status": null,
        "pre_scene_id": null,
        "pre_date": null,
        "post_scene_id": null,
        "post_date": null,
        "pre_local_cloud": null,
        "post_local_cloud": null,
        "manual_validation": null,
        "manual_notes": null,
        "event_mask_metadata": null,
        "local_raster_paths": null
      },
      "geometry": {
        "type": "Point",
        "coordinates": [
          88.62499908939432,
          61.46500012481288
        ]
      }
    },
    {
      "type": "Feature",
      "properties": {
        "sample_id": "9af733e735b104b3a26101138ca482ea7d9c4904",
        "source_file": "training_2001_2025_v1_3.csv",
        "source_id": "9001",
        "lat": 61.54500082988296,
        "lon": 129.0949997870481,
        "driver": "Wildfire",
        "confidence": "High",
        "source_event_year": null,
        "event_year": null,
        "total_loss_area_ha": null,
        "dominant_loss_area_ha": null,
        "dominant_year_share": null,
        "sample_status": null,
        "pre_scene_id": null,
        "pre_date": null,
        "post_scene_id": null,
        "post_date": null,
        "pre_local_cloud": null,
        "post_local_cloud": null,
        "manual_validation": null,
        "manual_notes": null,
        "event_mask_metadata": null,
        "local_raster_paths": null
      },
      "geometry": {
        "type": "Point",
        "coordinates": [
          129.0949997870481,
          61.54500082988296
        ]
      }
    },
    {
      "type": "Feature",
      "properties": {
        "sample_id": "ffc6ac3d87af3f78b8ff0d4167d3a3d5ea3ea0fb",
        "source_file": "training_2001_2025_v1_3.csv",
        "source_id": "9004",
        "lat": 61.64500060202718,
        "lon": 134.3349987345807,
        "driver": "Wildfire",
        "confidence": "High",
        "source_event_year": null,
        "event_year": null,
        "total_loss_area_ha": null,
        "dominant_loss_area_ha": null,
        "dominant_year_share": null,
        "sample_status": null,
        "pre_scene_id": null,
        "pre_date": null,
        "post_scene_id": null,
        "post_date": null,
        "pre_local_cloud": null,
        "post_local_cloud": null,
        "manual_validation": null,
        "manual_notes": null,
        "event_mask_metadata": null,
        "local_raster_paths": null
      },
      "geometry": {
        "type": "Point",
        "coordinates": [
          134.3349987345807,
          61.64500060202718
        ]
      }
    },
    {
      "type": "Feature",
      "properties": {
        "sample_id": "a479d74aa17c3e1cc2f06d5035df1de50e06b7fd",
        "source_file": "training_2001_2025_v1_3.csv",
        "source_id": "9005",
        "lat": 61.734998670686025,
        "lon": 108.14499931570644,
        "driver": "Wildfire",
        "confidence": "High",
        "source_event_year": null,
        "event_year": null,
        "total_loss_area_ha": null,
        "dominant_loss_area_ha": null,
        "dominant_year_share": null,
        "sample_status": null,
        "pre_scene_id": null,
        "pre_date": null,
        "post_scene_id": null,
        "post_date": null,
        "pre_local_cloud": null,
        "post_local_cloud": null,
        "manual_validation": null,
        "manual_notes": null,
        "event_mask_metadata": null,
        "local_raster_paths": null
      },
      "geometry": {
        "type": "Point",
        "coordinates": [
          108.14499931570644,
          61.734998670686025
        ]
      }
    },
    {
      "type": "Feature",
      "properties": {
        "sample_id": "e2c4f469db141287c77e9e8b30369e24ed3884a0",
        "source_file": "training_2001_2025_v1_3.csv",
        "source_id": "9006",
        "lat": 61.745000445682734,
        "lon": 129.00499956024697,
        "driver": "Wildfire",
        "confidence": "High",
        "source_event_year": null,
        "event_year": null,
        "total_loss_area_ha": null,
        "dominant_loss_area_ha": null,
        "dominant_year_share": null,
        "sample_status": null,
        "pre_scene_id": null,
        "pre_date": null,
        "post_scene_id": null,
        "post_date": null,
        "pre_local_cloud": null,
        "post_local_cloud": null,
        "manual_validation": null,
        "manual_notes": null,
        "event_mask_metadata": null,
        "local_raster_paths": null
      },
      "geometry": {
        "type": "Point",
        "coordinates": [
          129.00499956024697,
          61.745000445682734
        ]
      }
    },
    {
      "type": "Feature",
      "properties": {
        "sample_id": "2aeddd431d62833ba23475e3f2cabe5388d5d8a5",
        "source_file": "training_2001_2025_v1_3.csv",
        "source_id": "9007",
        "lat": 61.76499950344019,
        "lon": 104.03500126677712,
        "driver": "Wildfire",
        "confidence": "High",
        "source_event_year": null,
        "event_year": null,
        "total_loss_area_ha": null,
        "dominant_loss_area_ha": null,
        "dominant_year_share": null,
        "sample_status": null,
        "pre_scene_id": null,
        "pre_date": null,
        "post_scene_id": null,
        "post_date": null,
        "pre_local_cloud": null,
        "post_local_cloud": null,
        "manual_validation": null,
        "manual_notes": null,
        "event_mask_metadata": null,
        "local_raster_paths": null
      },
      "geometry": {
        "type": "Point",
        "coordinates": [
          104.03500126677712,
          61.76499950344019
        ]
      }
    },
    {
      "type": "Feature",
      "properties": {
        "sample_id": "fabeb7046127239d64b8ed67e1bc522a5c273b57",
        "source_file": "training_2001_2025_v1_3.csv",
        "source_id": "9008",
        "lat": 61.76499947554394,
        "lon": 166.93500050617862,
        "driver": "Wildfire",
        "confidence": "High",
        "source_event_year": null,
        "event_year": null,
        "total_loss_area_ha": null,
        "dominant_loss_area_ha": null,
        "dominant_year_share": null,
        "sample_status": null,
        "pre_scene_id": null,
        "pre_date": null,
        "post_scene_id": null,
        "post_date": null,
        "pre_local_cloud": null,
        "post_local_cloud": null,
        "manual_validation": null,
        "manual_notes": null,
        "event_mask_metadata": null,
        "local_raster_paths": null
      },
      "geometry": {
        "type": "Point",
        "coordinates": [
          166.93500050617862,
          61.76499947554394
        ]
      }
    },
    {
      "type": "Feature",
      "properties": {
        "sample_id": "524e5a733b0938e020e70a5c9be140781104a8b8",
        "source_file": "training_2001_2025_v1_3.csv",
        "source_id": "9010",
        "lat": 61.78499857547983,
        "lon": 128.92499884008515,
        "driver": "Wildfire",
        "confidence": "High",
        "source_event_year": null,
        "event_year": null,
        "total_loss_area_ha": null,
        "dominant_loss_area_ha": null,
        "dominant_year_share": null,
        "sample_status": null,
        "pre_scene_id": null,
        "pre_date": null,
        "post_scene_id": null,
        "post_date": null,
        "pre_local_cloud": null,
        "post_local_cloud": null,
        "manual_validation": null,
        "manual_notes": null,
        "event_mask_metadata": null,
        "local_raster_paths": null
      },
      "geometry": {
        "type": "Point",
        "coordinates": [
          128.92499884008515,
          61.78499857547983
        ]
      }
    },
    {
      "type": "Feature",
      "properties": {
        "sample_id": "726be12eff85242dbb11bb5845472b340d676049",
        "source_file": "training_2001_2025_v1_3.csv",
        "source_id": "9011",
        "lat": 61.81499940913679,
        "lon": 129.6450009694214,
        "driver": "Wildfire",
        "confidence": "Medium",
        "source_event_year": null,
        "event_year": null,
        "total_loss_area_ha": null,
        "dominant_loss_area_ha": null,
        "dominant_year_share": null,
        "sample_status": null,
        "pre_scene_id": null,
        "pre_date": null,
        "post_scene_id": null,
        "post_date": null,
        "pre_local_cloud": null,
        "post_local_cloud": null,
        "manual_validation": null,
        "manual_notes": null,
        "event_mask_metadata": null,
        "local_raster_paths": null
      },
      "geometry": {
        "type": "Point",
        "coordinates": [
          129.6450009694214,
          61.81499940913679
        ]
      }
    },
    {
      "type": "Feature",
      "properties": {
        "sample_id": "a2f4940016feb7ade245f1732db2bfaf74226f0b",
        "source_file": "training_2001_2025_v1_3.csv",
        "source_id": "9014",
        "lat": 61.98500038627885,
        "lon": 152.06499985752674,
        "driver": "Wildfire",
        "confidence": "High",
        "source_event_year": null,
        "event_year": null,
        "total_loss_area_ha": null,
        "dominant_loss_area_ha": null,
        "dominant_year_share": null,
        "sample_status": null,
        "pre_scene_id": null,
        "pre_date": null,
        "post_scene_id": null,
        "post_date": null,
        "pre_local_cloud": null,
        "post_local_cloud": null,
        "manual_validation": null,
        "manual_notes": null,
        "event_mask_metadata": null,
        "local_raster_paths": null
      },
      "geometry": {
        "type": "Point",
        "coordinates": [
          152.06499985752674,
          61.98500038627885
        ]
      }
    },
    {
      "type": "Feature",
      "properties": {
        "sample_id": "b3b85a01d9bd60237851b83b851dde21eb4aa1ad",
        "source_file": "training_2001_2025_v1_3.csv",
        "source_id": "9016",
        "lat": 62.03500028532318,
        "lon": 69.97500068894597,
        "driver": "Wildfire",
        "confidence": "High",
        "source_event_year": null,
        "event_year": null,
        "total_loss_area_ha": null,
        "dominant_loss_area_ha": null,
        "dominant_year_share": null,
        "sample_status": null,
        "pre_scene_id": null,
        "pre_date": null,
        "post_scene_id": null,
        "post_date": null,
        "pre_local_cloud": null,
        "post_local_cloud": null,
        "manual_validation": null,
        "manual_notes": null,
        "event_mask_metadata": null,
        "local_raster_paths": null
      },
      "geometry": {
        "type": "Point",
        "coordinates": [
          69.97500068894597,
          62.03500028532318
        ]
      }
    },
    {
      "type": "Feature",
      "properties": {
        "sample_id": "b676b982200990a277eefa685670f64ea7e8dee5",
        "source_file": "training_2001_2025_v1_3.csv",
        "source_id": "9017",
        "lat": 62.06499888808393,
        "lon": 167.4450012674276,
        "driver": "Wildfire",
        "confidence": "High",
        "source_event_year": null,
        "event_year": null,
        "total_loss_area_ha": null,
        "dominant_loss_area_ha": null,
        "dominant_year_share": null,
        "sample_status": null,
        "pre_scene_id": null,
        "pre_date": null,
        "post_scene_id": null,
        "post_date": null,
        "pre_local_cloud": null,
        "post_local_cloud": null,
        "manual_validation": null,
        "manual_notes": null,
        "event_mask_metadata": null,
        "local_raster_paths": null
      },
      "geometry": {
        "type": "Point",
        "coordinates": [
          167.4450012674276,
          62.06499888808393
        ]
      }
    },
    {
      "type": "Feature",
      "properties": {
        "sample_id": "f6ed4acb9d9691f0f1cc3373b4ba7d0c31f04c6a",
        "source_file": "training_2001_2025_v1_3.csv",
        "source_id": "9019",
        "lat": 62.154999159740505,
        "lon": 61.65500030209539,
        "driver": "Wildfire",
        "confidence": "High",
        "source_event_year": null,
        "event_year": null,
        "total_loss_area_ha": null,
        "dominant_loss_area_ha": null,
        "dominant_year_share": null,
        "sample_status": null,
        "pre_scene_id": null,
        "pre_date": null,
        "post_scene_id": null,
        "post_date": null,
        "pre_local_cloud": null,
        "post_local_cloud": null,
        "manual_validation": null,
        "manual_notes": null,
        "event_mask_metadata": null,
        "local_raster_paths": null
      },
      "geometry": {
        "type": "Point",
        "coordinates": [
          61.65500030209539,
          62.154999159740505
        ]
      }
    },
    {
      "type": "Feature",
      "properties": {
        "sample_id": "2f7ae3c825b82c5737dc4fc91deaa2c387cc1c74",
        "source_file": "training_2001_2025_v1_3.csv",
        "source_id": "9021",
        "lat": 62.20499905538878,
        "lon": 121.44499948019268,
        "driver": "Wildfire",
        "confidence": "High",
        "source_event_year": null,
        "event_year": null,
        "total_loss_area_ha": null,
        "dominant_loss_area_ha": null,
        "dominant_year_share": null,
        "sample_status": null,
        "pre_scene_id": null,
        "pre_date": null,
        "post_scene_id": null,
        "post_date": null,
        "pre_local_cloud": null,
        "post_local_cloud": null,
        "manual_validation": null,
        "manual_notes": null,
        "event_mask_metadata": null,
        "local_raster_paths": null
      },
      "geometry": {
        "type": "Point",
        "coordinates": [
          121.44499948019268,
          62.20499905538878
        ]
      }
    },
    {
      "type": "Feature",
      "properties": {
        "sample_id": "7826a364a14ba28efb7f15d361dda0d8bb64f689",
        "source_file": "training_2001_2025_v1_3.csv",
        "source_id": "9022",
        "lat": 62.214998590928104,
        "lon": 135.86500100445235,
        "driver": "Wildfire",
        "confidence": "High",
        "source_event_year": null,
        "event_year": null,
        "total_loss_area_ha": null,
        "dominant_loss_area_ha": null,
        "dominant_year_share": null,
        "sample_status": null,
        "pre_scene_id": null,
        "pre_date": null,
        "post_scene_id": null,
        "post_date": null,
        "pre_local_cloud": null,
        "post_local_cloud": null,
        "manual_validation": null,
        "manual_notes": null,
        "event_mask_metadata": null,
        "local_raster_paths": null
      },
      "geometry": {
        "type": "Point",
        "coordinates": [
          135.86500100445235,
          62.214998590928104
        ]
      }
    },
    {
      "type": "Feature",
      "properties": {
        "sample_id": "17097906b06b8e87bfd453530bb94aba3ea43901",
        "source_file": "training_2001_2025_v1_3.csv",
        "source_id": "9023",
        "lat": 62.26499848062115,
        "lon": 151.66500068036316,
        "driver": "Wildfire",
        "confidence": "High",
        "source_event_year": null,
        "event_year": null,
        "total_loss_area_ha": null,
        "dominant_loss_area_ha": null,
        "dominant_year_share": null,
        "sample_status": null,
        "pre_scene_id": null,
        "pre_date": null,
        "post_scene_id": null,
        "post_date": null,
        "pre_local_cloud": null,
        "post_local_cloud": null,
        "manual_validation": null,
        "manual_notes": null,
        "event_mask_metadata": null,
        "local_raster_paths": null
      },
      "geometry": {
        "type": "Point",
        "coordinates": [
          151.66500068036316,
          62.26499848062115
        ]
      }
    },
    {
      "type": "Feature",
      "properties": {
        "sample_id": "506882276f2db407afcb2aec574942c56f1aa1c4",
        "source_file": "training_2001_2025_v1_3.csv",
        "source_id": "9025",
        "lat": 62.33499968268615,
        "lon": 119.21499862779046,
        "driver": "Wildfire",
        "confidence": "High",
        "source_event_year": null,
        "event_year": null,
        "total_loss_area_ha": null,
        "dominant_loss_area_ha": null,
        "dominant_year_share": null,
        "sample_status": null,
        "pre_scene_id": null,
        "pre_date": null,
        "post_scene_id": null,
        "post_date": null,
        "pre_local_cloud": null,
        "post_local_cloud": null,
        "manual_validation": null,
        "manual_notes": null,
        "event_mask_metadata": null,
        "local_raster_paths": null
      },
      "geometry": {
        "type": "Point",
        "coordinates": [
          119.21499862779046,
          62.33499968268615
        ]
      }
    },
    {
      "type": "Feature",
      "properties": {
        "sample_id": "cf939cc667d6f6794f1f5888d3808f0a5efe73a6",
        "source_file": "training_2001_2025_v1_3.csv",
        "source_id": "9026",
        "lat": 62.34499925020864,
        "lon": 136.01500072409172,
        "driver": "Wildfire",
        "confidence": "High",
        "source_event_year": null,
        "event_year": null,
        "total_loss_area_ha": null,
        "dominant_loss_area_ha": null,
        "dominant_year_share": null,
        "sample_status": null,
        "pre_scene_id": null,
        "pre_date": null,
        "post_scene_id": null,
        "post_date": null,
        "pre_local_cloud": null,
        "post_local_cloud": null,
        "manual_validation": null,
        "manual_notes": null,
        "event_mask_metadata": null,
        "local_raster_paths": null
      },
      "geometry": {
        "type": "Point",
        "coordinates": [
          136.01500072409172,
          62.34499925020864
        ]
      }
    },
    {
      "type": "Feature",
      "properties": {
        "sample_id": "44aea4b4123972f126d99159b71df734e59ce292",
        "source_file": "training_2001_2025_v1_3.csv",
        "source_id": "9030",
        "lat": 62.565000119901555,
        "lon": 67.04500120255746,
        "driver": "Wildfire",
        "confidence": "High",
        "source_event_year": null,
        "event_year": null,
        "total_loss_area_ha": null,
        "dominant_loss_area_ha": null,
        "dominant_year_share": null,
        "sample_status": null,
        "pre_scene_id": null,
        "pre_date": null,
        "post_scene_id": null,
        "post_date": null,
        "pre_local_cloud": null,
        "post_local_cloud": null,
        "manual_validation": null,
        "manual_notes": null,
        "event_mask_metadata": null,
        "local_raster_paths": null
      },
      "geometry": {
        "type": "Point",
        "coordinates": [
          67.04500120255746,
          62.565000119901555
        ]
      }
    },
    {
      "type": "Feature",
      "properties": {
        "sample_id": "6940b35ce2dadb561965706f0bfc75f1ee928346",
        "source_file": "training_2001_2025_v1_3.csv",
        "source_id": "9031",
        "lat": 62.61500004020927,
        "lon": 122.9749995640569,
        "driver": "Wildfire",
        "confidence": "High",
        "source_event_year": null,
        "event_year": null,
        "total_loss_area_ha": null,
        "dominant_loss_area_ha": null,
        "dominant_year_share": null,
        "sample_status": null,
        "pre_scene_id": null,
        "pre_date": null,
        "post_scene_id": null,
        "post_date": null,
        "pre_local_cloud": null,
        "post_local_cloud": null,
        "manual_validation": null,
        "manual_notes": null,
        "event_mask_metadata": null,
        "local_raster_paths": null
      },
      "geometry": {
        "type": "Point",
        "coordinates": [
          122.9749995640569,
          62.61500004020927
        ]
      }
    },
    {
      "type": "Feature",
      "properties": {
        "sample_id": "da64b799ed8380cf5bb76225dc9e626377631e6c",
        "source_file": "training_2001_2025_v1_3.csv",
        "source_id": "9034",
        "lat": 62.67499944136407,
        "lon": 82.67499983288843,
        "driver": "Wildfire",
        "confidence": "High",
        "source_event_year": null,
        "event_year": null,
        "total_loss_area_ha": null,
        "dominant_loss_area_ha": null,
        "dominant_year_share": null,
        "sample_status": null,
        "pre_scene_id": null,
        "pre_date": null,
        "post_scene_id": null,
        "post_date": null,
        "pre_local_cloud": null,
        "post_local_cloud": null,
        "manual_validation": null,
        "manual_notes": null,
        "event_mask_metadata": null,
        "local_raster_paths": null
      },
      "geometry": {
        "type": "Point",
        "coordinates": [
          82.67499983288843,
          62.67499944136407
        ]
      }
    },
    {
      "type": "Feature",
      "properties": {
        "sample_id": "b3d383dc05850586eee1e6d757e3a8df07c01be5",
        "source_file": "training_2001_2025_v1_3.csv",
        "source_id": "9035",
        "lat": 62.69499851407762,
        "lon": 129.59500101584086,
        "driver": "Wildfire",
        "confidence": "High",
        "source_event_year": null,
        "event_year": null,
        "total_loss_area_ha": null,
        "dominant_loss_area_ha": null,
        "dominant_year_share": null,
        "sample_status": null,
        "pre_scene_id": null,
        "pre_date": null,
        "post_scene_id": null,
        "post_date": null,
        "pre_local_cloud": null,
        "post_local_cloud": null,
        "manual_validation": null,
        "manual_notes": null,
        "event_mask_metadata": null,
        "local_raster_paths": null
      },
      "geometry": {
        "type": "Point",
        "coordinates": [
          129.59500101584086,
          62.69499851407762
        ]
      }
    },
    {
      "type": "Feature",
      "properties": {
        "sample_id": "ddcb9425877082d0ae4b32d7b0e38872bfb6583c",
        "source_file": "training_2001_2025_v1_3.csv",
        "source_id": "9037",
        "lat": 62.77499924220294,
        "lon": 61.01499898848876,
        "driver": "Wildfire",
        "confidence": "Low",
        "source_event_year": null,
        "event_year": null,
        "total_loss_area_ha": null,
        "dominant_loss_area_ha": null,
        "dominant_year_share": null,
        "sample_status": null,
        "pre_scene_id": null,
        "pre_date": null,
        "post_scene_id": null,
        "post_date": null,
        "pre_local_cloud": null,
        "post_local_cloud": null,
        "manual_validation": null,
        "manual_notes": null,
        "event_mask_metadata": null,
        "local_raster_paths": null
      },
      "geometry": {
        "type": "Point",
        "coordinates": [
          61.01499898848876,
          62.77499924220294
        ]
      }
    },
    {
      "type": "Feature",
      "properties": {
        "sample_id": "8b452599f32cf83a422df0ef8178adfe19cc04fe",
        "source_file": "training_2001_2025_v1_3.csv",
        "source_id": "9038",
        "lat": 62.824999167718225,
        "lon": 167.48499939240295,
        "driver": "Wildfire",
        "confidence": "High",
        "source_event_year": null,
        "event_year": null,
        "total_loss_area_ha": null,
        "dominant_loss_area_ha": null,
        "dominant_year_share": null,
        "sample_status": null,
        "pre_scene_id": null,
        "pre_date": null,
        "post_scene_id": null,
        "post_date": null,
        "pre_local_cloud": null,
        "post_local_cloud": null,
        "manual_validation": null,
        "manual_notes": null,
        "event_mask_metadata": null,
        "local_raster_paths": null
      },
      "geometry": {
        "type": "Point",
        "coordinates": [
          167.48499939240295,
          62.824999167718225
        ]
      }
    },
    {
      "type": "Feature",
      "properties": {
        "sample_id": "7c157be469e134378b58d47c4d2294ba232ebab6",
        "source_file": "training_2001_2025_v1_3.csv",
        "source_id": "9039",
        "lat": 62.885000829225646,
        "lon": 168.32500039771787,
        "driver": "Wildfire",
        "confidence": "High",
        "source_event_year": null,
        "event_year": null,
        "total_loss_area_ha": null,
        "dominant_loss_area_ha": null,
        "dominant_year_share": null,
        "sample_status": null,
        "pre_scene_id": null,
        "pre_date": null,
        "post_scene_id": null,
        "post_date": null,
        "pre_local_cloud": null,
        "post_local_cloud": null,
        "manual_validation": null,
        "manual_notes": null,
        "event_mask_metadata": null,
        "local_raster_paths": null
      },
      "geometry": {
        "type": "Point",
        "coordinates": [
          168.32500039771787,
          62.885000829225646
        ]
      }
    },
    {
      "type": "Feature",
      "properties": {
        "sample_id": "d9a5cd1362430c252a7ad82ddfce54a51c3d9d70",
        "source_file": "training_2001_2025_v1_3.csv",
        "source_id": "9040",
        "lat": 62.91499939771704,
        "lon": 129.49500127369836,
        "driver": "Wildfire",
        "confidence": "High",
        "source_event_year": null,
        "event_year": null,
        "total_loss_area_ha": null,
        "dominant_loss_area_ha": null,
        "dominant_year_share": null,
        "sample_status": null,
        "pre_scene_id": null,
        "pre_date": null,
        "post_scene_id": null,
        "post_date": null,
        "pre_local_cloud": null,
        "post_local_cloud": null,
        "manual_validation": null,
        "manual_notes": null,
        "event_mask_metadata": null,
        "local_raster_paths": null
      },
      "geometry": {
        "type": "Point",
        "coordinates": [
          129.49500127369836,
          62.91499939771704
        ]
      }
    },
    {
      "type": "Feature",
      "properties": {
        "sample_id": "9c593b6f7024c2f25c6efe8d454749dcfb575abe",
        "source_file": "training_2001_2025_v1_3.csv",
        "source_id": "9041",
        "lat": 62.92499895979197,
        "lon": 112.92499961304662,
        "driver": "Wildfire",
        "confidence": "High",
        "source_event_year": null,
        "event_year": null,
        "total_loss_area_ha": null,
        "dominant_loss_area_ha": null,
        "dominant_year_share": null,
        "sample_status": null,
        "pre_scene_id": null,
        "pre_date": null,
        "post_scene_id": null,
        "post_date": null,
        "pre_local_cloud": null,
        "post_local_cloud": null,
        "manual_validation": null,
        "manual_notes": null,
        "event_mask_metadata": null,
        "local_raster_paths": null
      },
      "geometry": {
        "type": "Point",
        "coordinates": [
          112.92499961304662,
          62.92499895979197
        ]
      }
    },
    {
      "type": "Feature",
      "properties": {
        "sample_id": "190737ac48e223b94bde729ec3dc647d07d3e77a",
        "source_file": "training_2001_2025_v1_3.csv",
        "source_id": "9043",
        "lat": 62.98500061572256,
        "lon": 167.08500018164753,
        "driver": "Wildfire",
        "confidence": "High",
        "source_event_year": null,
        "event_year": null,
        "total_loss_area_ha": null,
        "dominant_loss_area_ha": null,
        "dominant_year_share": null,
        "sample_status": null,
        "pre_scene_id": null,
        "pre_date": null,
        "post_scene_id": null,
        "post_date": null,
        "pre_local_cloud": null,
        "post_local_cloud": null,
        "manual_validation": null,
        "manual_notes": null,
        "event_mask_metadata": null,
        "local_raster_paths": null
      },
      "geometry": {
        "type": "Point",
        "coordinates": [
          167.08500018164753,
          62.98500061572256
        ]
      }
    },
    {
      "type": "Feature",
      "properties": {
        "sample_id": "286a106d9ee5d7cfa537d5005e5c9ee2d1a7505a",
        "source_file": "training_2001_2025_v1_3.csv",
        "source_id": "9045",
        "lat": 63.10499949159219,
        "lon": 127.68499867851742,
        "driver": "Wildfire",
        "confidence": "High",
        "source_event_year": null,
        "event_year": null,
        "total_loss_area_ha": null,
        "dominant_loss_area_ha": null,
        "dominant_year_share": null,
        "sample_status": null,
        "pre_scene_id": null,
        "pre_date": null,
        "post_scene_id": null,
        "post_date": null,
        "pre_local_cloud": null,
        "post_local_cloud": null,
        "manual_validation": null,
        "manual_notes": null,
        "event_mask_metadata": null,
        "local_raster_paths": null
      },
      "geometry": {
        "type": "Point",
        "coordinates": [
          127.68499867851742,
          63.10499949159219
        ]
      }
    },
    {
      "type": "Feature",
      "properties": {
        "sample_id": "1c57c2ade9d6d16ab9d586f5b71e48bfdb733c6c",
        "source_file": "training_2001_2025_v1_3.csv",
        "source_id": "9046",
        "lat": 63.11499898573586,
        "lon": 165.86499907849182,
        "driver": "Wildfire",
        "confidence": "High",
        "source_event_year": null,
        "event_year": null,
        "total_loss_area_ha": null,
        "dominant_loss_area_ha": null,
        "dominant_year_share": null,
        "sample_status": null,
        "pre_scene_id": null,
        "pre_date": null,
        "post_scene_id": null,
        "post_date": null,
        "pre_local_cloud": null,
        "post_local_cloud": null,
        "manual_validation": null,
        "manual_notes": null,
        "event_mask_metadata": null,
        "local_raster_paths": null
      },
      "geometry": {
        "type": "Point",
        "coordinates": [
          165.86499907849182,
          63.11499898573586
        ]
      }
    },
    {
      "type": "Feature",
      "properties": {
        "sample_id": "7c02cc4e74939ecb1ebfd8f338af857fbcb675b9",
        "source_file": "training_2001_2025_v1_3.csv",
        "source_id": "9048",
        "lat": 63.14499983887011,
        "lon": 106.43500096883513,
        "driver": "Wildfire",
        "confidence": "High",
        "source_event_year": null,
        "event_year": null,
        "total_loss_area_ha": null,
        "dominant_loss_area_ha": null,
        "dominant_year_share": null,
        "sample_status": null,
        "pre_scene_id": null,
        "pre_date": null,
        "post_scene_id": null,
        "post_date": null,
        "pre_local_cloud": null,
        "post_local_cloud": null,
        "manual_validation": null,
        "manual_notes": null,
        "event_mask_metadata": null,
        "local_raster_paths": null
      },
      "geometry": {
        "type": "Point",
        "coordinates": [
          106.43500096883513,
          63.14499983887011
        ]
      }
    },
    {
      "type": "Feature",
      "properties": {
        "sample_id": "4b66d54d12f44d1eceb5e261be6765098d7d0d3b",
        "source_file": "training_2001_2025_v1_3.csv",
        "source_id": "9049",
        "lat": 63.22500057489419,
        "lon": 165.79500003729717,
        "driver": "Wildfire",
        "confidence": "Low",
        "source_event_year": null,
        "event_year": null,
        "total_loss_area_ha": null,
        "dominant_loss_area_ha": null,
        "dominant_year_share": null,
        "sample_status": null,
        "pre_scene_id": null,
        "pre_date": null,
        "post_scene_id": null,
        "post_date": null,
        "pre_local_cloud": null,
        "post_local_cloud": null,
        "manual_validation": null,
        "manual_notes": null,
        "event_mask_metadata": null,
        "local_raster_paths": null
      },
      "geometry": {
        "type": "Point",
        "coordinates": [
          165.79500003729717,
          63.22500057489419
        ]
      }
    },
    {
      "type": "Feature",
      "properties": {
        "sample_id": "0633c87245d4f0e672ff4dd3cc591d01615699b0",
        "source_file": "training_2001_2025_v1_3.csv",
        "source_id": "9050",
        "lat": 63.36500074134206,
        "lon": 167.81499961387925,
        "driver": "Wildfire",
        "confidence": "High",
        "source_event_year": null,
        "event_year": null,
        "total_loss_area_ha": null,
        "dominant_loss_area_ha": null,
        "dominant_year_share": null,
        "sample_status": null,
        "pre_scene_id": null,
        "pre_date": null,
        "post_scene_id": null,
        "post_date": null,
        "pre_local_cloud": null,
        "post_local_cloud": null,
        "manual_validation": null,
        "manual_notes": null,
        "event_mask_metadata": null,
        "local_raster_paths": null
      },
      "geometry": {
        "type": "Point",
        "coordinates": [
          167.81499961387925,
          63.36500074134206
        ]
      }
    },
    {
      "type": "Feature",
      "properties": {
        "sample_id": "04d0fa330c3d6b744216a895f1b4313a80560548",
        "source_file": "training_2001_2025_v1_3.csv",
        "source_id": "9051",
        "lat": 63.40499884915289,
        "lon": 133.94500132875646,
        "driver": "Wildfire",
        "confidence": "High",
        "source_event_year": null,
        "event_year": null,
        "total_loss_area_ha": null,
        "dominant_loss_area_ha": null,
        "dominant_year_share": null,
        "sample_status": null,
        "pre_scene_id": null,
        "pre_date": null,
        "post_scene_id": null,
        "post_date": null,
        "pre_local_cloud": null,
        "post_local_cloud": null,
        "manual_validation": null,
        "manual_notes": null,
        "event_mask_metadata": null,
        "local_raster_paths": null
      },
      "geometry": {
        "type": "Point",
        "coordinates": [
          133.94500132875646,
          63.40499884915289
        ]
      }
    },
    {
      "type": "Feature",
      "properties": {
        "sample_id": "b919a007e51f5d64abcd261c20061f6200772810",
        "source_file": "training_2001_2025_v1_3.csv",
        "source_id": "9052",
        "lat": 63.45499876115407,
        "lon": 154.2450009027842,
        "driver": "Wildfire",
        "confidence": "High",
        "source_event_year": null,
        "event_year": null,
        "total_loss_area_ha": null,
        "dominant_loss_area_ha": null,
        "dominant_year_share": null,
        "sample_status": null,
        "pre_scene_id": null,
        "pre_date": null,
        "post_scene_id": null,
        "post_date": null,
        "pre_local_cloud": null,
        "post_local_cloud": null,
        "manual_validation": null,
        "manual_notes": null,
        "event_mask_metadata": null,
        "local_raster_paths": null
      },
      "geometry": {
        "type": "Point",
        "coordinates": [
          154.2450009027842,
          63.45499876115407
        ]
      }
    },
    {
      "type": "Feature",
      "properties": {
        "sample_id": "14af5b0465df00acdc96db5c47edff30a242cd61",
        "source_file": "training_2001_2025_v1_3.csv",
        "source_id": "9053",
        "lat": 63.515000418974005,
        "lon": 129.9349985880786,
        "driver": "Wildfire",
        "confidence": "High",
        "source_event_year": null,
        "event_year": null,
        "total_loss_area_ha": null,
        "dominant_loss_area_ha": null,
        "dominant_year_share": null,
        "sample_status": null,
        "pre_scene_id": null,
        "pre_date": null,
        "post_scene_id": null,
        "post_date": null,
        "pre_local_cloud": null,
        "post_local_cloud": null,
        "manual_validation": null,
        "manual_notes": null,
        "event_mask_metadata": null,
        "local_raster_paths": null
      },
      "geometry": {
        "type": "Point",
        "coordinates": [
          129.9349985880786,
          63.515000418974005
        ]
      }
    },
    {
      "type": "Feature",
      "properties": {
        "sample_id": "3c53cadff0869f065b1e3ababc737f8f4cfe96a2",
        "source_file": "training_2001_2025_v1_3.csv",
        "source_id": "9054",
        "lat": 63.52499996049335,
        "lon": 154.2750016621444,
        "driver": "Wildfire",
        "confidence": "High",
        "source_event_year": null,
        "event_year": null,
        "total_loss_area_ha": null,
        "dominant_loss_area_ha": null,
        "dominant_year_share": null,
        "sample_status": null,
        "pre_scene_id": null,
        "pre_date": null,
        "post_scene_id": null,
        "post_date": null,
        "pre_local_cloud": null,
        "post_local_cloud": null,
        "manual_validation": null,
        "manual_notes": null,
        "event_mask_metadata": null,
        "local_raster_paths": null
      },
      "geometry": {
        "type": "Point",
        "coordinates": [
          154.2750016621444,
          63.52499996049335
        ]
      }
    },
    {
      "type": "Feature",
      "properties": {
        "sample_id": "1d93392b31945b3348d4f6d2ba3e65d4cc95a6a8",
        "source_file": "training_2001_2025_v1_3.csv",
        "source_id": "9055",
        "lat": 63.594998959006055,
        "lon": 81.72499949430866,
        "driver": "Wildfire",
        "confidence": "High",
        "source_event_year": null,
        "event_year": null,
        "total_loss_area_ha": null,
        "dominant_loss_area_ha": null,
        "dominant_year_share": null,
        "sample_status": null,
        "pre_scene_id": null,
        "pre_date": null,
        "post_scene_id": null,
        "post_date": null,
        "pre_local_cloud": null,
        "post_local_cloud": null,
        "manual_validation": null,
        "manual_notes": null,
        "event_mask_metadata": null,
        "local_raster_paths": null
      },
      "geometry": {
        "type": "Point",
        "coordinates": [
          81.72499949430866,
          63.594998959006055
        ]
      }
    },
    {
      "type": "Feature",
      "properties": {
        "sample_id": "229d0667d82c63250839d8271c8f85715c69a947",
        "source_file": "training_2001_2025_v1_3.csv",
        "source_id": "9058",
        "lat": 63.73499911210095,
        "lon": 143.07499956925795,
        "driver": "Wildfire",
        "confidence": "High",
        "source_event_year": null,
        "event_year": null,
        "total_loss_area_ha": null,
        "dominant_loss_area_ha": null,
        "dominant_year_share": null,
        "sample_status": null,
        "pre_scene_id": null,
        "pre_date": null,
        "post_scene_id": null,
        "post_date": null,
        "pre_local_cloud": null,
        "post_local_cloud": null,
        "manual_validation": null,
        "manual_notes": null,
        "event_mask_metadata": null,
        "local_raster_paths": null
      },
      "geometry": {
        "type": "Point",
        "coordinates": [
          143.07499956925795,
          63.73499911210095
        ]
      }
    },
    {
      "type": "Feature",
      "properties": {
        "sample_id": "d2feecc0568a87b9dfc50aae207945c790d142fa",
        "source_file": "training_2001_2025_v1_3.csv",
        "source_id": "9059",
        "lat": 63.80500029103799,
        "lon": 165.1049987946694,
        "driver": "Wildfire",
        "confidence": "High",
        "source_event_year": null,
        "event_year": null,
        "total_loss_area_ha": null,
        "dominant_loss_area_ha": null,
        "dominant_year_share": null,
        "sample_status": null,
        "pre_scene_id": null,
        "pre_date": null,
        "post_scene_id": null,
        "post_date": null,
        "pre_local_cloud": null,
        "post_local_cloud": null,
        "manual_validation": null,
        "manual_notes": null,
        "event_mask_metadata": null,
        "local_raster_paths": null
      },
      "geometry": {
        "type": "Point",
        "coordinates": [
          165.1049987946694,
          63.80500029103799
        ]
      }
    },
    {
      "type": "Feature",
      "properties": {
        "sample_id": "44617f72e0cd848719ca3eeca6d0704f461da852",
        "source_file": "training_2001_2025_v1_3.csv",
        "source_id": "9060",
        "lat": 63.82499939906248,
        "lon": 173.69499988170634,
        "driver": "Wildfire",
        "confidence": "High",
        "source_event_year": null,
        "event_year": null,
        "total_loss_area_ha": null,
        "dominant_loss_area_ha": null,
        "dominant_year_share": null,
        "sample_status": null,
        "pre_scene_id": null,
        "pre_date": null,
        "post_scene_id": null,
        "post_date": null,
        "pre_local_cloud": null,
        "post_local_cloud": null,
        "manual_validation": null,
        "manual_notes": null,
        "event_mask_metadata": null,
        "local_raster_paths": null
      },
      "geometry": {
        "type": "Point",
        "coordinates": [
          173.69499988170634,
          63.82499939906248
        ]
      }
    },
    {
      "type": "Feature",
      "properties": {
        "sample_id": "b6789571e5e3b9892ec83da793df7b24c272f595",
        "source_file": "training_2001_2025_v1_3.csv",
        "source_id": "9061",
        "lat": 63.855000216543395,
        "lon": 165.7950000434687,
        "driver": "Wildfire",
        "confidence": "High",
        "source_event_year": null,
        "event_year": null,
        "total_loss_area_ha": null,
        "dominant_loss_area_ha": null,
        "dominant_year_share": null,
        "sample_status": null,
        "pre_scene_id": null,
        "pre_date": null,
        "post_scene_id": null,
        "post_date": null,
        "pre_local_cloud": null,
        "post_local_cloud": null,
        "manual_validation": null,
        "manual_notes": null,
        "event_mask_metadata": null,
        "local_raster_paths": null
      },
      "geometry": {
        "type": "Point",
        "coordinates": [
          165.7950000434687,
          63.855000216543395
        ]
      }
    },
    {
      "type": "Feature",
      "properties": {
        "sample_id": "b7a949507974a8da17999e156a284e4112dfb77a",
        "source_file": "training_2001_2025_v1_3.csv",
        "source_id": "9063",
        "lat": 63.895000573497896,
        "lon": 154.07499992325754,
        "driver": "Wildfire",
        "confidence": "High",
        "source_event_year": null,
        "event_year": null,
        "total_loss_area_ha": null,
        "dominant_loss_area_ha": null,
        "dominant_year_share": null,
        "sample_status": null,
        "pre_scene_id": null,
        "pre_date": null,
        "post_scene_id": null,
        "post_date": null,
        "pre_local_cloud": null,
        "post_local_cloud": null,
        "manual_validation": null,
        "manual_notes": null,
        "event_mask_metadata": null,
        "local_raster_paths": null
      },
      "geometry": {
        "type": "Point",
        "coordinates": [
          154.07499992325754,
          63.895000573497896
        ]
      }
    },
    {
      "type": "Feature",
      "properties": {
        "sample_id": "4e5c06b834ef6014ff52d1f33d9d6cf9d41f7fc3",
        "source_file": "training_2001_2025_v1_3.csv",
        "source_id": "9064",
        "lat": 63.89500054155533,
        "lon": 168.1050017182443,
        "driver": "Wildfire",
        "confidence": "High",
        "source_event_year": null,
        "event_year": null,
        "total_loss_area_ha": null,
        "dominant_loss_area_ha": null,
        "dominant_year_share": null,
        "sample_status": null,
        "pre_scene_id": null,
        "pre_date": null,
        "post_scene_id": null,
        "post_date": null,
        "pre_local_cloud": null,
        "post_local_cloud": null,
        "manual_validation": null,
        "manual_notes": null,
        "event_mask_metadata": null,
        "local_raster_paths": null
      },
      "geometry": {
        "type": "Point",
        "coordinates": [
          168.1050017182443,
          63.89500054155533
        ]
      }
    },
    {
      "type": "Feature",
      "properties": {
        "sample_id": "b679755f4b666468c779c6c4029e23f1d1e3f26e",
        "source_file": "training_2001_2025_v1_3.csv",
        "source_id": "9065",
        "lat": 63.995000372623686,
        "lon": 168.65500061107016,
        "driver": "Wildfire",
        "confidence": "High",
        "source_event_year": null,
        "event_year": null,
        "total_loss_area_ha": null,
        "dominant_loss_area_ha": null,
        "dominant_year_share": null,
        "sample_status": null,
        "pre_scene_id": null,
        "pre_date": null,
        "post_scene_id": null,
        "post_date": null,
        "pre_local_cloud": null,
        "post_local_cloud": null,
        "manual_validation": null,
        "manual_notes": null,
        "event_mask_metadata": null,
        "local_raster_paths": null
      },
      "geometry": {
        "type": "Point",
        "coordinates": [
          168.65500061107016,
          63.995000372623686
        ]
      }
    },
    {
      "type": "Feature",
      "properties": {
        "sample_id": "7aaef531331099e3c286e7506f3a16dd353363b8",
        "source_file": "training_2001_2025_v1_3.csv",
        "source_id": "9066",
        "lat": 64.05499980540363,
        "lon": 123.48500036589336,
        "driver": "Wildfire",
        "confidence": "High",
        "source_event_year": null,
        "event_year": null,
        "total_loss_area_ha": null,
        "dominant_loss_area_ha": null,
        "dominant_year_share": null,
        "sample_status": null,
        "pre_scene_id": null,
        "pre_date": null,
        "post_scene_id": null,
        "post_date": null,
        "pre_local_cloud": null,
        "post_local_cloud": null,
        "manual_validation": null,
        "manual_notes": null,
        "event_mask_metadata": null,
        "local_raster_paths": null
      },
      "geometry": {
        "type": "Point",
        "coordinates": [
          123.48500036589336,
          64.05499980540363
        ]
      }
    },
    {
      "type": "Feature",
      "properties": {
        "sample_id": "2a797f8add52fb28f198de8f80dc15f1a345f53b",
        "source_file": "training_2001_2025_v1_3.csv",
        "source_id": "9067",
        "lat": 64.10499969692218,
        "lon": 122.0649996286206,
        "driver": "Wildfire",
        "confidence": "High",
        "source_event_year": null,
        "event_year": null,
        "total_loss_area_ha": null,
        "dominant_loss_area_ha": null,
        "dominant_year_share": null,
        "sample_status": null,
        "pre_scene_id": null,
        "pre_date": null,
        "post_scene_id": null,
        "post_date": null,
        "pre_local_cloud": null,
        "post_local_cloud": null,
        "manual_validation": null,
        "manual_notes": null,
        "event_mask_metadata": null,
        "local_raster_paths": null
      },
      "geometry": {
        "type": "Point",
        "coordinates": [
          122.0649996286206,
          64.10499969692218
        ]
      }
    },
    {
      "type": "Feature",
      "properties": {
        "sample_id": "afbb37df6410f64d2a2ae06e024d7e1f31463e6f",
        "source_file": "training_2001_2025_v1_3.csv",
        "source_id": "9069",
        "lat": 64.16499910987675,
        "lon": 143.1849989077725,
        "driver": "Wildfire",
        "confidence": "High",
        "source_event_year": null,
        "event_year": null,
        "total_loss_area_ha": null,
        "dominant_loss_area_ha": null,
        "dominant_year_share": null,
        "sample_status": null,
        "pre_scene_id": null,
        "pre_date": null,
        "post_scene_id": null,
        "post_date": null,
        "pre_local_cloud": null,
        "post_local_cloud": null,
        "manual_validation": null,
        "manual_notes": null,
        "event_mask_metadata": null,
        "local_raster_paths": null
      },
      "geometry": {
        "type": "Point",
        "coordinates": [
          143.1849989077725,
          64.16499910987675
        ]
      }
    },
    {
      "type": "Feature",
      "properties": {
        "sample_id": "0e46f5b52e9f77c8a43ece519c1d2a7b6937c655",
        "source_file": "training_2001_2025_v1_3.csv",
        "source_id": "9071",
        "lat": 64.2350003225398,
        "lon": 99.03500012597344,
        "driver": "Wildfire",
        "confidence": "Low",
        "source_event_year": null,
        "event_year": null,
        "total_loss_area_ha": null,
        "dominant_loss_area_ha": null,
        "dominant_year_share": null,
        "sample_status": null,
        "pre_scene_id": null,
        "pre_date": null,
        "post_scene_id": null,
        "post_date": null,
        "pre_local_cloud": null,
        "post_local_cloud": null,
        "manual_validation": null,
        "manual_notes": null,
        "event_mask_metadata": null,
        "local_raster_paths": null
      },
      "geometry": {
        "type": "Point",
        "coordinates": [
          99.03500012597344,
          64.2350003225398
        ]
      }
    },
    {
      "type": "Feature",
      "properties": {
        "sample_id": "cb60344a4cfea7da2f8ed5ede73245978c398add",
        "source_file": "training_2001_2025_v1_3.csv",
        "source_id": "9073",
        "lat": 64.3750004914343,
        "lon": 85.27500130923856,
        "driver": "Wildfire",
        "confidence": "High",
        "source_event_year": null,
        "event_year": null,
        "total_loss_area_ha": null,
        "dominant_loss_area_ha": null,
        "dominant_year_share": null,
        "sample_status": null,
        "pre_scene_id": null,
        "pre_date": null,
        "post_scene_id": null,
        "post_date": null,
        "pre_local_cloud": null,
        "post_local_cloud": null,
        "manual_validation": null,
        "manual_notes": null,
        "event_mask_metadata": null,
        "local_raster_paths": null
      },
      "geometry": {
        "type": "Point",
        "coordinates": [
          85.27500130923856,
          64.3750004914343
        ]
      }
    },
    {
      "type": "Feature",
      "properties": {
        "sample_id": "f7fcaa4c0cff6ab5707f8434344e15afb8753521",
        "source_file": "training_2001_2025_v1_3.csv",
        "source_id": "9074",
        "lat": 64.41499860989698,
        "lon": 118.52499951397586,
        "driver": "Wildfire",
        "confidence": "High",
        "source_event_year": null,
        "event_year": null,
        "total_loss_area_ha": null,
        "dominant_loss_area_ha": null,
        "dominant_year_share": null,
        "sample_status": null,
        "pre_scene_id": null,
        "pre_date": null,
        "post_scene_id": null,
        "post_date": null,
        "pre_local_cloud": null,
        "post_local_cloud": null,
        "manual_validation": null,
        "manual_notes": null,
        "event_mask_metadata": null,
        "local_raster_paths": null
      },
      "geometry": {
        "type": "Point",
        "coordinates": [
          118.52499951397586,
          64.41499860989698
        ]
      }
    },
    {
      "type": "Feature",
      "properties": {
        "sample_id": "4853f94b12bf3f0f594bbe41f9bfe346a7a5b87c",
        "source_file": "training_2001_2025_v1_3.csv",
        "source_id": "9075",
        "lat": 64.41499863359851,
        "lon": 172.16499985350907,
        "driver": "Wildfire",
        "confidence": "High",
        "source_event_year": null,
        "event_year": null,
        "total_loss_area_ha": null,
        "dominant_loss_area_ha": null,
        "dominant_year_share": null,
        "sample_status": null,
        "pre_scene_id": null,
        "pre_date": null,
        "post_scene_id": null,
        "post_date": null,
        "pre_local_cloud": null,
        "post_local_cloud": null,
        "manual_validation": null,
        "manual_notes": null,
        "event_mask_metadata": null,
        "local_raster_paths": null
      },
      "geometry": {
        "type": "Point",
        "coordinates": [
          172.16499985350907,
          64.41499863359851
        ]
      }
    },
    {
      "type": "Feature",
      "properties": {
        "sample_id": "127516938cd132a6b09875c34464f133155d40da",
        "source_file": "training_2001_2025_v1_3.csv",
        "source_id": "9076",
        "lat": 64.45499897123624,
        "lon": 117.51499976969556,
        "driver": "Wildfire",
        "confidence": "High",
        "source_event_year": null,
        "event_year": null,
        "total_loss_area_ha": null,
        "dominant_loss_area_ha": null,
        "dominant_year_share": null,
        "sample_status": null,
        "pre_scene_id": null,
        "pre_date": null,
        "post_scene_id": null,
        "post_date": null,
        "pre_local_cloud": null,
        "post_local_cloud": null,
        "manual_validation": null,
        "manual_notes": null,
        "event_mask_metadata": null,
        "local_raster_paths": null
      },
      "geometry": {
        "type": "Point",
        "coordinates": [
          117.51499976969556,
          64.45499897123624
        ]
      }
    },
    {
      "type": "Feature",
      "properties": {
        "sample_id": "a8cfaa4eaa1f9f5cc69baaf515cb385482ff8322",
        "source_file": "training_2001_2025_v1_3.csv",
        "source_id": "9077",
        "lat": 64.53499969591827,
        "lon": 87.26499997735247,
        "driver": "Wildfire",
        "confidence": "High",
        "source_event_year": null,
        "event_year": null,
        "total_loss_area_ha": null,
        "dominant_loss_area_ha": null,
        "dominant_year_share": null,
        "sample_status": null,
        "pre_scene_id": null,
        "pre_date": null,
        "post_scene_id": null,
        "post_date": null,
        "pre_local_cloud": null,
        "post_local_cloud": null,
        "manual_validation": null,
        "manual_notes": null,
        "event_mask_metadata": null,
        "local_raster_paths": null
      },
      "geometry": {
        "type": "Point",
        "coordinates": [
          87.26499997735247,
          64.53499969591827
        ]
      }
    },
    {
      "type": "Feature",
      "properties": {
        "sample_id": "42ec766e2692ff8319b5625f613a7dc5a9cc57d9",
        "source_file": "training_2001_2025_v1_3.csv",
        "source_id": "9079",
        "lat": 64.6550008157759,
        "lon": 148.84499831185784,
        "driver": "Wildfire",
        "confidence": "High",
        "source_event_year": null,
        "event_year": null,
        "total_loss_area_ha": null,
        "dominant_loss_area_ha": null,
        "dominant_year_share": null,
        "sample_status": null,
        "pre_scene_id": null,
        "pre_date": null,
        "post_scene_id": null,
        "post_date": null,
        "pre_local_cloud": null,
        "post_local_cloud": null,
        "manual_validation": null,
        "manual_notes": null,
        "event_mask_metadata": null,
        "local_raster_paths": null
      },
      "geometry": {
        "type": "Point",
        "coordinates": [
          148.84499831185784,
          64.6550008157759
        ]
      }
    },
    {
      "type": "Feature",
      "properties": {
        "sample_id": "c3fe94b3cafb904f746f591d89973a6de54d811f",
        "source_file": "training_2001_2025_v1_3.csv",
        "source_id": "9080",
        "lat": 64.68499941420812,
        "lon": 169.0049999508013,
        "driver": "Wildfire",
        "confidence": "High",
        "source_event_year": null,
        "event_year": null,
        "total_loss_area_ha": null,
        "dominant_loss_area_ha": null,
        "dominant_year_share": null,
        "sample_status": null,
        "pre_scene_id": null,
        "pre_date": null,
        "post_scene_id": null,
        "post_date": null,
        "pre_local_cloud": null,
        "post_local_cloud": null,
        "manual_validation": null,
        "manual_notes": null,
        "event_mask_metadata": null,
        "local_raster_paths": null
      },
      "geometry": {
        "type": "Point",
        "coordinates": [
          169.0049999508013,
          64.68499941420812
        ]
      }
    },
    {
      "type": "Feature",
      "properties": {
        "sample_id": "2d68795b08839464f6dcd0a0d7d4eb9681447480",
        "source_file": "training_2001_2025_v1_3.csv",
        "source_id": "9081",
        "lat": 64.70500068432492,
        "lon": 64.53499999379834,
        "driver": "Wildfire",
        "confidence": "High",
        "source_event_year": null,
        "event_year": null,
        "total_loss_area_ha": null,
        "dominant_loss_area_ha": null,
        "dominant_year_share": null,
        "sample_status": null,
        "pre_scene_id": null,
        "pre_date": null,
        "post_scene_id": null,
        "post_date": null,
        "pre_local_cloud": null,
        "post_local_cloud": null,
        "manual_validation": null,
        "manual_notes": null,
        "event_mask_metadata": null,
        "local_raster_paths": null
      },
      "geometry": {
        "type": "Point",
        "coordinates": [
          64.53499999379834,
          64.70500068432492
        ]
      }
    },
    {
      "type": "Feature",
      "properties": {
        "sample_id": "9a44026ee869b523ce17cd596fc80b48709839d5",
        "source_file": "training_2001_2025_v1_3.csv",
        "source_id": "9082",
        "lat": 64.71500022503913,
        "lon": 116.88500018702165,
        "driver": "Wildfire",
        "confidence": "High",
        "source_event_year": null,
        "event_year": null,
        "total_loss_area_ha": null,
        "dominant_loss_area_ha": null,
        "dominant_year_share": null,
        "sample_status": null,
        "pre_scene_id": null,
        "pre_date": null,
        "post_scene_id": null,
        "post_date": null,
        "pre_local_cloud": null,
        "post_local_cloud": null,
        "manual_validation": null,
        "manual_notes": null,
        "event_mask_metadata": null,
        "local_raster_paths": null
      },
      "geometry": {
        "type": "Point",
        "coordinates": [
          116.88500018702165,
          64.71500022503913
        ]
      }
    },
    {
      "type": "Feature",
      "properties": {
        "sample_id": "fc34ada4e48520e3819fbfc00b51dd22cec855e4",
        "source_file": "training_2001_2025_v1_3.csv",
        "source_id": "9083",
        "lat": 64.75500059802313,
        "lon": 68.38500116398163,
        "driver": "Wildfire",
        "confidence": "High",
        "source_event_year": null,
        "event_year": null,
        "total_loss_area_ha": null,
        "dominant_loss_area_ha": null,
        "dominant_year_share": null,
        "sample_status": null,
        "pre_scene_id": null,
        "pre_date": null,
        "post_scene_id": null,
        "post_date": null,
        "pre_local_cloud": null,
        "post_local_cloud": null,
        "manual_validation": null,
        "manual_notes": null,
        "event_mask_metadata": null,
        "local_raster_paths": null
      },
      "geometry": {
        "type": "Point",
        "coordinates": [
          68.38500116398163,
          64.75500059802313
        ]
      }
    },
    {
      "type": "Feature",
      "properties": {
        "sample_id": "b0d0f3fb382fc15e0f6edb0298379be411004371",
        "source_file": "training_2001_2025_v1_3.csv",
        "source_id": "9084",
        "lat": 64.75500061134672,
        "lon": 117.4449986102238,
        "driver": "Wildfire",
        "confidence": "High",
        "source_event_year": null,
        "event_year": null,
        "total_loss_area_ha": null,
        "dominant_loss_area_ha": null,
        "dominant_year_share": null,
        "sample_status": null,
        "pre_scene_id": null,
        "pre_date": null,
        "post_scene_id": null,
        "post_date": null,
        "pre_local_cloud": null,
        "post_local_cloud": null,
        "manual_validation": null,
        "manual_notes": null,
        "event_mask_metadata": null,
        "local_raster_paths": null
      },
      "geometry": {
        "type": "Point",
        "coordinates": [
          117.4449986102238,
          64.75500061134672
        ]
      }
    },
    {
      "type": "Feature",
      "properties": {
        "sample_id": "5f69bb0c9b4dbb202fa67333fa7d07a06895db80",
        "source_file": "training_2001_2025_v1_3.csv",
        "source_id": "9085",
        "lat": 64.80500053049165,
        "lon": 52.7449985336652,
        "driver": "Wildfire",
        "confidence": "Low",
        "source_event_year": null,
        "event_year": null,
        "total_loss_area_ha": null,
        "dominant_loss_area_ha": null,
        "dominant_year_share": null,
        "sample_status": null,
        "pre_scene_id": null,
        "pre_date": null,
        "post_scene_id": null,
        "post_date": null,
        "pre_local_cloud": null,
        "post_local_cloud": null,
        "manual_validation": null,
        "manual_notes": null,
        "event_mask_metadata": null,
        "local_raster_paths": null
      },
      "geometry": {
        "type": "Point",
        "coordinates": [
          52.7449985336652,
          64.80500053049165
        ]
      }
    },
    {
      "type": "Feature",
      "properties": {
        "sample_id": "9d0f1448bf9e03f91a2c96dd3c1da25a631608fb",
        "source_file": "training_2001_2025_v1_3.csv",
        "source_id": "9087",
        "lat": 64.82499958707974,
        "lon": 71.73499896234192,
        "driver": "Wildfire",
        "confidence": "High",
        "source_event_year": null,
        "event_year": null,
        "total_loss_area_ha": null,
        "dominant_loss_area_ha": null,
        "dominant_year_share": null,
        "sample_status": null,
        "pre_scene_id": null,
        "pre_date": null,
        "post_scene_id": null,
        "post_date": null,
        "pre_local_cloud": null,
        "post_local_cloud": null,
        "manual_validation": null,
        "manual_notes": null,
        "event_mask_metadata": null,
        "local_raster_paths": null
      },
      "geometry": {
        "type": "Point",
        "coordinates": [
          71.73499896234192,
          64.82499958707974
        ]
      }
    },
    {
      "type": "Feature",
      "properties": {
        "sample_id": "4e17d567b7eabc1a06d029477d39e6efa7612941",
        "source_file": "training_2001_2025_v1_3.csv",
        "source_id": "9088",
        "lat": 64.86499996039906,
        "lon": 160.06500176063346,
        "driver": "Wildfire",
        "confidence": "High",
        "source_event_year": null,
        "event_year": null,
        "total_loss_area_ha": null,
        "dominant_loss_area_ha": null,
        "dominant_year_share": null,
        "sample_status": null,
        "pre_scene_id": null,
        "pre_date": null,
        "post_scene_id": null,
        "post_date": null,
        "pre_local_cloud": null,
        "post_local_cloud": null,
        "manual_validation": null,
        "manual_notes": null,
        "event_mask_metadata": null,
        "local_raster_paths": null
      },
      "geometry": {
        "type": "Point",
        "coordinates": [
          160.06500176063346,
          64.86499996039906
        ]
      }
    },
    {
      "type": "Feature",
      "properties": {
        "sample_id": "1414032bb26d9c79c02a139f8c251217973c7e6c",
        "source_file": "training_2001_2025_v1_3.csv",
        "source_id": "9089",
        "lat": 64.94499846509949,
        "lon": 170.1950002540598,
        "driver": "Wildfire",
        "confidence": "High",
        "source_event_year": null,
        "event_year": null,
        "total_loss_area_ha": null,
        "dominant_loss_area_ha": null,
        "dominant_year_share": null,
        "sample_status": null,
        "pre_scene_id": null,
        "pre_date": null,
        "post_scene_id": null,
        "post_date": null,
        "pre_local_cloud": null,
        "post_local_cloud": null,
        "manual_validation": null,
        "manual_notes": null,
        "event_mask_metadata": null,
        "local_raster_paths": null
      },
      "geometry": {
        "type": "Point",
        "coordinates": [
          170.1950002540598,
          64.94499846509949
        ]
      }
    },
    {
      "type": "Feature",
      "properties": {
        "sample_id": "a6921c28e1e94f7ff015e095252311926bbc2eda",
        "source_file": "training_2001_2025_v1_3.csv",
        "source_id": "9090",
        "lat": 65.07499910103019,
        "lon": 170.3649989973275,
        "driver": "Wildfire",
        "confidence": "Low",
        "source_event_year": null,
        "event_year": null,
        "total_loss_area_ha": null,
        "dominant_loss_area_ha": null,
        "dominant_year_share": null,
        "sample_status": null,
        "pre_scene_id": null,
        "pre_date": null,
        "post_scene_id": null,
        "post_date": null,
        "pre_local_cloud": null,
        "post_local_cloud": null,
        "manual_validation": null,
        "manual_notes": null,
        "event_mask_metadata": null,
        "local_raster_paths": null
      },
      "geometry": {
        "type": "Point",
        "coordinates": [
          170.3649989973275,
          65.07499910103019
        ]
      }
    },
    {
      "type": "Feature",
      "properties": {
        "sample_id": "9b72b71440b00ec8f92a2abe84218f403f44ffc4",
        "source_file": "training_2001_2025_v1_3.csv",
        "source_id": "9091",
        "lat": 65.1149994549011,
        "lon": 119.41500052302166,
        "driver": "Wildfire",
        "confidence": "High",
        "source_event_year": null,
        "event_year": null,
        "total_loss_area_ha": null,
        "dominant_loss_area_ha": null,
        "dominant_year_share": null,
        "sample_status": null,
        "pre_scene_id": null,
        "pre_date": null,
        "post_scene_id": null,
        "post_date": null,
        "pre_local_cloud": null,
        "post_local_cloud": null,
        "manual_validation": null,
        "manual_notes": null,
        "event_mask_metadata": null,
        "local_raster_paths": null
      },
      "geometry": {
        "type": "Point",
        "coordinates": [
          119.41500052302166,
          65.1149994549011
        ]
      }
    },
    {
      "type": "Feature",
      "properties": {
        "sample_id": "f810027ba83568c92228d1921bdb1c23cac46a4d",
        "source_file": "training_2001_2025_v1_3.csv",
        "source_id": "9094",
        "lat": 65.31499902716106,
        "lon": 158.5150003717072,
        "driver": "Wildfire",
        "confidence": "High",
        "source_event_year": null,
        "event_year": null,
        "total_loss_area_ha": null,
        "dominant_loss_area_ha": null,
        "dominant_year_share": null,
        "sample_status": null,
        "pre_scene_id": null,
        "pre_date": null,
        "post_scene_id": null,
        "post_date": null,
        "pre_local_cloud": null,
        "post_local_cloud": null,
        "manual_validation": null,
        "manual_notes": null,
        "event_mask_metadata": null,
        "local_raster_paths": null
      },
      "geometry": {
        "type": "Point",
        "coordinates": [
          158.5150003717072,
          65.31499902716106
        ]
      }
    },
    {
      "type": "Feature",
      "properties": {
        "sample_id": "8b46550341c270a42013f76629afa3aaf958d0b1",
        "source_file": "training_2001_2025_v1_3.csv",
        "source_id": "9095",
        "lat": 65.34499984125694,
        "lon": 168.65500061626818,
        "driver": "Wildfire",
        "confidence": "High",
        "source_event_year": null,
        "event_year": null,
        "total_loss_area_ha": null,
        "dominant_loss_area_ha": null,
        "dominant_year_share": null,
        "sample_status": null,
        "pre_scene_id": null,
        "pre_date": null,
        "post_scene_id": null,
        "post_date": null,
        "pre_local_cloud": null,
        "post_local_cloud": null,
        "manual_validation": null,
        "manual_notes": null,
        "event_mask_metadata": null,
        "local_raster_paths": null
      },
      "geometry": {
        "type": "Point",
        "coordinates": [
          168.65500061626818,
          65.34499984125694
        ]
      }
    },
    {
      "type": "Feature",
      "properties": {
        "sample_id": "3e65df0b70483d9457b4959a00ba5472face1476",
        "source_file": "training_2001_2025_v1_3.csv",
        "source_id": "9096",
        "lat": 65.37499847647209,
        "lon": 149.99500036586795,
        "driver": "Wildfire",
        "confidence": "High",
        "source_event_year": null,
        "event_year": null,
        "total_loss_area_ha": null,
        "dominant_loss_area_ha": null,
        "dominant_year_share": null,
        "sample_status": null,
        "pre_scene_id": null,
        "pre_date": null,
        "post_scene_id": null,
        "post_date": null,
        "pre_local_cloud": null,
        "post_local_cloud": null,
        "manual_validation": null,
        "manual_notes": null,
        "event_mask_metadata": null,
        "local_raster_paths": null
      },
      "geometry": {
        "type": "Point",
        "coordinates": [
          149.99500036586795,
          65.37499847647209
        ]
      }
    },
    {
      "type": "Feature",
      "properties": {
        "sample_id": "d3bed38b0272d8384331ea253fa449ddc1dd7731",
        "source_file": "training_2001_2025_v1_3.csv",
        "source_id": "9098",
        "lat": 65.48500003214,
        "lon": 154.26499996958086,
        "driver": "Wildfire",
        "confidence": "High",
        "source_event_year": null,
        "event_year": null,
        "total_loss_area_ha": null,
        "dominant_loss_area_ha": null,
        "dominant_year_share": null,
        "sample_status": null,
        "pre_scene_id": null,
        "pre_date": null,
        "post_scene_id": null,
        "post_date": null,
        "pre_local_cloud": null,
        "post_local_cloud": null,
        "manual_validation": null,
        "manual_notes": null,
        "event_mask_metadata": null,
        "local_raster_paths": null
      },
      "geometry": {
        "type": "Point",
        "coordinates": [
          154.26499996958086,
          65.48500003214
        ]
      }
    },
    {
      "type": "Feature",
      "properties": {
        "sample_id": "d79a93dab13349448b4eb4fcafc4aa5849a7743e",
        "source_file": "training_2001_2025_v1_3.csv",
        "source_id": "9100",
        "lat": 65.52500037704517,
        "lon": 170.73499958375044,
        "driver": "Wildfire",
        "confidence": "High",
        "source_event_year": null,
        "event_year": null,
        "total_loss_area_ha": null,
        "dominant_loss_area_ha": null,
        "dominant_year_share": null,
        "sample_status": null,
        "pre_scene_id": null,
        "pre_date": null,
        "post_scene_id": null,
        "post_date": null,
        "pre_local_cloud": null,
        "post_local_cloud": null,
        "manual_validation": null,
        "manual_notes": null,
        "event_mask_metadata": null,
        "local_raster_paths": null
      },
      "geometry": {
        "type": "Point",
        "coordinates": [
          170.73499958375044,
          65.52500037704517
        ]
      }
    },
    {
      "type": "Feature",
      "properties": {
        "sample_id": "e27c94bc888f7f4e7fa4135b35cc8a76384fbed1",
        "source_file": "training_2001_2025_v1_3.csv",
        "source_id": "9101",
        "lat": 65.69499916063333,
        "lon": 153.9950013844605,
        "driver": "Wildfire",
        "confidence": "High",
        "source_event_year": null,
        "event_year": null,
        "total_loss_area_ha": null,
        "dominant_loss_area_ha": null,
        "dominant_year_share": null,
        "sample_status": null,
        "pre_scene_id": null,
        "pre_date": null,
        "post_scene_id": null,
        "post_date": null,
        "pre_local_cloud": null,
        "post_local_cloud": null,
        "manual_validation": null,
        "manual_notes": null,
        "event_mask_metadata": null,
        "local_raster_paths": null
      },
      "geometry": {
        "type": "Point",
        "coordinates": [
          153.9950013844605,
          65.69499916063333
        ]
      }
    },
    {
      "type": "Feature",
      "properties": {
        "sample_id": "2c9cfc81dd537a7b91a856cd4c461e1ef7135f1b",
        "source_file": "training_2001_2025_v1_3.csv",
        "source_id": "9103",
        "lat": 65.86500015128763,
        "lon": 144.835000042962,
        "driver": "Wildfire",
        "confidence": "High",
        "source_event_year": null,
        "event_year": null,
        "total_loss_area_ha": null,
        "dominant_loss_area_ha": null,
        "dominant_year_share": null,
        "sample_status": null,
        "pre_scene_id": null,
        "pre_date": null,
        "post_scene_id": null,
        "post_date": null,
        "pre_local_cloud": null,
        "post_local_cloud": null,
        "manual_validation": null,
        "manual_notes": null,
        "event_mask_metadata": null,
        "local_raster_paths": null
      },
      "geometry": {
        "type": "Point",
        "coordinates": [
          144.835000042962,
          65.86500015128763
        ]
      }
    },
    {
      "type": "Feature",
      "properties": {
        "sample_id": "971f97937ae4d8b3ad75ce6f8a9cbae0b2e225f7",
        "source_file": "training_2001_2025_v1_3.csv",
        "source_id": "9104",
        "lat": 65.87499970702379,
        "lon": 98.55500021274877,
        "driver": "Wildfire",
        "confidence": "High",
        "source_event_year": null,
        "event_year": null,
        "total_loss_area_ha": null,
        "dominant_loss_area_ha": null,
        "dominant_year_share": null,
        "sample_status": null,
        "pre_scene_id": null,
        "pre_date": null,
        "post_scene_id": null,
        "post_date": null,
        "pre_local_cloud": null,
        "post_local_cloud": null,
        "manual_validation": null,
        "manual_notes": null,
        "event_mask_metadata": null,
        "local_raster_paths": null
      },
      "geometry": {
        "type": "Point",
        "coordinates": [
          98.55500021274877,
          65.87499970702379
        ]
      }
    },
    {
      "type": "Feature",
      "properties": {
        "sample_id": "747d1713ffe0b2e5e0fc51397765f40df1225af6",
        "source_file": "training_2001_2025_v1_3.csv",
        "source_id": "9105",
        "lat": 65.87499971538361,
        "lon": 131.90499825020373,
        "driver": "Wildfire",
        "confidence": "High",
        "source_event_year": null,
        "event_year": null,
        "total_loss_area_ha": null,
        "dominant_loss_area_ha": null,
        "dominant_year_share": null,
        "sample_status": null,
        "pre_scene_id": null,
        "pre_date": null,
        "post_scene_id": null,
        "post_date": null,
        "pre_local_cloud": null,
        "post_local_cloud": null,
        "manual_validation": null,
        "manual_notes": null,
        "event_mask_metadata": null,
        "local_raster_paths": null
      },
      "geometry": {
        "type": "Point",
        "coordinates": [
          131.90499825020373,
          65.87499971538361
        ]
      }
    },
    {
      "type": "Feature",
      "properties": {
        "sample_id": "58ba1bf432ad9e5a29f6cd1d39094d61f7cc8683",
        "source_file": "training_2001_2025_v1_3.csv",
        "source_id": "9106",
        "lat": 65.92499959036478,
        "lon": 161.14500047577812,
        "driver": "Wildfire",
        "confidence": "High",
        "source_event_year": null,
        "event_year": null,
        "total_loss_area_ha": null,
        "dominant_loss_area_ha": null,
        "dominant_year_share": null,
        "sample_status": null,
        "pre_scene_id": null,
        "pre_date": null,
        "post_scene_id": null,
        "post_date": null,
        "pre_local_cloud": null,
        "post_local_cloud": null,
        "manual_validation": null,
        "manual_notes": null,
        "event_mask_metadata": null,
        "local_raster_paths": null
      },
      "geometry": {
        "type": "Point",
        "coordinates": [
          161.14500047577812,
          65.92499959036478
        ]
      }
    },
    {
      "type": "Feature",
      "properties": {
        "sample_id": "90f434baae3accc55a57befab4ac208b392b98f9",
        "source_file": "training_2001_2025_v1_3.csv",
        "source_id": "9109",
        "lat": 65.9749995190983,
        "lon": 90.48500162556245,
        "driver": "Wildfire",
        "confidence": "High",
        "source_event_year": null,
        "event_year": null,
        "total_loss_area_ha": null,
        "dominant_loss_area_ha": null,
        "dominant_year_share": null,
        "sample_status": null,
        "pre_scene_id": null,
        "pre_date": null,
        "post_scene_id": null,
        "post_date": null,
        "pre_local_cloud": null,
        "post_local_cloud": null,
        "manual_validation": null,
        "manual_notes": null,
        "event_mask_metadata": null,
        "local_raster_paths": null
      },
      "geometry": {
        "type": "Point",
        "coordinates": [
          90.48500162556245,
          65.9749995190983
        ]
      }
    },
    {
      "type": "Feature",
      "properties": {
        "sample_id": "b41ae06b568b55bc75a41979602069b59c9b37ac",
        "source_file": "training_2001_2025_v1_3.csv",
        "source_id": "9110",
        "lat": 65.98499903783633,
        "lon": 54.1750010388212,
        "driver": "Wildfire",
        "confidence": "High",
        "source_event_year": null,
        "event_year": null,
        "total_loss_area_ha": null,
        "dominant_loss_area_ha": null,
        "dominant_year_share": null,
        "sample_status": null,
        "pre_scene_id": null,
        "pre_date": null,
        "post_scene_id": null,
        "post_date": null,
        "pre_local_cloud": null,
        "post_local_cloud": null,
        "manual_validation": null,
        "manual_notes": null,
        "event_mask_metadata": null,
        "local_raster_paths": null
      },
      "geometry": {
        "type": "Point",
        "coordinates": [
          54.1750010388212,
          65.98499903783633
        ]
      }
    },
    {
      "type": "Feature",
      "properties": {
        "sample_id": "cdb28e96e427c14b251d4dbb86736d7a5bf040e7",
        "source_file": "training_2001_2025_v1_3.csv",
        "source_id": "9112",
        "lat": 66.24500029899082,
        "lon": 118.33499955280776,
        "driver": "Wildfire",
        "confidence": "High",
        "source_event_year": null,
        "event_year": null,
        "total_loss_area_ha": null,
        "dominant_loss_area_ha": null,
        "dominant_year_share": null,
        "sample_status": null,
        "pre_scene_id": null,
        "pre_date": null,
        "post_scene_id": null,
        "post_date": null,
        "pre_local_cloud": null,
        "post_local_cloud": null,
        "manual_validation": null,
        "manual_notes": null,
        "event_mask_metadata": null,
        "local_raster_paths": null
      },
      "geometry": {
        "type": "Point",
        "coordinates": [
          118.33499955280776,
          66.24500029899082
        ]
      }
    },
    {
      "type": "Feature",
      "properties": {
        "sample_id": "6255fd19678e717cf17ba1db0cb6f3e7fca9c516",
        "source_file": "training_2001_2025_v1_3.csv",
        "source_id": "9113",
        "lat": 66.28499840254293,
        "lon": 122.5249982797832,
        "driver": "Wildfire",
        "confidence": "High",
        "source_event_year": null,
        "event_year": null,
        "total_loss_area_ha": null,
        "dominant_loss_area_ha": null,
        "dominant_year_share": null,
        "sample_status": null,
        "pre_scene_id": null,
        "pre_date": null,
        "post_scene_id": null,
        "post_date": null,
        "pre_local_cloud": null,
        "post_local_cloud": null,
        "manual_validation": null,
        "manual_notes": null,
        "event_mask_metadata": null,
        "local_raster_paths": null
      },
      "geometry": {
        "type": "Point",
        "coordinates": [
          122.5249982797832,
          66.28499840254293
        ]
      }
    },
    {
      "type": "Feature",
      "properties": {
        "sample_id": "66fafb3fd37414274c97b92a15f4beef88ecbe5e",
        "source_file": "training_2001_2025_v1_3.csv",
        "source_id": "9114",
        "lat": 66.45499942831708,
        "lon": 36.80500092555841,
        "driver": "Wildfire",
        "confidence": "Low",
        "source_event_year": null,
        "event_year": null,
        "total_loss_area_ha": null,
        "dominant_loss_area_ha": null,
        "dominant_year_share": null,
        "sample_status": null,
        "pre_scene_id": null,
        "pre_date": null,
        "post_scene_id": null,
        "post_date": null,
        "pre_local_cloud": null,
        "post_local_cloud": null,
        "manual_validation": null,
        "manual_notes": null,
        "event_mask_metadata": null,
        "local_raster_paths": null
      },
      "geometry": {
        "type": "Point",
        "coordinates": [
          36.80500092555841,
          66.45499942831708
        ]
      }
    },
    {
      "type": "Feature",
      "properties": {
        "sample_id": "c6158abc72318c2691df675f5709f02ad2245aaa",
        "source_file": "training_2001_2025_v1_3.csv",
        "source_id": "9115",
        "lat": 66.54499968907179,
        "lon": 141.9249996345212,
        "driver": "Wildfire",
        "confidence": "Low",
        "source_event_year": null,
        "event_year": null,
        "total_loss_area_ha": null,
        "dominant_loss_area_ha": null,
        "dominant_year_share": null,
        "sample_status": null,
        "pre_scene_id": null,
        "pre_date": null,
        "post_scene_id": null,
        "post_date": null,
        "pre_local_cloud": null,
        "post_local_cloud": null,
        "manual_validation": null,
        "manual_notes": null,
        "event_mask_metadata": null,
        "local_raster_paths": null
      },
      "geometry": {
        "type": "Point",
        "coordinates": [
          141.9249996345212,
          66.54499968907179
        ]
      }
    },
    {
      "type": "Feature",
      "properties": {
        "sample_id": "1bfe248c6e76637782c8ab318bf15a59fb7699aa",
        "source_file": "training_2001_2025_v1_3.csv",
        "source_id": "9117",
        "lat": 66.96500020214478,
        "lon": 86.01500027504947,
        "driver": "Wildfire",
        "confidence": "High",
        "source_event_year": null,
        "event_year": null,
        "total_loss_area_ha": null,
        "dominant_loss_area_ha": null,
        "dominant_year_share": null,
        "sample_status": null,
        "pre_scene_id": null,
        "pre_date": null,
        "post_scene_id": null,
        "post_date": null,
        "pre_local_cloud": null,
        "post_local_cloud": null,
        "manual_validation": null,
        "manual_notes": null,
        "event_mask_metadata": null,
        "local_raster_paths": null
      },
      "geometry": {
        "type": "Point",
        "coordinates": [
          86.01500027504947,
          66.96500020214478
        ]
      }
    },
    {
      "type": "Feature",
      "properties": {
        "sample_id": "ed14d2e9fcc0119207404f69d766d2a20f3d3724",
        "source_file": "training_2001_2025_v1_3.csv",
        "source_id": "9118",
        "lat": 67.1149998660057,
        "lon": 163.18499907083134,
        "driver": "Wildfire",
        "confidence": "High",
        "source_event_year": null,
        "event_year": null,
        "total_loss_area_ha": null,
        "dominant_loss_area_ha": null,
        "dominant_year_share": null,
        "sample_status": null,
        "pre_scene_id": null,
        "pre_date": null,
        "post_scene_id": null,
        "post_date": null,
        "pre_local_cloud": null,
        "post_local_cloud": null,
        "manual_validation": null,
        "manual_notes": null,
        "event_mask_metadata": null,
        "local_raster_paths": null
      },
      "geometry": {
        "type": "Point",
        "coordinates": [
          163.18499907083134,
          67.1149998660057
        ]
      }
    },
    {
      "type": "Feature",
      "properties": {
        "sample_id": "c34905c80c8fc39f5aabda56ff910f07d0f8a66b",
        "source_file": "training_2001_2025_v1_3.csv",
        "source_id": "9119",
        "lat": 67.14499845419657,
        "lon": 103.32500090322134,
        "driver": "Wildfire",
        "confidence": "Low",
        "source_event_year": null,
        "event_year": null,
        "total_loss_area_ha": null,
        "dominant_loss_area_ha": null,
        "dominant_year_share": null,
        "sample_status": null,
        "pre_scene_id": null,
        "pre_date": null,
        "post_scene_id": null,
        "post_date": null,
        "pre_local_cloud": null,
        "post_local_cloud": null,
        "manual_validation": null,
        "manual_notes": null,
        "event_mask_metadata": null,
        "local_raster_paths": null
      },
      "geometry": {
        "type": "Point",
        "coordinates": [
          103.32500090322134,
          67.14499845419657
        ]
      }
    },
    {
      "type": "Feature",
      "properties": {
        "sample_id": "b0eccd03c2bcd427aafe6f6c37d1fe25c8b6ab9c",
        "source_file": "training_2001_2025_v1_3.csv",
        "source_id": "9120",
        "lat": 67.53500037576063,
        "lon": 136.08499959860632,
        "driver": "Wildfire",
        "confidence": "High",
        "source_event_year": null,
        "event_year": null,
        "total_loss_area_ha": null,
        "dominant_loss_area_ha": null,
        "dominant_year_share": null,
        "sample_status": null,
        "pre_scene_id": null,
        "pre_date": null,
        "post_scene_id": null,
        "post_date": null,
        "pre_local_cloud": null,
        "post_local_cloud": null,
        "manual_validation": null,
        "manual_notes": null,
        "event_mask_metadata": null,
        "local_raster_paths": null
      },
      "geometry": {
        "type": "Point",
        "coordinates": [
          136.08499959860632,
          67.53500037576063
        ]
      }
    },
    {
      "type": "Feature",
      "properties": {
        "sample_id": "79c4cf2dbe3767d1eb89b05328f5f622b1c39c62",
        "source_file": "training_2001_2025_v1_3.csv",
        "source_id": "9121",
        "lat": 67.57499851542411,
        "lon": 163.17500175550333,
        "driver": "Wildfire",
        "confidence": "High",
        "source_event_year": null,
        "event_year": null,
        "total_loss_area_ha": null,
        "dominant_loss_area_ha": null,
        "dominant_year_share": null,
        "sample_status": null,
        "pre_scene_id": null,
        "pre_date": null,
        "post_scene_id": null,
        "post_date": null,
        "pre_local_cloud": null,
        "post_local_cloud": null,
        "manual_validation": null,
        "manual_notes": null,
        "event_mask_metadata": null,
        "local_raster_paths": null
      },
      "geometry": {
        "type": "Point",
        "coordinates": [
          163.17500175550333,
          67.57499851542411
        ]
      }
    },
    {
      "type": "Feature",
      "properties": {
        "sample_id": "846c1bb5250772411eaffadb824f725f42ade330",
        "source_file": "training_2001_2025_v1_3.csv",
        "source_id": "9122",
        "lat": 67.58500024551773,
        "lon": 163.12499964161628,
        "driver": "Wildfire",
        "confidence": "High",
        "source_event_year": null,
        "event_year": null,
        "total_loss_area_ha": null,
        "dominant_loss_area_ha": null,
        "dominant_year_share": null,
        "sample_status": null,
        "pre_scene_id": null,
        "pre_date": null,
        "post_scene_id": null,
        "post_date": null,
        "pre_local_cloud": null,
        "post_local_cloud": null,
        "manual_validation": null,
        "manual_notes": null,
        "event_mask_metadata": null,
        "local_raster_paths": null
      },
      "geometry": {
        "type": "Point",
        "coordinates": [
          163.12499964161628,
          67.58500024551773
        ]
      }
    },
    {
      "type": "Feature",
      "properties": {
        "sample_id": "c3a403feeef70eb32fd11572dec3f6f69b58d411",
        "source_file": "training_2001_2025_v1_3.csv",
        "source_id": "9123",
        "lat": 67.65499923764544,
        "lon": 30.74500011416565,
        "driver": "Wildfire",
        "confidence": "Medium",
        "source_event_year": null,
        "event_year": null,
        "total_loss_area_ha": null,
        "dominant_loss_area_ha": null,
        "dominant_year_share": null,
        "sample_status": null,
        "pre_scene_id": null,
        "pre_date": null,
        "post_scene_id": null,
        "post_date": null,
        "pre_local_cloud": null,
        "post_local_cloud": null,
        "manual_validation": null,
        "manual_notes": null,
        "event_mask_metadata": null,
        "local_raster_paths": null
      },
      "geometry": {
        "type": "Point",
        "coordinates": [
          30.74500011416565,
          67.65499923764544
        ]
      }
    },
    {
      "type": "Feature",
      "properties": {
        "sample_id": "1f117bd206249f422b2987a45f0bb548baee6e17",
        "source_file": "training_2001_2025_v1_3.csv",
        "source_id": "9124",
        "lat": 67.73499995154629,
        "lon": 144.80499924402443,
        "driver": "Wildfire",
        "confidence": "High",
        "source_event_year": null,
        "event_year": null,
        "total_loss_area_ha": null,
        "dominant_loss_area_ha": null,
        "dominant_year_share": null,
        "sample_status": null,
        "pre_scene_id": null,
        "pre_date": null,
        "post_scene_id": null,
        "post_date": null,
        "pre_local_cloud": null,
        "post_local_cloud": null,
        "manual_validation": null,
        "manual_notes": null,
        "event_mask_metadata": null,
        "local_raster_paths": null
      },
      "geometry": {
        "type": "Point",
        "coordinates": [
          144.80499924402443,
          67.73499995154629
        ]
      }
    },
    {
      "type": "Feature",
      "properties": {
        "sample_id": "3a9e120e0d00f5eec2bf6fc159c6af8baee262f7",
        "source_file": "training_2001_2025_v1_3.csv",
        "source_id": "9125",
        "lat": 67.85499883040417,
        "lon": 160.24500000226266,
        "driver": "Wildfire",
        "confidence": "High",
        "source_event_year": null,
        "event_year": null,
        "total_loss_area_ha": null,
        "dominant_loss_area_ha": null,
        "dominant_year_share": null,
        "sample_status": null,
        "pre_scene_id": null,
        "pre_date": null,
        "post_scene_id": null,
        "post_date": null,
        "pre_local_cloud": null,
        "post_local_cloud": null,
        "manual_validation": null,
        "manual_notes": null,
        "event_mask_metadata": null,
        "local_raster_paths": null
      },
      "geometry": {
        "type": "Point",
        "coordinates": [
          160.24500000226266,
          67.85499883040417
        ]
      }
    },
    {
      "type": "Feature",
      "properties": {
        "sample_id": "5b0e6975b5f8c45b068ce5236b39863727bfe8f9",
        "source_file": "training_2001_2025_v1_3.csv",
        "source_id": "9126",
        "lat": 67.90499871178844,
        "lon": 151.09499822491767,
        "driver": "Wildfire",
        "confidence": "High",
        "source_event_year": null,
        "event_year": null,
        "total_loss_area_ha": null,
        "dominant_loss_area_ha": null,
        "dominant_year_share": null,
        "sample_status": null,
        "pre_scene_id": null,
        "pre_date": null,
        "post_scene_id": null,
        "post_date": null,
        "pre_local_cloud": null,
        "post_local_cloud": null,
        "manual_validation": null,
        "manual_notes": null,
        "event_mask_metadata": null,
        "local_raster_paths": null
      },
      "geometry": {
        "type": "Point",
        "coordinates": [
          151.09499822491767,
          67.90499871178844
        ]
      }
    },
    {
      "type": "Feature",
      "properties": {
        "sample_id": "014ebcfa8c4c4e37669da9360bb2f7d33ecad401",
        "source_file": "training_2001_2025_v1_3.csv",
        "source_id": "9127",
        "lat": 67.92500002013212,
        "lon": 151.0850009414392,
        "driver": "Wildfire",
        "confidence": "High",
        "source_event_year": null,
        "event_year": null,
        "total_loss_area_ha": null,
        "dominant_loss_area_ha": null,
        "dominant_year_share": null,
        "sample_status": null,
        "pre_scene_id": null,
        "pre_date": null,
        "post_scene_id": null,
        "post_date": null,
        "pre_local_cloud": null,
        "post_local_cloud": null,
        "manual_validation": null,
        "manual_notes": null,
        "event_mask_metadata": null,
        "local_raster_paths": null
      },
      "geometry": {
        "type": "Point",
        "coordinates": [
          151.0850009414392,
          67.92500002013212
        ]
      }
    },
    {
      "type": "Feature",
      "properties": {
        "sample_id": "9aab86a48ca70c33fda987a3acd3b05e02351ed1",
        "source_file": "training_2001_2025_v1_3.csv",
        "source_id": "9128",
        "lat": 67.99499900531212,
        "lon": 124.52499876686348,
        "driver": "Wildfire",
        "confidence": "High",
        "source_event_year": null,
        "event_year": null,
        "total_loss_area_ha": null,
        "dominant_loss_area_ha": null,
        "dominant_year_share": null,
        "sample_status": null,
        "pre_scene_id": null,
        "pre_date": null,
        "post_scene_id": null,
        "post_date": null,
        "pre_local_cloud": null,
        "post_local_cloud": null,
        "manual_validation": null,
        "manual_notes": null,
        "event_mask_metadata": null,
        "local_raster_paths": null
      },
      "geometry": {
        "type": "Point",
        "coordinates": [
          124.52499876686348,
          67.99499900531212
        ]
      }
    },
    {
      "type": "Feature",
      "properties": {
        "sample_id": "6603cc63c747cf9ea3eb0775233c2beaa78f6430",
        "source_file": "training_2001_2025_v1_3.csv",
        "source_id": "9129",
        "lat": 68.04499889634464,
        "lon": 156.53499893411535,
        "driver": "Wildfire",
        "confidence": "Low",
        "source_event_year": null,
        "event_year": null,
        "total_loss_area_ha": null,
        "dominant_loss_area_ha": null,
        "dominant_year_share": null,
        "sample_status": null,
        "pre_scene_id": null,
        "pre_date": null,
        "post_scene_id": null,
        "post_date": null,
        "pre_local_cloud": null,
        "post_local_cloud": null,
        "manual_validation": null,
        "manual_notes": null,
        "event_mask_metadata": null,
        "local_raster_paths": null
      },
      "geometry": {
        "type": "Point",
        "coordinates": [
          156.53499893411535,
          68.04499889634464
        ]
      }
    },
    {
      "type": "Feature",
      "properties": {
        "sample_id": "a78322ae298e6111338b752eb3486324c11c38b9",
        "source_file": "training_2001_2025_v1_3.csv",
        "source_id": "9130",
        "lat": 68.05499838834008,
        "lon": 121.36499873471244,
        "driver": "Wildfire",
        "confidence": "Low",
        "source_event_year": null,
        "event_year": null,
        "total_loss_area_ha": null,
        "dominant_loss_area_ha": null,
        "dominant_year_share": null,
        "sample_status": null,
        "pre_scene_id": null,
        "pre_date": null,
        "post_scene_id": null,
        "post_date": null,
        "pre_local_cloud": null,
        "post_local_cloud": null,
        "manual_validation": null,
        "manual_notes": null,
        "event_mask_metadata": null,
        "local_raster_paths": null
      },
      "geometry": {
        "type": "Point",
        "coordinates": [
          121.36499873471244,
          68.05499838834008
        ]
      }
    },
    {
      "type": "Feature",
      "properties": {
        "sample_id": "f5492a13669ee972bb709eb830981e5beb44069c",
        "source_file": "training_2001_2025_v1_3.csv",
        "source_id": "9132",
        "lat": 68.10500053737984,
        "lon": 148.8449982567673,
        "driver": "Wildfire",
        "confidence": "High",
        "source_event_year": null,
        "event_year": null,
        "total_loss_area_ha": null,
        "dominant_loss_area_ha": null,
        "dominant_year_share": null,
        "sample_status": null,
        "pre_scene_id": null,
        "pre_date": null,
        "post_scene_id": null,
        "post_date": null,
        "pre_local_cloud": null,
        "post_local_cloud": null,
        "manual_validation": null,
        "manual_notes": null,
        "event_mask_metadata": null,
        "local_raster_paths": null
      },
      "geometry": {
        "type": "Point",
        "coordinates": [
          148.8449982567673,
          68.10500053737984
        ]
      }
    },
    {
      "type": "Feature",
      "properties": {
        "sample_id": "65bfce08dca91db1005470a118d1807e6eef3445",
        "source_file": "training_2001_2025_v1_3.csv",
        "source_id": "9133",
        "lat": 68.11500007457298,
        "lon": 124.66500105512633,
        "driver": "Wildfire",
        "confidence": "High",
        "source_event_year": null,
        "event_year": null,
        "total_loss_area_ha": null,
        "dominant_loss_area_ha": null,
        "dominant_year_share": null,
        "sample_status": null,
        "pre_scene_id": null,
        "pre_date": null,
        "post_scene_id": null,
        "post_date": null,
        "pre_local_cloud": null,
        "post_local_cloud": null,
        "manual_validation": null,
        "manual_notes": null,
        "event_mask_metadata": null,
        "local_raster_paths": null
      },
      "geometry": {
        "type": "Point",
        "coordinates": [
          124.66500105512633,
          68.11500007457298
        ]
      }
    },
    {
      "type": "Feature",
      "properties": {
        "sample_id": "c8592ec23038bcf50d4c0cb9e15410fbd565dda5",
        "source_file": "training_2001_2025_v1_3.csv",
        "source_id": "9134",
        "lat": 68.17499951936134,
        "lon": 162.2950003858815,
        "driver": "Wildfire",
        "confidence": "High",
        "source_event_year": null,
        "event_year": null,
        "total_loss_area_ha": null,
        "dominant_loss_area_ha": null,
        "dominant_year_share": null,
        "sample_status": null,
        "pre_scene_id": null,
        "pre_date": null,
        "post_scene_id": null,
        "post_date": null,
        "pre_local_cloud": null,
        "post_local_cloud": null,
        "manual_validation": null,
        "manual_notes": null,
        "event_mask_metadata": null,
        "local_raster_paths": null
      },
      "geometry": {
        "type": "Point",
        "coordinates": [
          162.2950003858815,
          68.17499951936134
        ]
      }
    },
    {
      "type": "Feature",
      "properties": {
        "sample_id": "419d64b91532b1fef301bf2777519beabbf8882c",
        "source_file": "training_2001_2025_v1_3.csv",
        "source_id": "9135",
        "lat": 68.17499950157011,
        "lon": 162.60499938862716,
        "driver": "Wildfire",
        "confidence": "High",
        "source_event_year": null,
        "event_year": null,
        "total_loss_area_ha": null,
        "dominant_loss_area_ha": null,
        "dominant_year_share": null,
        "sample_status": null,
        "pre_scene_id": null,
        "pre_date": null,
        "post_scene_id": null,
        "post_date": null,
        "pre_local_cloud": null,
        "post_local_cloud": null,
        "manual_validation": null,
        "manual_notes": null,
        "event_mask_metadata": null,
        "local_raster_paths": null
      },
      "geometry": {
        "type": "Point",
        "coordinates": [
          162.60499938862716,
          68.17499950157011
        ]
      }
    },
    {
      "type": "Feature",
      "properties": {
        "sample_id": "5a2852cd3a7302b1908281db916b905458ced393",
        "source_file": "training_2001_2025_v1_3.csv",
        "source_id": "9136",
        "lat": 68.94499930443466,
        "lon": 134.2250016429334,
        "driver": "Wildfire",
        "confidence": "High",
        "source_event_year": null,
        "event_year": null,
        "total_loss_area_ha": null,
        "dominant_loss_area_ha": null,
        "dominant_year_share": null,
        "sample_status": null,
        "pre_scene_id": null,
        "pre_date": null,
        "post_scene_id": null,
        "post_date": null,
        "pre_local_cloud": null,
        "post_local_cloud": null,
        "manual_validation": null,
        "manual_notes": null,
        "event_mask_metadata": null,
        "local_raster_paths": null
      },
      "geometry": {
        "type": "Point",
        "coordinates": [
          134.2250016429334,
          68.94499930443466
        ]
      }
    },
    {
      "type": "Feature",
      "properties": {
        "sample_id": "124f201c1b2e5eb5c5145119b4796712f7a95ca5",
        "source_file": "training_2001_2025_v1_3.csv",
        "source_id": "9137",
        "lat": 69.02500002509173,
        "lon": 135.69500005003505,
        "driver": "Wildfire",
        "confidence": "High",
        "source_event_year": null,
        "event_year": null,
        "total_loss_area_ha": null,
        "dominant_loss_area_ha": null,
        "dominant_year_share": null,
        "sample_status": null,
        "pre_scene_id": null,
        "pre_date": null,
        "post_scene_id": null,
        "post_date": null,
        "pre_local_cloud": null,
        "post_local_cloud": null,
        "manual_validation": null,
        "manual_notes": null,
        "event_mask_metadata": null,
        "local_raster_paths": null
      },
      "geometry": {
        "type": "Point",
        "coordinates": [
          135.69500005003505,
          69.02500002509173
        ]
      }
    },
    {
      "type": "Feature",
      "properties": {
        "sample_id": "2206677fbcb49965662a2e9b2cdaec7b2f314c19",
        "source_file": "training_2001_2025_v1_3.csv",
        "source_id": "9138",
        "lat": 69.05500086079257,
        "lon": 134.8149986270969,
        "driver": "Wildfire",
        "confidence": "High",
        "source_event_year": null,
        "event_year": null,
        "total_loss_area_ha": null,
        "dominant_loss_area_ha": null,
        "dominant_year_share": null,
        "sample_status": null,
        "pre_scene_id": null,
        "pre_date": null,
        "post_scene_id": null,
        "post_date": null,
        "pre_local_cloud": null,
        "post_local_cloud": null,
        "manual_validation": null,
        "manual_notes": null,
        "event_mask_metadata": null,
        "local_raster_paths": null
      },
      "geometry": {
        "type": "Point",
        "coordinates": [
          134.8149986270969,
          69.05500086079257
        ]
      }
    },
    {
      "type": "Feature",
      "properties": {
        "sample_id": "cb19657e3a62573c84b9398af36c2db506e89369",
        "source_file": "training_2001_2025_v1_3.csv",
        "source_id": "9139",
        "lat": 69.2349991861406,
        "lon": 147.87500107418134,
        "driver": "Wildfire",
        "confidence": "High",
        "source_event_year": null,
        "event_year": null,
        "total_loss_area_ha": null,
        "dominant_loss_area_ha": null,
        "dominant_year_share": null,
        "sample_status": null,
        "pre_scene_id": null,
        "pre_date": null,
        "post_scene_id": null,
        "post_date": null,
        "pre_local_cloud": null,
        "post_local_cloud": null,
        "manual_validation": null,
        "manual_notes": null,
        "event_mask_metadata": null,
        "local_raster_paths": null
      },
      "geometry": {
        "type": "Point",
        "coordinates": [
          147.87500107418134,
          69.2349991861406
        ]
      }
    },
    {
      "type": "Feature",
      "properties": {
        "sample_id": "9f61c0fb0c2fec8064cfc801a58888a9b1f0b626",
        "source_file": "training_2001_2025_v1_3.csv",
        "source_id": "9140",
        "lat": 69.26499999305312,
        "lon": 151.1150016879437,
        "driver": "Wildfire",
        "confidence": "High",
        "source_event_year": null,
        "event_year": null,
        "total_loss_area_ha": null,
        "dominant_loss_area_ha": null,
        "dominant_year_share": null,
        "sample_status": null,
        "pre_scene_id": null,
        "pre_date": null,
        "post_scene_id": null,
        "post_date": null,
        "pre_local_cloud": null,
        "post_local_cloud": null,
        "manual_validation": null,
        "manual_notes": null,
        "event_mask_metadata": null,
        "local_raster_paths": null
      },
      "geometry": {
        "type": "Point",
        "coordinates": [
          151.1150016879437,
          69.26499999305312
        ]
      }
    },
    {
      "type": "Feature",
      "properties": {
        "sample_id": "23d979b1353a7e5ec36d294cbfe52f1418e78d86",
        "source_file": "training_2001_2025_v1_3.csv",
        "source_id": "9141",
        "lat": 69.43500097819549,
        "lon": 139.4649983061357,
        "driver": "Wildfire",
        "confidence": "High",
        "source_event_year": null,
        "event_year": null,
        "total_loss_area_ha": null,
        "dominant_loss_area_ha": null,
        "dominant_year_share": null,
        "sample_status": null,
        "pre_scene_id": null,
        "pre_date": null,
        "post_scene_id": null,
        "post_date": null,
        "pre_local_cloud": null,
        "post_local_cloud": null,
        "manual_validation": null,
        "manual_notes": null,
        "event_mask_metadata": null,
        "local_raster_paths": null
      },
      "geometry": {
        "type": "Point",
        "coordinates": [
          139.4649983061357,
          69.43500097819549
        ]
      }
    },
    {
      "type": "Feature",
      "properties": {
        "sample_id": "5d997384ec944147c761a3a115a45787092edfe7",
        "source_file": "training_2001_2025_v1_3.csv",
        "source_id": "9143",
        "lat": 72.01499887716874,
        "lon": 123.42500088429472,
        "driver": "Wildfire",
        "confidence": "Low",
        "source_event_year": null,
        "event_year": null,
        "total_loss_area_ha": null,
        "dominant_loss_area_ha": null,
        "dominant_year_share": null,
        "sample_status": null,
        "pre_scene_id": null,
        "pre_date": null,
        "post_scene_id": null,
        "post_date": null,
        "pre_local_cloud": null,
        "post_local_cloud": null,
        "manual_validation": null,
        "manual_notes": null,
        "event_mask_metadata": null,
        "local_raster_paths": null
      },
      "geometry": {
        "type": "Point",
        "coordinates": [
          123.42500088429472,
          72.01499887716874
        ]
      }
    },
    {
      "type": "Feature",
      "properties": {
        "sample_id": "ecd3d6dbed79fe121de350f3b1c82949c4727344",
        "source_file": "training_2001_2025_v1_3.csv",
        "source_id": "9146",
        "lat": 72.18499987458425,
        "lon": 117.79500007510478,
        "driver": "Wildfire",
        "confidence": "Medium",
        "source_event_year": null,
        "event_year": null,
        "total_loss_area_ha": null,
        "dominant_loss_area_ha": null,
        "dominant_year_share": null,
        "sample_status": null,
        "pre_scene_id": null,
        "pre_date": null,
        "post_scene_id": null,
        "post_date": null,
        "pre_local_cloud": null,
        "post_local_cloud": null,
        "manual_validation": null,
        "manual_notes": null,
        "event_mask_metadata": null,
        "local_raster_paths": null
      },
      "geometry": {
        "type": "Point",
        "coordinates": [
          117.79500007510478,
          72.18499987458425
        ]
      }
    },
    {
      "type": "Feature",
      "properties": {
        "sample_id": "2c8204f30f04add7fca64b5d82912427812e8d9b",
        "source_file": "training_2001_2025_v1_3.csv",
        "source_id": "9147",
        "lat": 72.21500072286038,
        "lon": 117.7850005805949,
        "driver": "Wildfire",
        "confidence": "Medium",
        "source_event_year": null,
        "event_year": null,
        "total_loss_area_ha": null,
        "dominant_loss_area_ha": null,
        "dominant_year_share": null,
        "sample_status": null,
        "pre_scene_id": null,
        "pre_date": null,
        "post_scene_id": null,
        "post_date": null,
        "pre_local_cloud": null,
        "post_local_cloud": null,
        "manual_validation": null,
        "manual_notes": null,
        "event_mask_metadata": null,
        "local_raster_paths": null
      },
      "geometry": {
        "type": "Point",
        "coordinates": [
          117.7850005805949,
          72.21500072286038
        ]
      }
    },
    {
      "type": "Feature",
      "properties": {
        "sample_id": "625fa928fc4b70a77ee187307d69a5ec3111bf9c",
        "source_file": "training_2001_2025_v1_3.csv",
        "source_id": "9154",
        "lat": 72.36500041659761,
        "lon": 106.53500072811332,
        "driver": "Wildfire",
        "confidence": "Low",
        "source_event_year": null,
        "event_year": null,
        "total_loss_area_ha": null,
        "dominant_loss_area_ha": null,
        "dominant_year_share": null,
        "sample_status": null,
        "pre_scene_id": null,
        "pre_date": null,
        "post_scene_id": null,
        "post_date": null,
        "pre_local_cloud": null,
        "post_local_cloud": null,
        "manual_validation": null,
        "manual_notes": null,
        "event_mask_metadata": null,
        "local_raster_paths": null
      },
      "geometry": {
        "type": "Point",
        "coordinates": [
          106.53500072811332,
          72.36500041659761
        ]
      }
    },
    {
      "type": "Feature",
      "properties": {
        "sample_id": "d12e763c4f885f872d09304b20542e7448f3b837",
        "source_file": "training_2001_2025_v1_3.csv",
        "source_id": "9155",
        "lat": 72.36500036914579,
        "lon": 106.54500028465186,
        "driver": "Wildfire",
        "confidence": "Low",
        "source_event_year": null,
        "event_year": null,
        "total_loss_area_ha": null,
        "dominant_loss_area_ha": null,
        "dominant_year_share": null,
        "sample_status": null,
        "pre_scene_id": null,
        "pre_date": null,
        "post_scene_id": null,
        "post_date": null,
        "pre_local_cloud": null,
        "post_local_cloud": null,
        "manual_validation": null,
        "manual_notes": null,
        "event_mask_metadata": null,
        "local_raster_paths": null
      },
      "geometry": {
        "type": "Point",
        "coordinates": [
          106.54500028465186,
          72.36500036914579
        ]
      }
    },
    {
      "type": "Feature",
      "properties": {
        "sample_id": "c917e6dfacbac96a49e28f4520733e139c84f7ca",
        "source_file": "training_2001_2025_v1_3.csv",
        "source_id": "9157",
        "lat": 72.3949990111857,
        "lon": 117.5550001520443,
        "driver": "Wildfire",
        "confidence": "High",
        "source_event_year": null,
        "event_year": null,
        "total_loss_area_ha": null,
        "dominant_loss_area_ha": null,
        "dominant_year_share": null,
        "sample_status": null,
        "pre_scene_id": null,
        "pre_date": null,
        "post_scene_id": null,
        "post_date": null,
        "pre_local_cloud": null,
        "post_local_cloud": null,
        "manual_validation": null,
        "manual_notes": null,
        "event_mask_metadata": null,
        "local_raster_paths": null
      },
      "geometry": {
        "type": "Point",
        "coordinates": [
          117.5550001520443,
          72.3949990111857
        ]
      }
    },
    {
      "type": "Feature",
      "properties": {
        "sample_id": "730923ff76b55f43750fe5e6ca18a6c4225b7af9",
        "source_file": "training_2001_2025_v1_3.csv",
        "source_id": "9158",
        "lat": 72.3949990356852,
        "lon": 117.57499924780753,
        "driver": "Wildfire",
        "confidence": "High",
        "source_event_year": null,
        "event_year": null,
        "total_loss_area_ha": null,
        "dominant_loss_area_ha": null,
        "dominant_year_share": null,
        "sample_status": null,
        "pre_scene_id": null,
        "pre_date": null,
        "post_scene_id": null,
        "post_date": null,
        "pre_local_cloud": null,
        "post_local_cloud": null,
        "manual_validation": null,
        "manual_notes": null,
        "event_mask_metadata": null,
        "local_raster_paths": null
      },
      "geometry": {
        "type": "Point",
        "coordinates": [
          117.57499924780753,
          72.3949990356852
        ]
      }
    },
    {
      "type": "Feature",
      "properties": {
        "sample_id": "94fa6bcd59d15cd80b31615cc1a334ec86f2d0f9",
        "source_file": "training_2001_2025_v1_3.csv",
        "source_id": "9159",
        "lat": 72.39499903607404,
        "lon": 117.61499962131968,
        "driver": "Wildfire",
        "confidence": "High",
        "source_event_year": null,
        "event_year": null,
        "total_loss_area_ha": null,
        "dominant_loss_area_ha": null,
        "dominant_year_share": null,
        "sample_status": null,
        "pre_scene_id": null,
        "pre_date": null,
        "post_scene_id": null,
        "post_date": null,
        "pre_local_cloud": null,
        "post_local_cloud": null,
        "manual_validation": null,
        "manual_notes": null,
        "event_mask_metadata": null,
        "local_raster_paths": null
      },
      "geometry": {
        "type": "Point",
        "coordinates": [
          117.61499962131968,
          72.39499903607404
        ]
      }
    },
    {
      "type": "Feature",
      "properties": {
        "sample_id": "8043ed8179050803db925b97a70a97ca11be9961",
        "source_file": "training_2001_2025_v1_3.csv",
        "source_id": "9175",
        "lat": 72.664999787865,
        "lon": 121.19500001626707,
        "driver": "Wildfire",
        "confidence": "High",
        "source_event_year": null,
        "event_year": null,
        "total_loss_area_ha": null,
        "dominant_loss_area_ha": null,
        "dominant_year_share": null,
        "sample_status": null,
        "pre_scene_id": null,
        "pre_date": null,
        "post_scene_id": null,
        "post_date": null,
        "pre_local_cloud": null,
        "post_local_cloud": null,
        "manual_validation": null,
        "manual_notes": null,
        "event_mask_metadata": null,
        "local_raster_paths": null
      },
      "geometry": {
        "type": "Point",
        "coordinates": [
          121.19500001626707,
          72.664999787865
        ]
      }
    },
    {
      "type": "Feature",
      "properties": {
        "sample_id": "84e6870a4d510e2a82a688b46de6771081fc638c",
        "source_file": "training_2001_2025_v1_3.csv",
        "source_id": "9219",
        "lat": 55.454999244867935,
        "lon": 115.23499897439808,
        "driver": "Wildfire",
        "confidence": "High",
        "source_event_year": null,
        "event_year": null,
        "total_loss_area_ha": null,
        "dominant_loss_area_ha": null,
        "dominant_year_share": null,
        "sample_status": null,
        "pre_scene_id": null,
        "pre_date": null,
        "post_scene_id": null,
        "post_date": null,
        "pre_local_cloud": null,
        "post_local_cloud": null,
        "manual_validation": null,
        "manual_notes": null,
        "event_mask_metadata": null,
        "local_raster_paths": null
      },
      "geometry": {
        "type": "Point",
        "coordinates": [
          115.23499897439808,
          55.454999244867935
        ]
      }
    },
    {
      "type": "Feature",
      "properties": {
        "sample_id": "e96cf6513b5217ac95aa82e709214e1f936831ad",
        "source_file": "training_2001_2025_v1_3.csv",
        "source_id": "9269",
        "lat": 57.575000773350425,
        "lon": 42.32500017087726,
        "driver": "Wildfire",
        "confidence": "Low",
        "source_event_year": null,
        "event_year": null,
        "total_loss_area_ha": null,
        "dominant_loss_area_ha": null,
        "dominant_year_share": null,
        "sample_status": null,
        "pre_scene_id": null,
        "pre_date": null,
        "post_scene_id": null,
        "post_date": null,
        "pre_local_cloud": null,
        "post_local_cloud": null,
        "manual_validation": null,
        "manual_notes": null,
        "event_mask_metadata": null,
        "local_raster_paths": null
      },
      "geometry": {
        "type": "Point",
        "coordinates": [
          42.32500017087726,
          57.575000773350425
        ]
      }
    },
    {
      "type": "Feature",
      "properties": {
        "sample_id": "545ecb90c87f733afc633e37e72e746fc26f4e6d",
        "source_file": "training_2001_2025_v1_3.csv",
        "source_id": "9271",
        "lat": 56.385000499996735,
        "lon": 101.3449995108073,
        "driver": "Wildfire",
        "confidence": "Medium",
        "source_event_year": null,
        "event_year": null,
        "total_loss_area_ha": null,
        "dominant_loss_area_ha": null,
        "dominant_year_share": null,
        "sample_status": null,
        "pre_scene_id": null,
        "pre_date": null,
        "post_scene_id": null,
        "post_date": null,
        "pre_local_cloud": null,
        "post_local_cloud": null,
        "manual_validation": null,
        "manual_notes": null,
        "event_mask_metadata": null,
        "local_raster_paths": null
      },
      "geometry": {
        "type": "Point",
        "coordinates": [
          101.3449995108073,
          56.385000499996735
        ]
      }
    },
    {
      "type": "Feature",
      "properties": {
        "sample_id": "60b5d59ce398247f3b068c274daecb64922d6dec",
        "source_file": "training_2001_2025_v1_3.csv",
        "source_id": "9277",
        "lat": 59.564999510035534,
        "lon": 84.72500018120489,
        "driver": "Wildfire",
        "confidence": "High",
        "source_event_year": null,
        "event_year": null,
        "total_loss_area_ha": null,
        "dominant_loss_area_ha": null,
        "dominant_year_share": null,
        "sample_status": null,
        "pre_scene_id": null,
        "pre_date": null,
        "post_scene_id": null,
        "post_date": null,
        "pre_local_cloud": null,
        "post_local_cloud": null,
        "manual_validation": null,
        "manual_notes": null,
        "event_mask_metadata": null,
        "local_raster_paths": null
      },
      "geometry": {
        "type": "Point",
        "coordinates": [
          84.72500018120489,
          59.564999510035534
        ]
      }
    },
    {
      "type": "Feature",
      "properties": {
        "sample_id": "61d74428f4e1852b3799ae85aa77a8114c4faf61",
        "source_file": "training_2001_2025_v1_3.csv",
        "source_id": "9278",
        "lat": 58.975000213655946,
        "lon": 82.94500060137356,
        "driver": "Wildfire",
        "confidence": "High",
        "source_event_year": null,
        "event_year": null,
        "total_loss_area_ha": null,
        "dominant_loss_area_ha": null,
        "dominant_year_share": null,
        "sample_status": null,
        "pre_scene_id": null,
        "pre_date": null,
        "post_scene_id": null,
        "post_date": null,
        "pre_local_cloud": null,
        "post_local_cloud": null,
        "manual_validation": null,
        "manual_notes": null,
        "event_mask_metadata": null,
        "local_raster_paths": null
      },
      "geometry": {
        "type": "Point",
        "coordinates": [
          82.94500060137356,
          58.975000213655946
        ]
      }
    },
    {
      "type": "Feature",
      "properties": {
        "sample_id": "82a23a3fa5f7ed1e826963243885b9a14abe56e3",
        "source_file": "training_2001_2025_v1_3.csv",
        "source_id": "9280",
        "lat": 55.19500020117509,
        "lon": 113.10500012520173,
        "driver": "Wildfire",
        "confidence": "Low",
        "source_event_year": null,
        "event_year": null,
        "total_loss_area_ha": null,
        "dominant_loss_area_ha": null,
        "dominant_year_share": null,
        "sample_status": null,
        "pre_scene_id": null,
        "pre_date": null,
        "post_scene_id": null,
        "post_date": null,
        "pre_local_cloud": null,
        "post_local_cloud": null,
        "manual_validation": null,
        "manual_notes": null,
        "event_mask_metadata": null,
        "local_raster_paths": null
      },
      "geometry": {
        "type": "Point",
        "coordinates": [
          113.10500012520173,
          55.19500020117509
        ]
      }
    },
    {
      "type": "Feature",
      "properties": {
        "sample_id": "c350082c6bbed65c52c23a137605ab3c1f8614fd",
        "source_file": "training_2001_2025_v1_3.csv",
        "source_id": "9296",
        "lat": 58.024999853668774,
        "lon": 107.80499957027897,
        "driver": "Wildfire",
        "confidence": "High",
        "source_event_year": null,
        "event_year": null,
        "total_loss_area_ha": null,
        "dominant_loss_area_ha": null,
        "dominant_year_share": null,
        "sample_status": null,
        "pre_scene_id": null,
        "pre_date": null,
        "post_scene_id": null,
        "post_date": null,
        "pre_local_cloud": null,
        "post_local_cloud": null,
        "manual_validation": null,
        "manual_notes": null,
        "event_mask_metadata": null,
        "local_raster_paths": null
      },
      "geometry": {
        "type": "Point",
        "coordinates": [
          107.80499957027897,
          58.024999853668774
        ]
      }
    },
    {
      "type": "Feature",
      "properties": {
        "sample_id": "17856b24aae3701d0d06f245f673c52455840ac2",
        "source_file": "training_2001_2025_v1_3.csv",
        "source_id": "9301",
        "lat": 66.23499854811905,
        "lon": 57.4149994136197,
        "driver": "Wildfire",
        "confidence": "High",
        "source_event_year": null,
        "event_year": null,
        "total_loss_area_ha": null,
        "dominant_loss_area_ha": null,
        "dominant_year_share": null,
        "sample_status": null,
        "pre_scene_id": null,
        "pre_date": null,
        "post_scene_id": null,
        "post_date": null,
        "pre_local_cloud": null,
        "post_local_cloud": null,
        "manual_validation": null,
        "manual_notes": null,
        "event_mask_metadata": null,
        "local_raster_paths": null
      },
      "geometry": {
        "type": "Point",
        "coordinates": [
          57.4149994136197,
          66.23499854811905
        ]
      }
    },
    {
      "type": "Feature",
      "properties": {
        "sample_id": "faba685ae3339c1ae810df127a16013b3fc84185",
        "source_file": "training_2001_2025_v1_3.csv",
        "source_id": "9306",
        "lat": 55.65500108419908,
        "lon": 106.6949999992984,
        "driver": "Wildfire",
        "confidence": "Medium",
        "source_event_year": null,
        "event_year": null,
        "total_loss_area_ha": null,
        "dominant_loss_area_ha": null,
        "dominant_year_share": null,
        "sample_status": null,
        "pre_scene_id": null,
        "pre_date": null,
        "post_scene_id": null,
        "post_date": null,
        "pre_local_cloud": null,
        "post_local_cloud": null,
        "manual_validation": null,
        "manual_notes": null,
        "event_mask_metadata": null,
        "local_raster_paths": null
      },
      "geometry": {
        "type": "Point",
        "coordinates": [
          106.6949999992984,
          55.65500108419908
        ]
      }
    },
    {
      "type": "Feature",
      "properties": {
        "sample_id": "94f66da0c2f9245a64b7472f72b478b96a1d3151",
        "source_file": "training_2001_2025_v1_3.csv",
        "source_id": "9333",
        "lat": 59.02500010238763,
        "lon": 108.06500078792894,
        "driver": "Wildfire",
        "confidence": "High",
        "source_event_year": null,
        "event_year": null,
        "total_loss_area_ha": null,
        "dominant_loss_area_ha": null,
        "dominant_year_share": null,
        "sample_status": null,
        "pre_scene_id": null,
        "pre_date": null,
        "post_scene_id": null,
        "post_date": null,
        "pre_local_cloud": null,
        "post_local_cloud": null,
        "manual_validation": null,
        "manual_notes": null,
        "event_mask_metadata": null,
        "local_raster_paths": null
      },
      "geometry": {
        "type": "Point",
        "coordinates": [
          108.06500078792894,
          59.02500010238763
        ]
      }
    },
    {
      "type": "Feature",
      "properties": {
        "sample_id": "90a320d9e603a12dfdf1c4a0a6873079d8907614",
        "source_file": "training_2001_2025_v1_3.csv",
        "source_id": "9387",
        "lat": 48.98499973009336,
        "lon": 131.10499984728372,
        "driver": "Wildfire",
        "confidence": "Medium",
        "source_event_year": null,
        "event_year": null,
        "total_loss_area_ha": null,
        "dominant_loss_area_ha": null,
        "dominant_year_share": null,
        "sample_status": null,
        "pre_scene_id": null,
        "pre_date": null,
        "post_scene_id": null,
        "post_date": null,
        "pre_local_cloud": null,
        "post_local_cloud": null,
        "manual_validation": null,
        "manual_notes": null,
        "event_mask_metadata": null,
        "local_raster_paths": null
      },
      "geometry": {
        "type": "Point",
        "coordinates": [
          131.10499984728372,
          48.98499973009336
        ]
      }
    },
    {
      "type": "Feature",
      "properties": {
        "sample_id": "1b91eaa03186b1155681328e6ae9d6610c3c38d4",
        "source_file": "training_2001_2025_v1_3.csv",
        "source_id": "9388",
        "lat": 60.01499632041874,
        "lon": 118.83499849651643,
        "driver": "Wildfire",
        "confidence": "High",
        "source_event_year": null,
        "event_year": null,
        "total_loss_area_ha": null,
        "dominant_loss_area_ha": null,
        "dominant_year_share": null,
        "sample_status": null,
        "pre_scene_id": null,
        "pre_date": null,
        "post_scene_id": null,
        "post_date": null,
        "pre_local_cloud": null,
        "post_local_cloud": null,
        "manual_validation": null,
        "manual_notes": null,
        "event_mask_metadata": null,
        "local_raster_paths": null
      },
      "geometry": {
        "type": "Point",
        "coordinates": [
          118.83499849651643,
          60.01499632041874
        ]
      }
    },
    {
      "type": "Feature",
      "properties": {
        "sample_id": "b8dfbe1e4a720ee91d5e69217dfbdf8c63881bf9",
        "source_file": "training_2001_2025_v1_3.csv",
        "source_id": "9393",
        "lat": 51.94500006161051,
        "lon": 114.16499981782574,
        "driver": "Wildfire",
        "confidence": "High",
        "source_event_year": null,
        "event_year": null,
        "total_loss_area_ha": null,
        "dominant_loss_area_ha": null,
        "dominant_year_share": null,
        "sample_status": null,
        "pre_scene_id": null,
        "pre_date": null,
        "post_scene_id": null,
        "post_date": null,
        "pre_local_cloud": null,
        "post_local_cloud": null,
        "manual_validation": null,
        "manual_notes": null,
        "event_mask_metadata": null,
        "local_raster_paths": null
      },
      "geometry": {
        "type": "Point",
        "coordinates": [
          114.16499981782574,
          51.94500006161051
        ]
      }
    },
    {
      "type": "Feature",
      "properties": {
        "sample_id": "9cc2ca1bed0cb919496a67afe3de7d68ba96605f",
        "source_file": "training_2001_2025_v1_3.csv",
        "source_id": "9402",
        "lat": 52.01499901231438,
        "lon": 114.3249968050884,
        "driver": "Wildfire",
        "confidence": "High",
        "source_event_year": null,
        "event_year": null,
        "total_loss_area_ha": null,
        "dominant_loss_area_ha": null,
        "dominant_year_share": null,
        "sample_status": null,
        "pre_scene_id": null,
        "pre_date": null,
        "post_scene_id": null,
        "post_date": null,
        "pre_local_cloud": null,
        "post_local_cloud": null,
        "manual_validation": null,
        "manual_notes": null,
        "event_mask_metadata": null,
        "local_raster_paths": null
      },
      "geometry": {
        "type": "Point",
        "coordinates": [
          114.3249968050884,
          52.01499901231438
        ]
      }
    },
    {
      "type": "Feature",
      "properties": {
        "sample_id": "0ac7b77b4097866dd485facfb46cda3135ab40c2",
        "source_file": "training_2001_2025_v1_3.csv",
        "source_id": "9421",
        "lat": 65.63499976006597,
        "lon": 154.77500072238897,
        "driver": "Wildfire",
        "confidence": "High",
        "source_event_year": null,
        "event_year": null,
        "total_loss_area_ha": null,
        "dominant_loss_area_ha": null,
        "dominant_year_share": null,
        "sample_status": null,
        "pre_scene_id": null,
        "pre_date": null,
        "post_scene_id": null,
        "post_date": null,
        "pre_local_cloud": null,
        "post_local_cloud": null,
        "manual_validation": null,
        "manual_notes": null,
        "event_mask_metadata": null,
        "local_raster_paths": null
      },
      "geometry": {
        "type": "Point",
        "coordinates": [
          154.77500072238897,
          65.63499976006597
        ]
      }
    },
    {
      "type": "Feature",
      "properties": {
        "sample_id": "5e7caea4e0dc731c5c6afc9bc1fe7db953ecbcb3",
        "source_file": "training_2001_2025_v1_3.csv",
        "source_id": "9449",
        "lat": 56.345000126896934,
        "lon": 101.60500077155427,
        "driver": "Wildfire",
        "confidence": "High",
        "source_event_year": null,
        "event_year": null,
        "total_loss_area_ha": null,
        "dominant_loss_area_ha": null,
        "dominant_year_share": null,
        "sample_status": null,
        "pre_scene_id": null,
        "pre_date": null,
        "post_scene_id": null,
        "post_date": null,
        "pre_local_cloud": null,
        "post_local_cloud": null,
        "manual_validation": null,
        "manual_notes": null,
        "event_mask_metadata": null,
        "local_raster_paths": null
      },
      "geometry": {
        "type": "Point",
        "coordinates": [
          101.60500077155427,
          56.345000126896934
        ]
      }
    },
    {
      "type": "Feature",
      "properties": {
        "sample_id": "d3e2c5590bef39a3de00749372edb2084b5e665e",
        "source_file": "training_2001_2025_v1_3.csv",
        "source_id": "9452",
        "lat": 59.30500043784517,
        "lon": 61.25499892778846,
        "driver": "Wildfire",
        "confidence": "Medium",
        "source_event_year": null,
        "event_year": null,
        "total_loss_area_ha": null,
        "dominant_loss_area_ha": null,
        "dominant_year_share": null,
        "sample_status": null,
        "pre_scene_id": null,
        "pre_date": null,
        "post_scene_id": null,
        "post_date": null,
        "pre_local_cloud": null,
        "post_local_cloud": null,
        "manual_validation": null,
        "manual_notes": null,
        "event_mask_metadata": null,
        "local_raster_paths": null
      },
      "geometry": {
        "type": "Point",
        "coordinates": [
          61.25499892778846,
          59.30500043784517
        ]
      }
    },
    {
      "type": "Feature",
      "properties": {
        "sample_id": "baee90ea842d916b18b4b15809e8527f139a94dc",
        "source_file": "training_2001_2025_v1_3.csv",
        "source_id": "9455",
        "lat": 63.84500066804164,
        "lon": 121.45499905111006,
        "driver": "Wildfire",
        "confidence": "High",
        "source_event_year": null,
        "event_year": null,
        "total_loss_area_ha": null,
        "dominant_loss_area_ha": null,
        "dominant_year_share": null,
        "sample_status": null,
        "pre_scene_id": null,
        "pre_date": null,
        "post_scene_id": null,
        "post_date": null,
        "pre_local_cloud": null,
        "post_local_cloud": null,
        "manual_validation": null,
        "manual_notes": null,
        "event_mask_metadata": null,
        "local_raster_paths": null
      },
      "geometry": {
        "type": "Point",
        "coordinates": [
          121.45499905111006,
          63.84500066804164
        ]
      }
    },
    {
      "type": "Feature",
      "properties": {
        "sample_id": "727d8ad9fa7ce829daa7c0961fb0480e6b115eac",
        "source_file": "training_2001_2025_v1_3.csv",
        "source_id": "9459",
        "lat": 64.98500103283186,
        "lon": 43.425000161421785,
        "driver": "Wildfire",
        "confidence": "High",
        "source_event_year": null,
        "event_year": null,
        "total_loss_area_ha": null,
        "dominant_loss_area_ha": null,
        "dominant_year_share": null,
        "sample_status": null,
        "pre_scene_id": null,
        "pre_date": null,
        "post_scene_id": null,
        "post_date": null,
        "pre_local_cloud": null,
        "post_local_cloud": null,
        "manual_validation": null,
        "manual_notes": null,
        "event_mask_metadata": null,
        "local_raster_paths": null
      },
      "geometry": {
        "type": "Point",
        "coordinates": [
          43.425000161421785,
          64.98500103283186
        ]
      }
    },
    {
      "type": "Feature",
      "properties": {
        "sample_id": "675b5c455ff651394f4bf1d08a271c03fbf9789a",
        "source_file": "training_2001_2025_v1_3.csv",
        "source_id": "9463",
        "lat": 63.55499858563431,
        "lon": 128.14499950378436,
        "driver": "Wildfire",
        "confidence": "High",
        "source_event_year": null,
        "event_year": null,
        "total_loss_area_ha": null,
        "dominant_loss_area_ha": null,
        "dominant_year_share": null,
        "sample_status": null,
        "pre_scene_id": null,
        "pre_date": null,
        "post_scene_id": null,
        "post_date": null,
        "pre_local_cloud": null,
        "post_local_cloud": null,
        "manual_validation": null,
        "manual_notes": null,
        "event_mask_metadata": null,
        "local_raster_paths": null
      },
      "geometry": {
        "type": "Point",
        "coordinates": [
          128.14499950378436,
          63.55499858563431
        ]
      }
    },
    {
      "type": "Feature",
      "properties": {
        "sample_id": "64e13c94da84bea039a656c453248412236df524",
        "source_file": "training_2001_2025_v1_3.csv",
        "source_id": "9466",
        "lat": 63.35499897396904,
        "lon": 167.3250001618249,
        "driver": "Wildfire",
        "confidence": "Low",
        "source_event_year": null,
        "event_year": null,
        "total_loss_area_ha": null,
        "dominant_loss_area_ha": null,
        "dominant_year_share": null,
        "sample_status": null,
        "pre_scene_id": null,
        "pre_date": null,
        "post_scene_id": null,
        "post_date": null,
        "pre_local_cloud": null,
        "post_local_cloud": null,
        "manual_validation": null,
        "manual_notes": null,
        "event_mask_metadata": null,
        "local_raster_paths": null
      },
      "geometry": {
        "type": "Point",
        "coordinates": [
          167.3250001618249,
          63.35499897396904
        ]
      }
    },
    {
      "type": "Feature",
      "properties": {
        "sample_id": "53cbcaffd964ddeca814909f4be007d39700364f",
        "source_file": "training_2001_2025_v1_3.csv",
        "source_id": "9469",
        "lat": 62.00499948533377,
        "lon": 33.204999220833564,
        "driver": "Wildfire",
        "confidence": "High",
        "source_event_year": null,
        "event_year": null,
        "total_loss_area_ha": null,
        "dominant_loss_area_ha": null,
        "dominant_year_share": null,
        "sample_status": null,
        "pre_scene_id": null,
        "pre_date": null,
        "post_scene_id": null,
        "post_date": null,
        "pre_local_cloud": null,
        "post_local_cloud": null,
        "manual_validation": null,
        "manual_notes": null,
        "event_mask_metadata": null,
        "local_raster_paths": null
      },
      "geometry": {
        "type": "Point",
        "coordinates": [
          33.204999220833564,
          62.00499948533377
        ]
      }
    },
    {
      "type": "Feature",
      "properties": {
        "sample_id": "0fdcb48e2238940ac88213a3e9e4b61407a9ab76",
        "source_file": "training_2001_2025_v1_3.csv",
        "source_id": "9472",
        "lat": 61.45500055443571,
        "lon": 82.6150004085913,
        "driver": "Wildfire",
        "confidence": "High",
        "source_event_year": null,
        "event_year": null,
        "total_loss_area_ha": null,
        "dominant_loss_area_ha": null,
        "dominant_year_share": null,
        "sample_status": null,
        "pre_scene_id": null,
        "pre_date": null,
        "post_scene_id": null,
        "post_date": null,
        "pre_local_cloud": null,
        "post_local_cloud": null,
        "manual_validation": null,
        "manual_notes": null,
        "event_mask_metadata": null,
        "local_raster_paths": null
      },
      "geometry": {
        "type": "Point",
        "coordinates": [
          82.6150004085913,
          61.45500055443571
        ]
      }
    },
    {
      "type": "Feature",
      "properties": {
        "sample_id": "1b911cb09002e1f5955474e7e34349e66c28df8a",
        "source_file": "training_2001_2025_v1_3.csv",
        "source_id": "9486",
        "lat": 59.00499881571561,
        "lon": 44.54499931341574,
        "driver": "Wildfire",
        "confidence": "High",
        "source_event_year": null,
        "event_year": null,
        "total_loss_area_ha": null,
        "dominant_loss_area_ha": null,
        "dominant_year_share": null,
        "sample_status": null,
        "pre_scene_id": null,
        "pre_date": null,
        "post_scene_id": null,
        "post_date": null,
        "pre_local_cloud": null,
        "post_local_cloud": null,
        "manual_validation": null,
        "manual_notes": null,
        "event_mask_metadata": null,
        "local_raster_paths": null
      },
      "geometry": {
        "type": "Point",
        "coordinates": [
          44.54499931341574,
          59.00499881571561
        ]
      }
    },
    {
      "type": "Feature",
      "properties": {
        "sample_id": "daa0c22f9153d72df06efd717a18175a2f013de0",
        "source_file": "training_2001_2025_v1_3.csv",
        "source_id": "9492",
        "lat": 57.92500005750664,
        "lon": 96.97500023831644,
        "driver": "Wildfire",
        "confidence": "High",
        "source_event_year": null,
        "event_year": null,
        "total_loss_area_ha": null,
        "dominant_loss_area_ha": null,
        "dominant_year_share": null,
        "sample_status": null,
        "pre_scene_id": null,
        "pre_date": null,
        "post_scene_id": null,
        "post_date": null,
        "pre_local_cloud": null,
        "post_local_cloud": null,
        "manual_validation": null,
        "manual_notes": null,
        "event_mask_metadata": null,
        "local_raster_paths": null
      },
      "geometry": {
        "type": "Point",
        "coordinates": [
          96.97500023831644,
          57.92500005750664
        ]
      }
    },
    {
      "type": "Feature",
      "properties": {
        "sample_id": "ca6b1f930451bf92395cdb315783ac8f07721567",
        "source_file": "training_2001_2025_v1_3.csv",
        "source_id": "9494",
        "lat": 58.02499987671696,
        "lon": 109.88500073712332,
        "driver": "Wildfire",
        "confidence": "High",
        "source_event_year": null,
        "event_year": null,
        "total_loss_area_ha": null,
        "dominant_loss_area_ha": null,
        "dominant_year_share": null,
        "sample_status": null,
        "pre_scene_id": null,
        "pre_date": null,
        "post_scene_id": null,
        "post_date": null,
        "pre_local_cloud": null,
        "post_local_cloud": null,
        "manual_validation": null,
        "manual_notes": null,
        "event_mask_metadata": null,
        "local_raster_paths": null
      },
      "geometry": {
        "type": "Point",
        "coordinates": [
          109.88500073712332,
          58.02499987671696
        ]
      }
    },
    {
      "type": "Feature",
      "properties": {
        "sample_id": "ee42a9afcb1d8a70396eb3aa8e49d83f7fe81175",
        "source_file": "training_2001_2025_v1_3.csv",
        "source_id": "9499",
        "lat": 56.395000034645214,
        "lon": 47.784999939293904,
        "driver": "Wildfire",
        "confidence": "High",
        "source_event_year": null,
        "event_year": null,
        "total_loss_area_ha": null,
        "dominant_loss_area_ha": null,
        "dominant_year_share": null,
        "sample_status": null,
        "pre_scene_id": null,
        "pre_date": null,
        "post_scene_id": null,
        "post_date": null,
        "pre_local_cloud": null,
        "post_local_cloud": null,
        "manual_validation": null,
        "manual_notes": null,
        "event_mask_metadata": null,
        "local_raster_paths": null
      },
      "geometry": {
        "type": "Point",
        "coordinates": [
          47.784999939293904,
          56.395000034645214
        ]
      }
    },
    {
      "type": "Feature",
      "properties": {
        "sample_id": "f67de16042ff86a562918b05ad374f1ccfca6a98",
        "source_file": "training_2001_2025_v1_3.csv",
        "source_id": "9502",
        "lat": 56.424996415231625,
        "lon": 115.05500066330448,
        "driver": "Wildfire",
        "confidence": "High",
        "source_event_year": null,
        "event_year": null,
        "total_loss_area_ha": null,
        "dominant_loss_area_ha": null,
        "dominant_year_share": null,
        "sample_status": null,
        "pre_scene_id": null,
        "pre_date": null,
        "post_scene_id": null,
        "post_date": null,
        "pre_local_cloud": null,
        "post_local_cloud": null,
        "manual_validation": null,
        "manual_notes": null,
        "event_mask_metadata": null,
        "local_raster_paths": null
      },
      "geometry": {
        "type": "Point",
        "coordinates": [
          115.05500066330448,
          56.424996415231625
        ]
      }
    },
    {
      "type": "Feature",
      "properties": {
        "sample_id": "cc4ff81b5a740db19eead2bd69b9a50f67615b48",
        "source_file": "training_2001_2025_v1_3.csv",
        "source_id": "9504",
        "lat": 53.964999556383106,
        "lon": 82.49499930163373,
        "driver": "Wildfire",
        "confidence": "Medium",
        "source_event_year": null,
        "event_year": null,
        "total_loss_area_ha": null,
        "dominant_loss_area_ha": null,
        "dominant_year_share": null,
        "sample_status": null,
        "pre_scene_id": null,
        "pre_date": null,
        "post_scene_id": null,
        "post_date": null,
        "pre_local_cloud": null,
        "post_local_cloud": null,
        "manual_validation": null,
        "manual_notes": null,
        "event_mask_metadata": null,
        "local_raster_paths": null
      },
      "geometry": {
        "type": "Point",
        "coordinates": [
          82.49499930163373,
          53.964999556383106
        ]
      }
    },
    {
      "type": "Feature",
      "properties": {
        "sample_id": "69767c9ec27f8328bd592ff3c84cb0f7ed6fa8b3",
        "source_file": "training_2001_2025_v1_3.csv",
        "source_id": "9507",
        "lat": 51.17500025238541,
        "lon": 95.93499963856756,
        "driver": "Wildfire",
        "confidence": "Medium",
        "source_event_year": null,
        "event_year": null,
        "total_loss_area_ha": null,
        "dominant_loss_area_ha": null,
        "dominant_year_share": null,
        "sample_status": null,
        "pre_scene_id": null,
        "pre_date": null,
        "post_scene_id": null,
        "post_date": null,
        "pre_local_cloud": null,
        "post_local_cloud": null,
        "manual_validation": null,
        "manual_notes": null,
        "event_mask_metadata": null,
        "local_raster_paths": null
      },
      "geometry": {
        "type": "Point",
        "coordinates": [
          95.93499963856756,
          51.17500025238541
        ]
      }
    },
    {
      "type": "Feature",
      "properties": {
        "sample_id": "968fe9f3459032e2db89e38c60e3d5141a3eed21",
        "source_file": "training_2001_2025_v1_3.csv",
        "source_id": "9508",
        "lat": 51.21500060124489,
        "lon": 136.5050002079013,
        "driver": "Wildfire",
        "confidence": "Medium",
        "source_event_year": null,
        "event_year": null,
        "total_loss_area_ha": null,
        "dominant_loss_area_ha": null,
        "dominant_year_share": null,
        "sample_status": null,
        "pre_scene_id": null,
        "pre_date": null,
        "post_scene_id": null,
        "post_date": null,
        "pre_local_cloud": null,
        "post_local_cloud": null,
        "manual_validation": null,
        "manual_notes": null,
        "event_mask_metadata": null,
        "local_raster_paths": null
      },
      "geometry": {
        "type": "Point",
        "coordinates": [
          136.5050002079013,
          51.21500060124489
        ]
      }
    },
    {
      "type": "Feature",
      "properties": {
        "sample_id": "166257451000353bd8a5cba5cfc41be8822659af",
        "source_file": "validation_2001_2022.geojson",
        "source_id": "3316",
        "lat": 48.41499952996016,
        "lon": 39.72500091549647,
        "driver": "Wildfire",
        "confidence": "Low",
        "source_event_year": null,
        "event_year": null,
        "total_loss_area_ha": null,
        "dominant_loss_area_ha": null,
        "dominant_year_share": null,
        "sample_status": null,
        "pre_scene_id": null,
        "pre_date": null,
        "post_scene_id": null,
        "post_date": null,
        "pre_local_cloud": null,
        "post_local_cloud": null,
        "manual_validation": null,
        "manual_notes": null,
        "event_mask_metadata": null,
        "local_raster_paths": null
      },
      "geometry": {
        "type": "Point",
        "coordinates": [
          39.72500091549647,
          48.41499952996016
        ]
      }
    },
    {
      "type": "Feature",
      "properties": {
        "sample_id": "a3045d9d05b27255bb11424dd736a0d1627c789f",
        "source_file": "validation_2001_2022.geojson",
        "source_id": "3334",
        "lat": 69.77499851774516,
        "lon": 30.345000913096165,
        "driver": "Wildfire",
        "confidence": "Low",
        "source_event_year": null,
        "event_year": null,
        "total_loss_area_ha": null,
        "dominant_loss_area_ha": null,
        "dominant_year_share": null,
        "sample_status": null,
        "pre_scene_id": null,
        "pre_date": null,
        "post_scene_id": null,
        "post_date": null,
        "pre_local_cloud": null,
        "post_local_cloud": null,
        "manual_validation": null,
        "manual_notes": null,
        "event_mask_metadata": null,
        "local_raster_paths": null
      },
      "geometry": {
        "type": "Point",
        "coordinates": [
          30.345000913096165,
          69.77499851774516
        ]
      }
    },
    {
      "type": "Feature",
      "properties": {
        "sample_id": "1969ee58132ce91dbf5c455f6140e1c84b0ee0cf",
        "source_file": "validation_2001_2022.geojson",
        "source_id": "8007",
        "lat": 65.2049997131515,
        "lon": 154.66499912133713,
        "driver": "Wildfire",
        "confidence": "High",
        "source_event_year": null,
        "event_year": null,
        "total_loss_area_ha": null,
        "dominant_loss_area_ha": null,
        "dominant_year_share": null,
        "sample_status": null,
        "pre_scene_id": null,
        "pre_date": null,
        "post_scene_id": null,
        "post_date": null,
        "pre_local_cloud": null,
        "post_local_cloud": null,
        "manual_validation": null,
        "manual_notes": null,
        "event_mask_metadata": null,
        "local_raster_paths": null
      },
      "geometry": {
        "type": "Point",
        "coordinates": [
          154.66499912133713,
          65.2049997131515
        ]
      }
    },
    {
      "type": "Feature",
      "properties": {
        "sample_id": "e86914906ff41084885a3e3e03e3462846214d06",
        "source_file": "validation_2001_2022.geojson",
        "source_id": "8008",
        "lat": 64.40499909667388,
        "lon": 124.46499925930044,
        "driver": "Wildfire",
        "confidence": "High",
        "source_event_year": null,
        "event_year": null,
        "total_loss_area_ha": null,
        "dominant_loss_area_ha": null,
        "dominant_year_share": null,
        "sample_status": null,
        "pre_scene_id": null,
        "pre_date": null,
        "post_scene_id": null,
        "post_date": null,
        "pre_local_cloud": null,
        "post_local_cloud": null,
        "manual_validation": null,
        "manual_notes": null,
        "event_mask_metadata": null,
        "local_raster_paths": null
      },
      "geometry": {
        "type": "Point",
        "coordinates": [
          124.46499925930044,
          64.40499909667388
        ]
      }
    },
    {
      "type": "Feature",
      "properties": {
        "sample_id": "b83ba63282a2834b73e79f614dcc123802c47b7b",
        "source_file": "validation_2001_2022.geojson",
        "source_id": "8009",
        "lat": 54.79500103560796,
        "lon": 106.79499979222318,
        "driver": "Wildfire",
        "confidence": "High",
        "source_event_year": null,
        "event_year": null,
        "total_loss_area_ha": null,
        "dominant_loss_area_ha": null,
        "dominant_year_share": null,
        "sample_status": null,
        "pre_scene_id": null,
        "pre_date": null,
        "post_scene_id": null,
        "post_date": null,
        "pre_local_cloud": null,
        "post_local_cloud": null,
        "manual_validation": null,
        "manual_notes": null,
        "event_mask_metadata": null,
        "local_raster_paths": null
      },
      "geometry": {
        "type": "Point",
        "coordinates": [
          106.79499979222318,
          54.79500103560796
        ]
      }
    },
    {
      "type": "Feature",
      "properties": {
        "sample_id": "10951fafbd08cea3c1444b99d56da5f2eafbf8b4",
        "source_file": "validation_2001_2022.geojson",
        "source_id": "8057",
        "lat": 55.41499887674028,
        "lon": 80.4249998521793,
        "driver": "Wildfire",
        "confidence": "High",
        "source_event_year": null,
        "event_year": null,
        "total_loss_area_ha": null,
        "dominant_loss_area_ha": null,
        "dominant_year_share": null,
        "sample_status": null,
        "pre_scene_id": null,
        "pre_date": null,
        "post_scene_id": null,
        "post_date": null,
        "pre_local_cloud": null,
        "post_local_cloud": null,
        "manual_validation": null,
        "manual_notes": null,
        "event_mask_metadata": null,
        "local_raster_paths": null
      },
      "geometry": {
        "type": "Point",
        "coordinates": [
          80.4249998521793,
          55.41499887674028
        ]
      }
    },
    {
      "type": "Feature",
      "properties": {
        "sample_id": "350c57cf10c85afd0a9392e2ed6d662a3c4534f7",
        "source_file": "validation_2001_2022.geojson",
        "source_id": "8058",
        "lat": 53.38499982169008,
        "lon": 92.68499943457948,
        "driver": "Wildfire",
        "confidence": "Medium",
        "source_event_year": null,
        "event_year": null,
        "total_loss_area_ha": null,
        "dominant_loss_area_ha": null,
        "dominant_year_share": null,
        "sample_status": null,
        "pre_scene_id": null,
        "pre_date": null,
        "post_scene_id": null,
        "post_date": null,
        "pre_local_cloud": null,
        "post_local_cloud": null,
        "manual_validation": null,
        "manual_notes": null,
        "event_mask_metadata": null,
        "local_raster_paths": null
      },
      "geometry": {
        "type": "Point",
        "coordinates": [
          92.68499943457948,
          53.38499982169008
        ]
      }
    },
    {
      "type": "Feature",
      "properties": {
        "sample_id": "7b71d5bb059ce69962252cfa1fff48ab611cc5d7",
        "source_file": "validation_2001_2022.geojson",
        "source_id": "8067",
        "lat": 61.19499929332719,
        "lon": 149.7950008405902,
        "driver": "Wildfire",
        "confidence": "High",
        "source_event_year": null,
        "event_year": null,
        "total_loss_area_ha": null,
        "dominant_loss_area_ha": null,
        "dominant_year_share": null,
        "sample_status": null,
        "pre_scene_id": null,
        "pre_date": null,
        "post_scene_id": null,
        "post_date": null,
        "pre_local_cloud": null,
        "post_local_cloud": null,
        "manual_validation": null,
        "manual_notes": null,
        "event_mask_metadata": null,
        "local_raster_paths": null
      },
      "geometry": {
        "type": "Point",
        "coordinates": [
          149.7950008405902,
          61.19499929332719
        ]
      }
    },
    {
      "type": "Feature",
      "properties": {
        "sample_id": "2a220f69ec00de2c5afba84107c23c806b46fab3",
        "source_file": "validation_2001_2022.geojson",
        "source_id": "8069",
        "lat": 51.585001230601165,
        "lon": 39.26500005025965,
        "driver": "Wildfire",
        "confidence": "High",
        "source_event_year": null,
        "event_year": null,
        "total_loss_area_ha": null,
        "dominant_loss_area_ha": null,
        "dominant_year_share": null,
        "sample_status": null,
        "pre_scene_id": null,
        "pre_date": null,
        "post_scene_id": null,
        "post_date": null,
        "pre_local_cloud": null,
        "post_local_cloud": null,
        "manual_validation": null,
        "manual_notes": null,
        "event_mask_metadata": null,
        "local_raster_paths": null
      },
      "geometry": {
        "type": "Point",
        "coordinates": [
          39.26500005025965,
          51.585001230601165
        ]
      }
    },
    {
      "type": "Feature",
      "properties": {
        "sample_id": "5fcfb4dbfaaa040d199fcb4a4c86f632c1696a28",
        "source_file": "validation_2001_2022.geojson",
        "source_id": "8081",
        "lat": 59.274999618552464,
        "lon": 154.94499943298308,
        "driver": "Wildfire",
        "confidence": "Low",
        "source_event_year": null,
        "event_year": null,
        "total_loss_area_ha": null,
        "dominant_loss_area_ha": null,
        "dominant_year_share": null,
        "sample_status": null,
        "pre_scene_id": null,
        "pre_date": null,
        "post_scene_id": null,
        "post_date": null,
        "pre_local_cloud": null,
        "post_local_cloud": null,
        "manual_validation": null,
        "manual_notes": null,
        "event_mask_metadata": null,
        "local_raster_paths": null
      },
      "geometry": {
        "type": "Point",
        "coordinates": [
          154.94499943298308,
          59.274999618552464
        ]
      }
    },
    {
      "type": "Feature",
      "properties": {
        "sample_id": "80b8810437161aaec71b62e254ec7b61a2be17c3",
        "source_file": "validation_2001_2022.geojson",
        "source_id": "8171",
        "lat": 64.37500050135195,
        "lon": 100.55500068357922,
        "driver": "Wildfire",
        "confidence": "Low",
        "source_event_year": null,
        "event_year": null,
        "total_loss_area_ha": null,
        "dominant_loss_area_ha": null,
        "dominant_year_share": null,
        "sample_status": null,
        "pre_scene_id": null,
        "pre_date": null,
        "post_scene_id": null,
        "post_date": null,
        "pre_local_cloud": null,
        "post_local_cloud": null,
        "manual_validation": null,
        "manual_notes": null,
        "event_mask_metadata": null,
        "local_raster_paths": null
      },
      "geometry": {
        "type": "Point",
        "coordinates": [
          100.55500068357922,
          64.37500050135195
        ]
      }
    },
    {
      "type": "Feature",
      "properties": {
        "sample_id": "1694a5dd58135904b2d7d73e1ba4098b4c399f2c",
        "source_file": "validation_2001_2022.geojson",
        "source_id": "8203",
        "lat": 57.694999634009385,
        "lon": 117.57499920823858,
        "driver": "Wildfire",
        "confidence": "Medium",
        "source_event_year": null,
        "event_year": null,
        "total_loss_area_ha": null,
        "dominant_loss_area_ha": null,
        "dominant_year_share": null,
        "sample_status": null,
        "pre_scene_id": null,
        "pre_date": null,
        "post_scene_id": null,
        "post_date": null,
        "pre_local_cloud": null,
        "post_local_cloud": null,
        "manual_validation": null,
        "manual_notes": null,
        "event_mask_metadata": null,
        "local_raster_paths": null
      },
      "geometry": {
        "type": "Point",
        "coordinates": [
          117.57499920823858,
          57.694999634009385
        ]
      }
    },
    {
      "type": "Feature",
      "properties": {
        "sample_id": "ca6c7c68471e094ab1bc30ff1519445f771e8690",
        "source_file": "validation_2001_2022.geojson",
        "source_id": "8231",
        "lat": 54.96499978386362,
        "lon": 96.82500051280986,
        "driver": "Wildfire",
        "confidence": "Medium",
        "source_event_year": null,
        "event_year": null,
        "total_loss_area_ha": null,
        "dominant_loss_area_ha": null,
        "dominant_year_share": null,
        "sample_status": null,
        "pre_scene_id": null,
        "pre_date": null,
        "post_scene_id": null,
        "post_date": null,
        "pre_local_cloud": null,
        "post_local_cloud": null,
        "manual_validation": null,
        "manual_notes": null,
        "event_mask_metadata": null,
        "local_raster_paths": null
      },
      "geometry": {
        "type": "Point",
        "coordinates": [
          96.82500051280986,
          54.96499978386362
        ]
      }
    },
    {
      "type": "Feature",
      "properties": {
        "sample_id": "281004bd73fcbbeeb8edc3686f19c1f44ffd9d89",
        "source_file": "validation_2001_2022.geojson",
        "source_id": "8254",
        "lat": 51.515000005178734,
        "lon": 118.37499984752908,
        "driver": "Wildfire",
        "confidence": "High",
        "source_event_year": null,
        "event_year": null,
        "total_loss_area_ha": null,
        "dominant_loss_area_ha": null,
        "dominant_year_share": null,
        "sample_status": null,
        "pre_scene_id": null,
        "pre_date": null,
        "post_scene_id": null,
        "post_date": null,
        "pre_local_cloud": null,
        "post_local_cloud": null,
        "manual_validation": null,
        "manual_notes": null,
        "event_mask_metadata": null,
        "local_raster_paths": null
      },
      "geometry": {
        "type": "Point",
        "coordinates": [
          118.37499984752908,
          51.515000005178734
        ]
      }
    },
    {
      "type": "Feature",
      "properties": {
        "sample_id": "35ae16037ea16e1483828b93f264e84a8e3cf322",
        "source_file": "validation_2001_2022.geojson",
        "source_id": "8263",
        "lat": 54.06499936626074,
        "lon": 116.33500128785349,
        "driver": "Wildfire",
        "confidence": "Medium",
        "source_event_year": null,
        "event_year": null,
        "total_loss_area_ha": null,
        "dominant_loss_area_ha": null,
        "dominant_year_share": null,
        "sample_status": null,
        "pre_scene_id": null,
        "pre_date": null,
        "post_scene_id": null,
        "post_date": null,
        "pre_local_cloud": null,
        "post_local_cloud": null,
        "manual_validation": null,
        "manual_notes": null,
        "event_mask_metadata": null,
        "local_raster_paths": null
      },
      "geometry": {
        "type": "Point",
        "coordinates": [
          116.33500128785349,
          54.06499936626074
        ]
      }
    },
    {
      "type": "Feature",
      "properties": {
        "sample_id": "16925e0d746be5b6a186f9c5e177d2efd10d9b69",
        "source_file": "validation_2001_2022.geojson",
        "source_id": "8300",
        "lat": 51.66499972162169,
        "lon": 96.4749990024237,
        "driver": "Wildfire",
        "confidence": "High",
        "source_event_year": null,
        "event_year": null,
        "total_loss_area_ha": null,
        "dominant_loss_area_ha": null,
        "dominant_year_share": null,
        "sample_status": null,
        "pre_scene_id": null,
        "pre_date": null,
        "post_scene_id": null,
        "post_date": null,
        "pre_local_cloud": null,
        "post_local_cloud": null,
        "manual_validation": null,
        "manual_notes": null,
        "event_mask_metadata": null,
        "local_raster_paths": null
      },
      "geometry": {
        "type": "Point",
        "coordinates": [
          96.4749990024237,
          51.66499972162169
        ]
      }
    },
    {
      "type": "Feature",
      "properties": {
        "sample_id": "095e32c42cff6cf124e6cc4b54c6a3d44cbb78b2",
        "source_file": "validation_2001_2022.geojson",
        "source_id": "8301",
        "lat": 55.955000476590165,
        "lon": 91.25499919812466,
        "driver": "Wildfire",
        "confidence": "Low",
        "source_event_year": null,
        "event_year": null,
        "total_loss_area_ha": null,
        "dominant_loss_area_ha": null,
        "dominant_year_share": null,
        "sample_status": null,
        "pre_scene_id": null,
        "pre_date": null,
        "post_scene_id": null,
        "post_date": null,
        "pre_local_cloud": null,
        "post_local_cloud": null,
        "manual_validation": null,
        "manual_notes": null,
        "event_mask_metadata": null,
        "local_raster_paths": null
      },
      "geometry": {
        "type": "Point",
        "coordinates": [
          91.25499919812466,
          55.955000476590165
        ]
      }
    },
    {
      "type": "Feature",
      "properties": {
        "sample_id": "0178d35cd2b8b9c094f7918ae6b9f9824d321817",
        "source_file": "validation_2001_2022.geojson",
        "source_id": "8302",
        "lat": 62.48499937171525,
        "lon": 124.58500034779092,
        "driver": "Wildfire",
        "confidence": "High",
        "source_event_year": null,
        "event_year": null,
        "total_loss_area_ha": null,
        "dominant_loss_area_ha": null,
        "dominant_year_share": null,
        "sample_status": null,
        "pre_scene_id": null,
        "pre_date": null,
        "post_scene_id": null,
        "post_date": null,
        "pre_local_cloud": null,
        "post_local_cloud": null,
        "manual_validation": null,
        "manual_notes": null,
        "event_mask_metadata": null,
        "local_raster_paths": null
      },
      "geometry": {
        "type": "Point",
        "coordinates": [
          124.58500034779092,
          62.48499937171525
        ]
      }
    },
    {
      "type": "Feature",
      "properties": {
        "sample_id": "b21c58505ddd9c4be501eba6a48d68d83529a7ec",
        "source_file": "validation_2001_2022.geojson",
        "source_id": "8303",
        "lat": 66.90500074734733,
        "lon": 151.425000681619,
        "driver": "Wildfire",
        "confidence": "High",
        "source_event_year": null,
        "event_year": null,
        "total_loss_area_ha": null,
        "dominant_loss_area_ha": null,
        "dominant_year_share": null,
        "sample_status": null,
        "pre_scene_id": null,
        "pre_date": null,
        "post_scene_id": null,
        "post_date": null,
        "pre_local_cloud": null,
        "post_local_cloud": null,
        "manual_validation": null,
        "manual_notes": null,
        "event_mask_metadata": null,
        "local_raster_paths": null
      },
      "geometry": {
        "type": "Point",
        "coordinates": [
          151.425000681619,
          66.90500074734733
        ]
      }
    },
    {
      "type": "Feature",
      "properties": {
        "sample_id": "c65ffd22c05a6cbccf6ee5d1863b1b3b0919cfc5",
        "source_file": "validation_2001_2022.geojson",
        "source_id": "8304",
        "lat": 66.89499900229661,
        "lon": 132.83499955011288,
        "driver": "Wildfire",
        "confidence": "High",
        "source_event_year": null,
        "event_year": null,
        "total_loss_area_ha": null,
        "dominant_loss_area_ha": null,
        "dominant_year_share": null,
        "sample_status": null,
        "pre_scene_id": null,
        "pre_date": null,
        "post_scene_id": null,
        "post_date": null,
        "pre_local_cloud": null,
        "post_local_cloud": null,
        "manual_validation": null,
        "manual_notes": null,
        "event_mask_metadata": null,
        "local_raster_paths": null
      },
      "geometry": {
        "type": "Point",
        "coordinates": [
          132.83499955011288,
          66.89499900229661
        ]
      }
    },
    {
      "type": "Feature",
      "properties": {
        "sample_id": "e56248528ada8b78bbc71e4fb230669f643997a7",
        "source_file": "validation_2001_2022.geojson",
        "source_id": "8305",
        "lat": 66.61499866736393,
        "lon": 166.15499890708537,
        "driver": "Wildfire",
        "confidence": "Low",
        "source_event_year": null,
        "event_year": null,
        "total_loss_area_ha": null,
        "dominant_loss_area_ha": null,
        "dominant_year_share": null,
        "sample_status": null,
        "pre_scene_id": null,
        "pre_date": null,
        "post_scene_id": null,
        "post_date": null,
        "pre_local_cloud": null,
        "post_local_cloud": null,
        "manual_validation": null,
        "manual_notes": null,
        "event_mask_metadata": null,
        "local_raster_paths": null
      },
      "geometry": {
        "type": "Point",
        "coordinates": [
          166.15499890708537,
          66.61499866736393
        ]
      }
    },
    {
      "type": "Feature",
      "properties": {
        "sample_id": "aa6f0748e35ac4b55a04673fde0d133befa1d96e",
        "source_file": "validation_2001_2022.geojson",
        "source_id": "8306",
        "lat": 64.71500025384086,
        "lon": 147.65500014970107,
        "driver": "Wildfire",
        "confidence": "High",
        "source_event_year": null,
        "event_year": null,
        "total_loss_area_ha": null,
        "dominant_loss_area_ha": null,
        "dominant_year_share": null,
        "sample_status": null,
        "pre_scene_id": null,
        "pre_date": null,
        "post_scene_id": null,
        "post_date": null,
        "pre_local_cloud": null,
        "post_local_cloud": null,
        "manual_validation": null,
        "manual_notes": null,
        "event_mask_metadata": null,
        "local_raster_paths": null
      },
      "geometry": {
        "type": "Point",
        "coordinates": [
          147.65500014970107,
          64.71500025384086
        ]
      }
    },
    {
      "type": "Feature",
      "properties": {
        "sample_id": "9f55cfd0f9b6cbcebd059e4e9ad7696844c0c2ad",
        "source_file": "validation_2001_2022.geojson",
        "source_id": "8307",
        "lat": 62.14499960821639,
        "lon": 69.31500024132946,
        "driver": "Wildfire",
        "confidence": "High",
        "source_event_year": null,
        "event_year": null,
        "total_loss_area_ha": null,
        "dominant_loss_area_ha": null,
        "dominant_year_share": null,
        "sample_status": null,
        "pre_scene_id": null,
        "pre_date": null,
        "post_scene_id": null,
        "post_date": null,
        "pre_local_cloud": null,
        "post_local_cloud": null,
        "manual_validation": null,
        "manual_notes": null,
        "event_mask_metadata": null,
        "local_raster_paths": null
      },
      "geometry": {
        "type": "Point",
        "coordinates": [
          69.31500024132946,
          62.14499960821639
        ]
      }
    },
    {
      "type": "Feature",
      "properties": {
        "sample_id": "4eeb128a300a0f9c164b23105c8ad78a81f5ed35",
        "source_file": "validation_2001_2022.geojson",
        "source_id": "8308",
        "lat": 65.05500002001783,
        "lon": 117.95499935780744,
        "driver": "Wildfire",
        "confidence": "High",
        "source_event_year": null,
        "event_year": null,
        "total_loss_area_ha": null,
        "dominant_loss_area_ha": null,
        "dominant_year_share": null,
        "sample_status": null,
        "pre_scene_id": null,
        "pre_date": null,
        "post_scene_id": null,
        "post_date": null,
        "pre_local_cloud": null,
        "post_local_cloud": null,
        "manual_validation": null,
        "manual_notes": null,
        "event_mask_metadata": null,
        "local_raster_paths": null
      },
      "geometry": {
        "type": "Point",
        "coordinates": [
          117.95499935780744,
          65.05500002001783
        ]
      }
    },
    {
      "type": "Feature",
      "properties": {
        "sample_id": "327bacf794451978041dad1212a5531dd13168db",
        "source_file": "validation_2001_2022.geojson",
        "source_id": "8309",
        "lat": 61.90499965963366,
        "lon": 151.2649992182863,
        "driver": "Wildfire",
        "confidence": "High",
        "source_event_year": null,
        "event_year": null,
        "total_loss_area_ha": null,
        "dominant_loss_area_ha": null,
        "dominant_year_share": null,
        "sample_status": null,
        "pre_scene_id": null,
        "pre_date": null,
        "post_scene_id": null,
        "post_date": null,
        "pre_local_cloud": null,
        "post_local_cloud": null,
        "manual_validation": null,
        "manual_notes": null,
        "event_mask_metadata": null,
        "local_raster_paths": null
      },
      "geometry": {
        "type": "Point",
        "coordinates": [
          151.2649992182863,
          61.90499965963366
        ]
      }
    },
    {
      "type": "Feature",
      "properties": {
        "sample_id": "a4b0aaf2e7c871dd9ce455a28f48bb3b5c366417",
        "source_file": "validation_2001_2022.geojson",
        "source_id": "8310",
        "lat": 63.565000342588576,
        "lon": 142.12499922365933,
        "driver": "Wildfire",
        "confidence": "High",
        "source_event_year": null,
        "event_year": null,
        "total_loss_area_ha": null,
        "dominant_loss_area_ha": null,
        "dominant_year_share": null,
        "sample_status": null,
        "pre_scene_id": null,
        "pre_date": null,
        "post_scene_id": null,
        "post_date": null,
        "pre_local_cloud": null,
        "post_local_cloud": null,
        "manual_validation": null,
        "manual_notes": null,
        "event_mask_metadata": null,
        "local_raster_paths": null
      },
      "geometry": {
        "type": "Point",
        "coordinates": [
          142.12499922365933,
          63.565000342588576
        ]
      }
    },
    {
      "type": "Feature",
      "properties": {
        "sample_id": "ef8fed158a7ec5f10b255976d9edfabb4063cd55",
        "source_file": "validation_2001_2022.geojson",
        "source_id": "8311",
        "lat": 58.92500032130565,
        "lon": 84.80500093632216,
        "driver": "Wildfire",
        "confidence": "High",
        "source_event_year": null,
        "event_year": null,
        "total_loss_area_ha": null,
        "dominant_loss_area_ha": null,
        "dominant_year_share": null,
        "sample_status": null,
        "pre_scene_id": null,
        "pre_date": null,
        "post_scene_id": null,
        "post_date": null,
        "pre_local_cloud": null,
        "post_local_cloud": null,
        "manual_validation": null,
        "manual_notes": null,
        "event_mask_metadata": null,
        "local_raster_paths": null
      },
      "geometry": {
        "type": "Point",
        "coordinates": [
          84.80500093632216,
          58.92500032130565
        ]
      }
    },
    {
      "type": "Feature",
      "properties": {
        "sample_id": "36cd7d11d87ebd4e2203669bec7ccbda77ee5a8b",
        "source_file": "validation_2001_2022.geojson",
        "source_id": "8312",
        "lat": 65.16499935579293,
        "lon": 118.1650007156331,
        "driver": "Wildfire",
        "confidence": "High",
        "source_event_year": null,
        "event_year": null,
        "total_loss_area_ha": null,
        "dominant_loss_area_ha": null,
        "dominant_year_share": null,
        "sample_status": null,
        "pre_scene_id": null,
        "pre_date": null,
        "post_scene_id": null,
        "post_date": null,
        "pre_local_cloud": null,
        "post_local_cloud": null,
        "manual_validation": null,
        "manual_notes": null,
        "event_mask_metadata": null,
        "local_raster_paths": null
      },
      "geometry": {
        "type": "Point",
        "coordinates": [
          118.1650007156331,
          65.16499935579293
        ]
      }
    },
    {
      "type": "Feature",
      "properties": {
        "sample_id": "d488cd03e08958174c3e390d6662e662da7e715f",
        "source_file": "validation_2001_2022.geojson",
        "source_id": "8313",
        "lat": 60.44499855907033,
        "lon": 135.35500026703534,
        "driver": "Wildfire",
        "confidence": "High",
        "source_event_year": null,
        "event_year": null,
        "total_loss_area_ha": null,
        "dominant_loss_area_ha": null,
        "dominant_year_share": null,
        "sample_status": null,
        "pre_scene_id": null,
        "pre_date": null,
        "post_scene_id": null,
        "post_date": null,
        "pre_local_cloud": null,
        "post_local_cloud": null,
        "manual_validation": null,
        "manual_notes": null,
        "event_mask_metadata": null,
        "local_raster_paths": null
      },
      "geometry": {
        "type": "Point",
        "coordinates": [
          135.35500026703534,
          60.44499855907033
        ]
      }
    },
    {
      "type": "Feature",
      "properties": {
        "sample_id": "010ea99a81d8c821eef0793cb968de139c2e1b95",
        "source_file": "validation_2001_2022.geojson",
        "source_id": "8314",
        "lat": 59.2050006093688,
        "lon": 90.01500124010023,
        "driver": "Wildfire",
        "confidence": "High",
        "source_event_year": null,
        "event_year": null,
        "total_loss_area_ha": null,
        "dominant_loss_area_ha": null,
        "dominant_year_share": null,
        "sample_status": null,
        "pre_scene_id": null,
        "pre_date": null,
        "post_scene_id": null,
        "post_date": null,
        "pre_local_cloud": null,
        "post_local_cloud": null,
        "manual_validation": null,
        "manual_notes": null,
        "event_mask_metadata": null,
        "local_raster_paths": null
      },
      "geometry": {
        "type": "Point",
        "coordinates": [
          90.01500124010023,
          59.2050006093688
        ]
      }
    },
    {
      "type": "Feature",
      "properties": {
        "sample_id": "b4b7b2da0e63e4365cfd1c16a8bf5edcd31e798a",
        "source_file": "validation_2001_2022.geojson",
        "source_id": "8315",
        "lat": 59.27499959529285,
        "lon": 110.7649999285511,
        "driver": "Wildfire",
        "confidence": "High",
        "source_event_year": null,
        "event_year": null,
        "total_loss_area_ha": null,
        "dominant_loss_area_ha": null,
        "dominant_year_share": null,
        "sample_status": null,
        "pre_scene_id": null,
        "pre_date": null,
        "post_scene_id": null,
        "post_date": null,
        "pre_local_cloud": null,
        "post_local_cloud": null,
        "manual_validation": null,
        "manual_notes": null,
        "event_mask_metadata": null,
        "local_raster_paths": null
      },
      "geometry": {
        "type": "Point",
        "coordinates": [
          110.7649999285511,
          59.27499959529285
        ]
      }
    },
    {
      "type": "Feature",
      "properties": {
        "sample_id": "6be4653e2c87e91a95b796a64ae5ae0419e59468",
        "source_file": "validation_2001_2022.geojson",
        "source_id": "8316",
        "lat": 52.094999758942,
        "lon": 110.0850003835913,
        "driver": "Wildfire",
        "confidence": "High",
        "source_event_year": null,
        "event_year": null,
        "total_loss_area_ha": null,
        "dominant_loss_area_ha": null,
        "dominant_year_share": null,
        "sample_status": null,
        "pre_scene_id": null,
        "pre_date": null,
        "post_scene_id": null,
        "post_date": null,
        "pre_local_cloud": null,
        "post_local_cloud": null,
        "manual_validation": null,
        "manual_notes": null,
        "event_mask_metadata": null,
        "local_raster_paths": null
      },
      "geometry": {
        "type": "Point",
        "coordinates": [
          110.0850003835913,
          52.094999758942
        ]
      }
    },
    {
      "type": "Feature",
      "properties": {
        "sample_id": "8a80ce978f4726dcf18d24dc4b96b9e13ea368ae",
        "source_file": "validation_2001_2022.geojson",
        "source_id": "8317",
        "lat": 56.82500006471613,
        "lon": 100.5050007923825,
        "driver": "Wildfire",
        "confidence": "High",
        "source_event_year": null,
        "event_year": null,
        "total_loss_area_ha": null,
        "dominant_loss_area_ha": null,
        "dominant_year_share": null,
        "sample_status": null,
        "pre_scene_id": null,
        "pre_date": null,
        "post_scene_id": null,
        "post_date": null,
        "pre_local_cloud": null,
        "post_local_cloud": null,
        "manual_validation": null,
        "manual_notes": null,
        "event_mask_metadata": null,
        "local_raster_paths": null
      },
      "geometry": {
        "type": "Point",
        "coordinates": [
          100.5050007923825,
          56.82500006471613
        ]
      }
    },
    {
      "type": "Feature",
      "properties": {
        "sample_id": "4ce1361847595adb02204ca5442d42af55546dc5",
        "source_file": "validation_2001_2022.geojson",
        "source_id": "8318",
        "lat": 61.004999244975146,
        "lon": 86.50499974902525,
        "driver": "Wildfire",
        "confidence": "Medium",
        "source_event_year": null,
        "event_year": null,
        "total_loss_area_ha": null,
        "dominant_loss_area_ha": null,
        "dominant_year_share": null,
        "sample_status": null,
        "pre_scene_id": null,
        "pre_date": null,
        "post_scene_id": null,
        "post_date": null,
        "pre_local_cloud": null,
        "post_local_cloud": null,
        "manual_validation": null,
        "manual_notes": null,
        "event_mask_metadata": null,
        "local_raster_paths": null
      },
      "geometry": {
        "type": "Point",
        "coordinates": [
          86.50499974902525,
          61.004999244975146
        ]
      }
    },
    {
      "type": "Feature",
      "properties": {
        "sample_id": "cce0c245f34a78ace2e7f9caf31f77cc2a359ef5",
        "source_file": "validation_2001_2022.geojson",
        "source_id": "8319",
        "lat": 65.35499937445664,
        "lon": 118.04499956705855,
        "driver": "Wildfire",
        "confidence": "High",
        "source_event_year": null,
        "event_year": null,
        "total_loss_area_ha": null,
        "dominant_loss_area_ha": null,
        "dominant_year_share": null,
        "sample_status": null,
        "pre_scene_id": null,
        "pre_date": null,
        "post_scene_id": null,
        "post_date": null,
        "pre_local_cloud": null,
        "post_local_cloud": null,
        "manual_validation": null,
        "manual_notes": null,
        "event_mask_metadata": null,
        "local_raster_paths": null
      },
      "geometry": {
        "type": "Point",
        "coordinates": [
          118.04499956705855,
          65.35499937445664
        ]
      }
    },
    {
      "type": "Feature",
      "properties": {
        "sample_id": "f7252f1db41b8a64a59095cac23a9cd320b659c7",
        "source_file": "validation_2001_2022.geojson",
        "source_id": "8320",
        "lat": 66.38500042760036,
        "lon": 122.64499933244186,
        "driver": "Wildfire",
        "confidence": "High",
        "source_event_year": null,
        "event_year": null,
        "total_loss_area_ha": null,
        "dominant_loss_area_ha": null,
        "dominant_year_share": null,
        "sample_status": null,
        "pre_scene_id": null,
        "pre_date": null,
        "post_scene_id": null,
        "post_date": null,
        "pre_local_cloud": null,
        "post_local_cloud": null,
        "manual_validation": null,
        "manual_notes": null,
        "event_mask_metadata": null,
        "local_raster_paths": null
      },
      "geometry": {
        "type": "Point",
        "coordinates": [
          122.64499933244186,
          66.38500042760036
        ]
      }
    },
    {
      "type": "Feature",
      "properties": {
        "sample_id": "e3dbe41c0f8b7387f2c01d2241c77d76ff7668ce",
        "source_file": "validation_2001_2022.geojson",
        "source_id": "8322",
        "lat": 57.54499995073675,
        "lon": 129.05499946096174,
        "driver": "Wildfire",
        "confidence": "High",
        "source_event_year": null,
        "event_year": null,
        "total_loss_area_ha": null,
        "dominant_loss_area_ha": null,
        "dominant_year_share": null,
        "sample_status": null,
        "pre_scene_id": null,
        "pre_date": null,
        "post_scene_id": null,
        "post_date": null,
        "pre_local_cloud": null,
        "post_local_cloud": null,
        "manual_validation": null,
        "manual_notes": null,
        "event_mask_metadata": null,
        "local_raster_paths": null
      },
      "geometry": {
        "type": "Point",
        "coordinates": [
          129.05499946096174,
          57.54499995073675
        ]
      }
    },
    {
      "type": "Feature",
      "properties": {
        "sample_id": "1440177231345492e85afc96aefb5c5ebafe68f2",
        "source_file": "validation_2001_2022.geojson",
        "source_id": "8323",
        "lat": 51.06499867440496,
        "lon": 110.1750006071307,
        "driver": "Wildfire",
        "confidence": "High",
        "source_event_year": null,
        "event_year": null,
        "total_loss_area_ha": null,
        "dominant_loss_area_ha": null,
        "dominant_year_share": null,
        "sample_status": null,
        "pre_scene_id": null,
        "pre_date": null,
        "post_scene_id": null,
        "post_date": null,
        "pre_local_cloud": null,
        "post_local_cloud": null,
        "manual_validation": null,
        "manual_notes": null,
        "event_mask_metadata": null,
        "local_raster_paths": null
      },
      "geometry": {
        "type": "Point",
        "coordinates": [
          110.1750006071307,
          51.06499867440496
        ]
      }
    },
    {
      "type": "Feature",
      "properties": {
        "sample_id": "0a134313c2c0c0ce018f4d67da3fa51c938ce01f",
        "source_file": "validation_2001_2022.geojson",
        "source_id": "8324",
        "lat": 59.33499902996872,
        "lon": 153.585000361011,
        "driver": "Wildfire",
        "confidence": "High",
        "source_event_year": null,
        "event_year": null,
        "total_loss_area_ha": null,
        "dominant_loss_area_ha": null,
        "dominant_year_share": null,
        "sample_status": null,
        "pre_scene_id": null,
        "pre_date": null,
        "post_scene_id": null,
        "post_date": null,
        "pre_local_cloud": null,
        "post_local_cloud": null,
        "manual_validation": null,
        "manual_notes": null,
        "event_mask_metadata": null,
        "local_raster_paths": null
      },
      "geometry": {
        "type": "Point",
        "coordinates": [
          153.585000361011,
          59.33499902996872
        ]
      }
    },
    {
      "type": "Feature",
      "properties": {
        "sample_id": "0e464a81a0a176cb17dae05482da1bc05d327d21",
        "source_file": "validation_2001_2022.geojson",
        "source_id": "8325",
        "lat": 62.37500004247155,
        "lon": 86.09500101503325,
        "driver": "Wildfire",
        "confidence": "High",
        "source_event_year": null,
        "event_year": null,
        "total_loss_area_ha": null,
        "dominant_loss_area_ha": null,
        "dominant_year_share": null,
        "sample_status": null,
        "pre_scene_id": null,
        "pre_date": null,
        "post_scene_id": null,
        "post_date": null,
        "pre_local_cloud": null,
        "post_local_cloud": null,
        "manual_validation": null,
        "manual_notes": null,
        "event_mask_metadata": null,
        "local_raster_paths": null
      },
      "geometry": {
        "type": "Point",
        "coordinates": [
          86.09500101503325,
          62.37500004247155
        ]
      }
    },
    {
      "type": "Feature",
      "properties": {
        "sample_id": "fbcf7d04b75c632addd4a9695285c276e7b4bdff",
        "source_file": "validation_2001_2022.geojson",
        "source_id": "8326",
        "lat": 51.025000541961866,
        "lon": 129.3949992145292,
        "driver": "Wildfire",
        "confidence": "High",
        "source_event_year": null,
        "event_year": null,
        "total_loss_area_ha": null,
        "dominant_loss_area_ha": null,
        "dominant_year_share": null,
        "sample_status": null,
        "pre_scene_id": null,
        "pre_date": null,
        "post_scene_id": null,
        "post_date": null,
        "pre_local_cloud": null,
        "post_local_cloud": null,
        "manual_validation": null,
        "manual_notes": null,
        "event_mask_metadata": null,
        "local_raster_paths": null
      },
      "geometry": {
        "type": "Point",
        "coordinates": [
          129.3949992145292,
          51.025000541961866
        ]
      }
    },
    {
      "type": "Feature",
      "properties": {
        "sample_id": "77e48cbb42fcff94c2b956f122e6bf8c9ae238dd",
        "source_file": "validation_2001_2022.geojson",
        "source_id": "8327",
        "lat": 65.63499972879936,
        "lon": 111.55500093286564,
        "driver": "Wildfire",
        "confidence": "High",
        "source_event_year": null,
        "event_year": null,
        "total_loss_area_ha": null,
        "dominant_loss_area_ha": null,
        "dominant_year_share": null,
        "sample_status": null,
        "pre_scene_id": null,
        "pre_date": null,
        "post_scene_id": null,
        "post_date": null,
        "pre_local_cloud": null,
        "post_local_cloud": null,
        "manual_validation": null,
        "manual_notes": null,
        "event_mask_metadata": null,
        "local_raster_paths": null
      },
      "geometry": {
        "type": "Point",
        "coordinates": [
          111.55500093286564,
          65.63499972879936
        ]
      }
    },
    {
      "type": "Feature",
      "properties": {
        "sample_id": "04ef4def0800dc2ddab0ed83c2fd77bea7b5bf5e",
        "source_file": "validation_2001_2022.geojson",
        "source_id": "8328",
        "lat": 65.80499850982123,
        "lon": 123.47500083416207,
        "driver": "Wildfire",
        "confidence": "High",
        "source_event_year": null,
        "event_year": null,
        "total_loss_area_ha": null,
        "dominant_loss_area_ha": null,
        "dominant_year_share": null,
        "sample_status": null,
        "pre_scene_id": null,
        "pre_date": null,
        "post_scene_id": null,
        "post_date": null,
        "pre_local_cloud": null,
        "post_local_cloud": null,
        "manual_validation": null,
        "manual_notes": null,
        "event_mask_metadata": null,
        "local_raster_paths": null
      },
      "geometry": {
        "type": "Point",
        "coordinates": [
          123.47500083416207,
          65.80499850982123
        ]
      }
    },
    {
      "type": "Feature",
      "properties": {
        "sample_id": "b51979aa0c6f13bae2ffb778595b146d0cad90d3",
        "source_file": "validation_2001_2022.geojson",
        "source_id": "8329",
        "lat": 51.9549995735561,
        "lon": 120.27500052853956,
        "driver": "Wildfire",
        "confidence": "High",
        "source_event_year": null,
        "event_year": null,
        "total_loss_area_ha": null,
        "dominant_loss_area_ha": null,
        "dominant_year_share": null,
        "sample_status": null,
        "pre_scene_id": null,
        "pre_date": null,
        "post_scene_id": null,
        "post_date": null,
        "pre_local_cloud": null,
        "post_local_cloud": null,
        "manual_validation": null,
        "manual_notes": null,
        "event_mask_metadata": null,
        "local_raster_paths": null
      },
      "geometry": {
        "type": "Point",
        "coordinates": [
          120.27500052853956,
          51.9549995735561
        ]
      }
    },
    {
      "type": "Feature",
      "properties": {
        "sample_id": "d32598ab144d0dc3cf2c3fbc4c945fedf535ff75",
        "source_file": "validation_2001_2022.geojson",
        "source_id": "8330",
        "lat": 60.61499960090084,
        "lon": 86.58500045170946,
        "driver": "Wildfire",
        "confidence": "High",
        "source_event_year": null,
        "event_year": null,
        "total_loss_area_ha": null,
        "dominant_loss_area_ha": null,
        "dominant_year_share": null,
        "sample_status": null,
        "pre_scene_id": null,
        "pre_date": null,
        "post_scene_id": null,
        "post_date": null,
        "pre_local_cloud": null,
        "post_local_cloud": null,
        "manual_validation": null,
        "manual_notes": null,
        "event_mask_metadata": null,
        "local_raster_paths": null
      },
      "geometry": {
        "type": "Point",
        "coordinates": [
          86.58500045170946,
          60.61499960090084
        ]
      }
    },
    {
      "type": "Feature",
      "properties": {
        "sample_id": "f5b6281fd0a201dc1ff749f15386a16852095e7c",
        "source_file": "validation_2001_2022.geojson",
        "source_id": "8331",
        "lat": 69.55499984947237,
        "lon": 140.47500027577163,
        "driver": "Wildfire",
        "confidence": "High",
        "source_event_year": null,
        "event_year": null,
        "total_loss_area_ha": null,
        "dominant_loss_area_ha": null,
        "dominant_year_share": null,
        "sample_status": null,
        "pre_scene_id": null,
        "pre_date": null,
        "post_scene_id": null,
        "post_date": null,
        "pre_local_cloud": null,
        "post_local_cloud": null,
        "manual_validation": null,
        "manual_notes": null,
        "event_mask_metadata": null,
        "local_raster_paths": null
      },
      "geometry": {
        "type": "Point",
        "coordinates": [
          140.47500027577163,
          69.55499984947237
        ]
      }
    },
    {
      "type": "Feature",
      "properties": {
        "sample_id": "b0b120de493e236693d25eaad380641922117a42",
        "source_file": "validation_2001_2022.geojson",
        "source_id": "8332",
        "lat": 60.8350004348253,
        "lon": 100.07500072193778,
        "driver": "Wildfire",
        "confidence": "High",
        "source_event_year": null,
        "event_year": null,
        "total_loss_area_ha": null,
        "dominant_loss_area_ha": null,
        "dominant_year_share": null,
        "sample_status": null,
        "pre_scene_id": null,
        "pre_date": null,
        "post_scene_id": null,
        "post_date": null,
        "pre_local_cloud": null,
        "post_local_cloud": null,
        "manual_validation": null,
        "manual_notes": null,
        "event_mask_metadata": null,
        "local_raster_paths": null
      },
      "geometry": {
        "type": "Point",
        "coordinates": [
          100.07500072193778,
          60.8350004348253
        ]
      }
    },
    {
      "type": "Feature",
      "properties": {
        "sample_id": "915f999f95d90da87092e04f1dd5bacbd1224026",
        "source_file": "validation_2001_2022.geojson",
        "source_id": "8333",
        "lat": 62.90499988428615,
        "lon": 167.50500069103336,
        "driver": "Wildfire",
        "confidence": "High",
        "source_event_year": null,
        "event_year": null,
        "total_loss_area_ha": null,
        "dominant_loss_area_ha": null,
        "dominant_year_share": null,
        "sample_status": null,
        "pre_scene_id": null,
        "pre_date": null,
        "post_scene_id": null,
        "post_date": null,
        "pre_local_cloud": null,
        "post_local_cloud": null,
        "manual_validation": null,
        "manual_notes": null,
        "event_mask_metadata": null,
        "local_raster_paths": null
      },
      "geometry": {
        "type": "Point",
        "coordinates": [
          167.50500069103336,
          62.90499988428615
        ]
      }
    },
    {
      "type": "Feature",
      "properties": {
        "sample_id": "2514ddeead01d54f9971a979b398468dae05ab86",
        "source_file": "validation_2001_2022.geojson",
        "source_id": "8334",
        "lat": 66.77500008445085,
        "lon": 134.13499912992174,
        "driver": "Wildfire",
        "confidence": "High",
        "source_event_year": null,
        "event_year": null,
        "total_loss_area_ha": null,
        "dominant_loss_area_ha": null,
        "dominant_year_share": null,
        "sample_status": null,
        "pre_scene_id": null,
        "pre_date": null,
        "post_scene_id": null,
        "post_date": null,
        "pre_local_cloud": null,
        "post_local_cloud": null,
        "manual_validation": null,
        "manual_notes": null,
        "event_mask_metadata": null,
        "local_raster_paths": null
      },
      "geometry": {
        "type": "Point",
        "coordinates": [
          134.13499912992174,
          66.77500008445085
        ]
      }
    },
    {
      "type": "Feature",
      "properties": {
        "sample_id": "07c9cce68a433a43e6890b86bd04c28f61f365f3",
        "source_file": "validation_2001_2022.geojson",
        "source_id": "8336",
        "lat": 64.0049999336542,
        "lon": 144.42500134049885,
        "driver": "Wildfire",
        "confidence": "High",
        "source_event_year": null,
        "event_year": null,
        "total_loss_area_ha": null,
        "dominant_loss_area_ha": null,
        "dominant_year_share": null,
        "sample_status": null,
        "pre_scene_id": null,
        "pre_date": null,
        "post_scene_id": null,
        "post_date": null,
        "pre_local_cloud": null,
        "post_local_cloud": null,
        "manual_validation": null,
        "manual_notes": null,
        "event_mask_metadata": null,
        "local_raster_paths": null
      },
      "geometry": {
        "type": "Point",
        "coordinates": [
          144.42500134049885,
          64.0049999336542
        ]
      }
    },
    {
      "type": "Feature",
      "properties": {
        "sample_id": "705f6539814e1e071347e34f2400ab008482a990",
        "source_file": "validation_2001_2022.geojson",
        "source_id": "8337",
        "lat": 64.1949999756176,
        "lon": 66.42500105912633,
        "driver": "Wildfire",
        "confidence": "High",
        "source_event_year": null,
        "event_year": null,
        "total_loss_area_ha": null,
        "dominant_loss_area_ha": null,
        "dominant_year_share": null,
        "sample_status": null,
        "pre_scene_id": null,
        "pre_date": null,
        "post_scene_id": null,
        "post_date": null,
        "pre_local_cloud": null,
        "post_local_cloud": null,
        "manual_validation": null,
        "manual_notes": null,
        "event_mask_metadata": null,
        "local_raster_paths": null
      },
      "geometry": {
        "type": "Point",
        "coordinates": [
          66.42500105912633,
          64.1949999756176
        ]
      }
    },
    {
      "type": "Feature",
      "properties": {
        "sample_id": "158548754b1b997b9326ab39cdb882266834125d",
        "source_file": "validation_2001_2022.geojson",
        "source_id": "8338",
        "lat": 55.52500042804071,
        "lon": 104.91500040902594,
        "driver": "Wildfire",
        "confidence": "High",
        "source_event_year": null,
        "event_year": null,
        "total_loss_area_ha": null,
        "dominant_loss_area_ha": null,
        "dominant_year_share": null,
        "sample_status": null,
        "pre_scene_id": null,
        "pre_date": null,
        "post_scene_id": null,
        "post_date": null,
        "pre_local_cloud": null,
        "post_local_cloud": null,
        "manual_validation": null,
        "manual_notes": null,
        "event_mask_metadata": null,
        "local_raster_paths": null
      },
      "geometry": {
        "type": "Point",
        "coordinates": [
          104.91500040902594,
          55.52500042804071
        ]
      }
    },
    {
      "type": "Feature",
      "properties": {
        "sample_id": "9622aba4dfef8cbf3c9f49ad8a077338a70af1c0",
        "source_file": "validation_2001_2022.geojson",
        "source_id": "8339",
        "lat": 68.74499972370928,
        "lon": 161.0850010451732,
        "driver": "Wildfire",
        "confidence": "High",
        "source_event_year": null,
        "event_year": null,
        "total_loss_area_ha": null,
        "dominant_loss_area_ha": null,
        "dominant_year_share": null,
        "sample_status": null,
        "pre_scene_id": null,
        "pre_date": null,
        "post_scene_id": null,
        "post_date": null,
        "pre_local_cloud": null,
        "post_local_cloud": null,
        "manual_validation": null,
        "manual_notes": null,
        "event_mask_metadata": null,
        "local_raster_paths": null
      },
      "geometry": {
        "type": "Point",
        "coordinates": [
          161.0850010451732,
          68.74499972370928
        ]
      }
    },
    {
      "type": "Feature",
      "properties": {
        "sample_id": "96eb251e85f42e510d470bfa969c3528851237a4",
        "source_file": "validation_2001_2022.geojson",
        "source_id": "8340",
        "lat": 53.914999684441874,
        "lon": 106.45500005765912,
        "driver": "Wildfire",
        "confidence": "High",
        "source_event_year": null,
        "event_year": null,
        "total_loss_area_ha": null,
        "dominant_loss_area_ha": null,
        "dominant_year_share": null,
        "sample_status": null,
        "pre_scene_id": null,
        "pre_date": null,
        "post_scene_id": null,
        "post_date": null,
        "pre_local_cloud": null,
        "post_local_cloud": null,
        "manual_validation": null,
        "manual_notes": null,
        "event_mask_metadata": null,
        "local_raster_paths": null
      },
      "geometry": {
        "type": "Point",
        "coordinates": [
          106.45500005765912,
          53.914999684441874
        ]
      }
    },
    {
      "type": "Feature",
      "properties": {
        "sample_id": "fd8756b21fd6e66a547df52e0d62d4d7defc6bc1",
        "source_file": "validation_2001_2022.geojson",
        "source_id": "8341",
        "lat": 53.32500038473593,
        "lon": 115.26499984092789,
        "driver": "Wildfire",
        "confidence": "High",
        "source_event_year": null,
        "event_year": null,
        "total_loss_area_ha": null,
        "dominant_loss_area_ha": null,
        "dominant_year_share": null,
        "sample_status": null,
        "pre_scene_id": null,
        "pre_date": null,
        "post_scene_id": null,
        "post_date": null,
        "pre_local_cloud": null,
        "post_local_cloud": null,
        "manual_validation": null,
        "manual_notes": null,
        "event_mask_metadata": null,
        "local_raster_paths": null
      },
      "geometry": {
        "type": "Point",
        "coordinates": [
          115.26499984092789,
          53.32500038473593
        ]
      }
    },
    {
      "type": "Feature",
      "properties": {
        "sample_id": "3cdb081e36f6a81445e50d8f68557b3fed2da3d3",
        "source_file": "validation_2001_2022.geojson",
        "source_id": "8342",
        "lat": 62.38499957416435,
        "lon": 81.37500019372945,
        "driver": "Wildfire",
        "confidence": "High",
        "source_event_year": null,
        "event_year": null,
        "total_loss_area_ha": null,
        "dominant_loss_area_ha": null,
        "dominant_year_share": null,
        "sample_status": null,
        "pre_scene_id": null,
        "pre_date": null,
        "post_scene_id": null,
        "post_date": null,
        "pre_local_cloud": null,
        "post_local_cloud": null,
        "manual_validation": null,
        "manual_notes": null,
        "event_mask_metadata": null,
        "local_raster_paths": null
      },
      "geometry": {
        "type": "Point",
        "coordinates": [
          81.37500019372945,
          62.38499957416435
        ]
      }
    },
    {
      "type": "Feature",
      "properties": {
        "sample_id": "af5f8b5e6ed30be437a3a9d9d36b6db191ff4995",
        "source_file": "validation_2001_2022.geojson",
        "source_id": "8343",
        "lat": 62.15499918946075,
        "lon": 118.94500004009436,
        "driver": "Wildfire",
        "confidence": "High",
        "source_event_year": null,
        "event_year": null,
        "total_loss_area_ha": null,
        "dominant_loss_area_ha": null,
        "dominant_year_share": null,
        "sample_status": null,
        "pre_scene_id": null,
        "pre_date": null,
        "post_scene_id": null,
        "post_date": null,
        "pre_local_cloud": null,
        "post_local_cloud": null,
        "manual_validation": null,
        "manual_notes": null,
        "event_mask_metadata": null,
        "local_raster_paths": null
      },
      "geometry": {
        "type": "Point",
        "coordinates": [
          118.94500004009436,
          62.15499918946075
        ]
      }
    },
    {
      "type": "Feature",
      "properties": {
        "sample_id": "5c8e8ae89602772d4d1b4fb6aa1a6ffc27840aa6",
        "source_file": "validation_2001_2022.geojson",
        "source_id": "8344",
        "lat": 51.34499903831547,
        "lon": 128.02500062907026,
        "driver": "Wildfire",
        "confidence": "High",
        "source_event_year": null,
        "event_year": null,
        "total_loss_area_ha": null,
        "dominant_loss_area_ha": null,
        "dominant_year_share": null,
        "sample_status": null,
        "pre_scene_id": null,
        "pre_date": null,
        "post_scene_id": null,
        "post_date": null,
        "pre_local_cloud": null,
        "post_local_cloud": null,
        "manual_validation": null,
        "manual_notes": null,
        "event_mask_metadata": null,
        "local_raster_paths": null
      },
      "geometry": {
        "type": "Point",
        "coordinates": [
          128.02500062907026,
          51.34499903831547
        ]
      }
    },
    {
      "type": "Feature",
      "properties": {
        "sample_id": "58a6c6b764bfd2f3d6f14c6b1a6fbee72f23d4a4",
        "source_file": "validation_2001_2022.geojson",
        "source_id": "8345",
        "lat": 63.21500103872612,
        "lon": 105.8449994388138,
        "driver": "Wildfire",
        "confidence": "High",
        "source_event_year": null,
        "event_year": null,
        "total_loss_area_ha": null,
        "dominant_loss_area_ha": null,
        "dominant_year_share": null,
        "sample_status": null,
        "pre_scene_id": null,
        "pre_date": null,
        "post_scene_id": null,
        "post_date": null,
        "pre_local_cloud": null,
        "post_local_cloud": null,
        "manual_validation": null,
        "manual_notes": null,
        "event_mask_metadata": null,
        "local_raster_paths": null
      },
      "geometry": {
        "type": "Point",
        "coordinates": [
          105.8449994388138,
          63.21500103872612
        ]
      }
    },
    {
      "type": "Feature",
      "properties": {
        "sample_id": "3a4912487934b04e49243207a2f89b58666069a5",
        "source_file": "validation_2001_2022.geojson",
        "source_id": "8346",
        "lat": 57.05500049139681,
        "lon": 125.52499892626396,
        "driver": "Wildfire",
        "confidence": "High",
        "source_event_year": null,
        "event_year": null,
        "total_loss_area_ha": null,
        "dominant_loss_area_ha": null,
        "dominant_year_share": null,
        "sample_status": null,
        "pre_scene_id": null,
        "pre_date": null,
        "post_scene_id": null,
        "post_date": null,
        "pre_local_cloud": null,
        "post_local_cloud": null,
        "manual_validation": null,
        "manual_notes": null,
        "event_mask_metadata": null,
        "local_raster_paths": null
      },
      "geometry": {
        "type": "Point",
        "coordinates": [
          125.52499892626396,
          57.05500049139681
        ]
      }
    },
    {
      "type": "Feature",
      "properties": {
        "sample_id": "2a1a31be2444b16c5856d70c240dec50a62b652c",
        "source_file": "validation_2001_2022.geojson",
        "source_id": "8347",
        "lat": 60.29499888576052,
        "lon": 116.42499926981768,
        "driver": "Wildfire",
        "confidence": "High",
        "source_event_year": null,
        "event_year": null,
        "total_loss_area_ha": null,
        "dominant_loss_area_ha": null,
        "dominant_year_share": null,
        "sample_status": null,
        "pre_scene_id": null,
        "pre_date": null,
        "post_scene_id": null,
        "post_date": null,
        "pre_local_cloud": null,
        "post_local_cloud": null,
        "manual_validation": null,
        "manual_notes": null,
        "event_mask_metadata": null,
        "local_raster_paths": null
      },
      "geometry": {
        "type": "Point",
        "coordinates": [
          116.42499926981768,
          60.29499888576052
        ]
      }
    },
    {
      "type": "Feature",
      "properties": {
        "sample_id": "10de085d8092a9f3f21d05c073d7f30e8118cf84",
        "source_file": "validation_2001_2022.geojson",
        "source_id": "8348",
        "lat": 62.04499982095047,
        "lon": 80.15500127466733,
        "driver": "Wildfire",
        "confidence": "High",
        "source_event_year": null,
        "event_year": null,
        "total_loss_area_ha": null,
        "dominant_loss_area_ha": null,
        "dominant_year_share": null,
        "sample_status": null,
        "pre_scene_id": null,
        "pre_date": null,
        "post_scene_id": null,
        "post_date": null,
        "pre_local_cloud": null,
        "post_local_cloud": null,
        "manual_validation": null,
        "manual_notes": null,
        "event_mask_metadata": null,
        "local_raster_paths": null
      },
      "geometry": {
        "type": "Point",
        "coordinates": [
          80.15500127466733,
          62.04499982095047
        ]
      }
    },
    {
      "type": "Feature",
      "properties": {
        "sample_id": "3425e8646f1d609016b0888c717cb07a580176d5",
        "source_file": "validation_2001_2022.geojson",
        "source_id": "8349",
        "lat": 67.92500004465984,
        "lon": 160.87499966403587,
        "driver": "Wildfire",
        "confidence": "High",
        "source_event_year": null,
        "event_year": null,
        "total_loss_area_ha": null,
        "dominant_loss_area_ha": null,
        "dominant_year_share": null,
        "sample_status": null,
        "pre_scene_id": null,
        "pre_date": null,
        "post_scene_id": null,
        "post_date": null,
        "pre_local_cloud": null,
        "post_local_cloud": null,
        "manual_validation": null,
        "manual_notes": null,
        "event_mask_metadata": null,
        "local_raster_paths": null
      },
      "geometry": {
        "type": "Point",
        "coordinates": [
          160.87499966403587,
          67.92500004465984
        ]
      }
    },
    {
      "type": "Feature",
      "properties": {
        "sample_id": "9cf056c007cc735f7833920fed33566352e62462",
        "source_file": "validation_2001_2022.geojson",
        "source_id": "8350",
        "lat": 57.74499954633009,
        "lon": 116.63500063035808,
        "driver": "Wildfire",
        "confidence": "Low",
        "source_event_year": null,
        "event_year": null,
        "total_loss_area_ha": null,
        "dominant_loss_area_ha": null,
        "dominant_year_share": null,
        "sample_status": null,
        "pre_scene_id": null,
        "pre_date": null,
        "post_scene_id": null,
        "post_date": null,
        "pre_local_cloud": null,
        "post_local_cloud": null,
        "manual_validation": null,
        "manual_notes": null,
        "event_mask_metadata": null,
        "local_raster_paths": null
      },
      "geometry": {
        "type": "Point",
        "coordinates": [
          116.63500063035808,
          57.74499954633009
        ]
      }
    },
    {
      "type": "Feature",
      "properties": {
        "sample_id": "3f635ca742c695657c7bf6e6ad8adb0f5dc11fa8",
        "source_file": "validation_2001_2022.geojson",
        "source_id": "8351",
        "lat": 65.55499901745225,
        "lon": 146.83500048701785,
        "driver": "Wildfire",
        "confidence": "High",
        "source_event_year": null,
        "event_year": null,
        "total_loss_area_ha": null,
        "dominant_loss_area_ha": null,
        "dominant_year_share": null,
        "sample_status": null,
        "pre_scene_id": null,
        "pre_date": null,
        "post_scene_id": null,
        "post_date": null,
        "pre_local_cloud": null,
        "post_local_cloud": null,
        "manual_validation": null,
        "manual_notes": null,
        "event_mask_metadata": null,
        "local_raster_paths": null
      },
      "geometry": {
        "type": "Point",
        "coordinates": [
          146.83500048701785,
          65.55499901745225
        ]
      }
    },
    {
      "type": "Feature",
      "properties": {
        "sample_id": "e1019a0427161155f3ace653e7e8e2aee908bbf8",
        "source_file": "validation_2001_2022.geojson",
        "source_id": "8352",
        "lat": 64.8949985938047,
        "lon": 127.12500023114512,
        "driver": "Wildfire",
        "confidence": "High",
        "source_event_year": null,
        "event_year": null,
        "total_loss_area_ha": null,
        "dominant_loss_area_ha": null,
        "dominant_year_share": null,
        "sample_status": null,
        "pre_scene_id": null,
        "pre_date": null,
        "post_scene_id": null,
        "post_date": null,
        "pre_local_cloud": null,
        "post_local_cloud": null,
        "manual_validation": null,
        "manual_notes": null,
        "event_mask_metadata": null,
        "local_raster_paths": null
      },
      "geometry": {
        "type": "Point",
        "coordinates": [
          127.12500023114512,
          64.8949985938047
        ]
      }
    },
    {
      "type": "Feature",
      "properties": {
        "sample_id": "2935774a80d3a01d65c1d2d0c5459f5656459058",
        "source_file": "validation_2001_2022.geojson",
        "source_id": "8353",
        "lat": 50.71499938235299,
        "lon": 96.68500038874774,
        "driver": "Wildfire",
        "confidence": "Low",
        "source_event_year": null,
        "event_year": null,
        "total_loss_area_ha": null,
        "dominant_loss_area_ha": null,
        "dominant_year_share": null,
        "sample_status": null,
        "pre_scene_id": null,
        "pre_date": null,
        "post_scene_id": null,
        "post_date": null,
        "pre_local_cloud": null,
        "post_local_cloud": null,
        "manual_validation": null,
        "manual_notes": null,
        "event_mask_metadata": null,
        "local_raster_paths": null
      },
      "geometry": {
        "type": "Point",
        "coordinates": [
          96.68500038874774,
          50.71499938235299
        ]
      }
    },
    {
      "type": "Feature",
      "properties": {
        "sample_id": "faa2980501857fa672ba9a605a93fae0838aa618",
        "source_file": "validation_2001_2022.geojson",
        "source_id": "8354",
        "lat": 60.69500031689409,
        "lon": 97.06500052830935,
        "driver": "Wildfire",
        "confidence": "High",
        "source_event_year": null,
        "event_year": null,
        "total_loss_area_ha": null,
        "dominant_loss_area_ha": null,
        "dominant_year_share": null,
        "sample_status": null,
        "pre_scene_id": null,
        "pre_date": null,
        "post_scene_id": null,
        "post_date": null,
        "pre_local_cloud": null,
        "post_local_cloud": null,
        "manual_validation": null,
        "manual_notes": null,
        "event_mask_metadata": null,
        "local_raster_paths": null
      },
      "geometry": {
        "type": "Point",
        "coordinates": [
          97.06500052830935,
          60.69500031689409
        ]
      }
    },
    {
      "type": "Feature",
      "properties": {
        "sample_id": "9b3dd3d3a38b6cf7420fdc6fac17e3b4ddf47d7b",
        "source_file": "validation_2001_2022.geojson",
        "source_id": "8355",
        "lat": 48.635000452691976,
        "lon": 42.3150006415402,
        "driver": "Wildfire",
        "confidence": "High",
        "source_event_year": null,
        "event_year": null,
        "total_loss_area_ha": null,
        "dominant_loss_area_ha": null,
        "dominant_year_share": null,
        "sample_status": null,
        "pre_scene_id": null,
        "pre_date": null,
        "post_scene_id": null,
        "post_date": null,
        "pre_local_cloud": null,
        "post_local_cloud": null,
        "manual_validation": null,
        "manual_notes": null,
        "event_mask_metadata": null,
        "local_raster_paths": null
      },
      "geometry": {
        "type": "Point",
        "coordinates": [
          42.3150006415402,
          48.635000452691976
        ]
      }
    },
    {
      "type": "Feature",
      "properties": {
        "sample_id": "77f1ea6d53313d79370000fd0d66b9cd03b2034c",
        "source_file": "validation_2001_2022.geojson",
        "source_id": "8356",
        "lat": 53.22500058922836,
        "lon": 128.52499963044318,
        "driver": "Wildfire",
        "confidence": "High",
        "source_event_year": null,
        "event_year": null,
        "total_loss_area_ha": null,
        "dominant_loss_area_ha": null,
        "dominant_year_share": null,
        "sample_status": null,
        "pre_scene_id": null,
        "pre_date": null,
        "post_scene_id": null,
        "post_date": null,
        "pre_local_cloud": null,
        "post_local_cloud": null,
        "manual_validation": null,
        "manual_notes": null,
        "event_mask_metadata": null,
        "local_raster_paths": null
      },
      "geometry": {
        "type": "Point",
        "coordinates": [
          128.52499963044318,
          53.22500058922836
        ]
      }
    },
    {
      "type": "Feature",
      "properties": {
        "sample_id": "578c1cda0ac62a400c9f06dbe5d7fc4075ef4d42",
        "source_file": "validation_2001_2022.geojson",
        "source_id": "8357",
        "lat": 56.5049993809249,
        "lon": 114.90499878805214,
        "driver": "Wildfire",
        "confidence": "High",
        "source_event_year": null,
        "event_year": null,
        "total_loss_area_ha": null,
        "dominant_loss_area_ha": null,
        "dominant_year_share": null,
        "sample_status": null,
        "pre_scene_id": null,
        "pre_date": null,
        "post_scene_id": null,
        "post_date": null,
        "pre_local_cloud": null,
        "post_local_cloud": null,
        "manual_validation": null,
        "manual_notes": null,
        "event_mask_metadata": null,
        "local_raster_paths": null
      },
      "geometry": {
        "type": "Point",
        "coordinates": [
          114.90499878805214,
          56.5049993809249
        ]
      }
    },
    {
      "type": "Feature",
      "properties": {
        "sample_id": "8aaefcafccd5a6f5ee8d17a6d9d697f5256c7988",
        "source_file": "validation_2001_2022.geojson",
        "source_id": "8358",
        "lat": 63.54499903989926,
        "lon": 107.20500079293777,
        "driver": "Wildfire",
        "confidence": "High",
        "source_event_year": null,
        "event_year": null,
        "total_loss_area_ha": null,
        "dominant_loss_area_ha": null,
        "dominant_year_share": null,
        "sample_status": null,
        "pre_scene_id": null,
        "pre_date": null,
        "post_scene_id": null,
        "post_date": null,
        "pre_local_cloud": null,
        "post_local_cloud": null,
        "manual_validation": null,
        "manual_notes": null,
        "event_mask_metadata": null,
        "local_raster_paths": null
      },
      "geometry": {
        "type": "Point",
        "coordinates": [
          107.20500079293777,
          63.54499903989926
        ]
      }
    },
    {
      "type": "Feature",
      "properties": {
        "sample_id": "76717c55110ea1044d1dfccf56f165acfc642d43",
        "source_file": "validation_2001_2022.geojson",
        "source_id": "8359",
        "lat": 59.42499928494835,
        "lon": 97.57500125347975,
        "driver": "Wildfire",
        "confidence": "High",
        "source_event_year": null,
        "event_year": null,
        "total_loss_area_ha": null,
        "dominant_loss_area_ha": null,
        "dominant_year_share": null,
        "sample_status": null,
        "pre_scene_id": null,
        "pre_date": null,
        "post_scene_id": null,
        "post_date": null,
        "pre_local_cloud": null,
        "post_local_cloud": null,
        "manual_validation": null,
        "manual_notes": null,
        "event_mask_metadata": null,
        "local_raster_paths": null
      },
      "geometry": {
        "type": "Point",
        "coordinates": [
          97.57500125347975,
          59.42499928494835
        ]
      }
    },
    {
      "type": "Feature",
      "properties": {
        "sample_id": "8ed7f8ada848e76f0729f3cd10569e3bae307dcd",
        "source_file": "validation_2001_2022.geojson",
        "source_id": "8360",
        "lat": 62.49499894041029,
        "lon": 123.08500117565372,
        "driver": "Wildfire",
        "confidence": "High",
        "source_event_year": null,
        "event_year": null,
        "total_loss_area_ha": null,
        "dominant_loss_area_ha": null,
        "dominant_year_share": null,
        "sample_status": null,
        "pre_scene_id": null,
        "pre_date": null,
        "post_scene_id": null,
        "post_date": null,
        "pre_local_cloud": null,
        "post_local_cloud": null,
        "manual_validation": null,
        "manual_notes": null,
        "event_mask_metadata": null,
        "local_raster_paths": null
      },
      "geometry": {
        "type": "Point",
        "coordinates": [
          123.08500117565372,
          62.49499894041029
        ]
      }
    },
    {
      "type": "Feature",
      "properties": {
        "sample_id": "6e7fad1d6cc8600e76d77e0d9a5f29a9f5e310dc",
        "source_file": "validation_2001_2022.geojson",
        "source_id": "8361",
        "lat": 65.1649993286502,
        "lon": 112.26499911219538,
        "driver": "Wildfire",
        "confidence": "High",
        "source_event_year": null,
        "event_year": null,
        "total_loss_area_ha": null,
        "dominant_loss_area_ha": null,
        "dominant_year_share": null,
        "sample_status": null,
        "pre_scene_id": null,
        "pre_date": null,
        "post_scene_id": null,
        "post_date": null,
        "pre_local_cloud": null,
        "post_local_cloud": null,
        "manual_validation": null,
        "manual_notes": null,
        "event_mask_metadata": null,
        "local_raster_paths": null
      },
      "geometry": {
        "type": "Point",
        "coordinates": [
          112.26499911219538,
          65.1649993286502
        ]
      }
    },
    {
      "type": "Feature",
      "properties": {
        "sample_id": "b684e4fc5e4928a7ecb59d150d2d398b70a3924d",
        "source_file": "validation_2001_2022.geojson",
        "source_id": "8362",
        "lat": 66.70499894246086,
        "lon": 151.86500028068184,
        "driver": "Wildfire",
        "confidence": "High",
        "source_event_year": null,
        "event_year": null,
        "total_loss_area_ha": null,
        "dominant_loss_area_ha": null,
        "dominant_year_share": null,
        "sample_status": null,
        "pre_scene_id": null,
        "pre_date": null,
        "post_scene_id": null,
        "post_date": null,
        "pre_local_cloud": null,
        "post_local_cloud": null,
        "manual_validation": null,
        "manual_notes": null,
        "event_mask_metadata": null,
        "local_raster_paths": null
      },
      "geometry": {
        "type": "Point",
        "coordinates": [
          151.86500028068184,
          66.70499894246086
        ]
      }
    },
    {
      "type": "Feature",
      "properties": {
        "sample_id": "8f9e5203a18bd880d7be17f1e388eeb595d53b87",
        "source_file": "validation_2001_2022.geojson",
        "source_id": "8363",
        "lat": 51.745000430001134,
        "lon": 127.61499969557204,
        "driver": "Wildfire",
        "confidence": "Medium",
        "source_event_year": null,
        "event_year": null,
        "total_loss_area_ha": null,
        "dominant_loss_area_ha": null,
        "dominant_year_share": null,
        "sample_status": null,
        "pre_scene_id": null,
        "pre_date": null,
        "post_scene_id": null,
        "post_date": null,
        "pre_local_cloud": null,
        "post_local_cloud": null,
        "manual_validation": null,
        "manual_notes": null,
        "event_mask_metadata": null,
        "local_raster_paths": null
      },
      "geometry": {
        "type": "Point",
        "coordinates": [
          127.61499969557204,
          51.745000430001134
        ]
      }
    },
    {
      "type": "Feature",
      "properties": {
        "sample_id": "281633af41d300ca58c028c0f41ccfe8aa31f55a",
        "source_file": "validation_2001_2022.geojson",
        "source_id": "8364",
        "lat": 61.035000079779785,
        "lon": 129.94500036441303,
        "driver": "Wildfire",
        "confidence": "High",
        "source_event_year": null,
        "event_year": null,
        "total_loss_area_ha": null,
        "dominant_loss_area_ha": null,
        "dominant_year_share": null,
        "sample_status": null,
        "pre_scene_id": null,
        "pre_date": null,
        "post_scene_id": null,
        "post_date": null,
        "pre_local_cloud": null,
        "post_local_cloud": null,
        "manual_validation": null,
        "manual_notes": null,
        "event_mask_metadata": null,
        "local_raster_paths": null
      },
      "geometry": {
        "type": "Point",
        "coordinates": [
          129.94500036441303,
          61.035000079779785
        ]
      }
    },
    {
      "type": "Feature",
      "properties": {
        "sample_id": "8de78d2893dd90f64047d1d4930704d8c59a9c8f",
        "source_file": "validation_2001_2022.geojson",
        "source_id": "8365",
        "lat": 60.54500061177131,
        "lon": 59.745000172527256,
        "driver": "Wildfire",
        "confidence": "High",
        "source_event_year": null,
        "event_year": null,
        "total_loss_area_ha": null,
        "dominant_loss_area_ha": null,
        "dominant_year_share": null,
        "sample_status": null,
        "pre_scene_id": null,
        "pre_date": null,
        "post_scene_id": null,
        "post_date": null,
        "pre_local_cloud": null,
        "post_local_cloud": null,
        "manual_validation": null,
        "manual_notes": null,
        "event_mask_metadata": null,
        "local_raster_paths": null
      },
      "geometry": {
        "type": "Point",
        "coordinates": [
          59.745000172527256,
          60.54500061177131
        ]
      }
    },
    {
      "type": "Feature",
      "properties": {
        "sample_id": "327fbc8d5c7fe6631e6e2f449ebbe6cc529c843c",
        "source_file": "validation_2001_2022.geojson",
        "source_id": "8367",
        "lat": 65.82499980066791,
        "lon": 87.2150001000167,
        "driver": "Wildfire",
        "confidence": "High",
        "source_event_year": null,
        "event_year": null,
        "total_loss_area_ha": null,
        "dominant_loss_area_ha": null,
        "dominant_year_share": null,
        "sample_status": null,
        "pre_scene_id": null,
        "pre_date": null,
        "post_scene_id": null,
        "post_date": null,
        "pre_local_cloud": null,
        "post_local_cloud": null,
        "manual_validation": null,
        "manual_notes": null,
        "event_mask_metadata": null,
        "local_raster_paths": null
      },
      "geometry": {
        "type": "Point",
        "coordinates": [
          87.2150001000167,
          65.82499980066791
        ]
      }
    },
    {
      "type": "Feature",
      "properties": {
        "sample_id": "f61bbecc214623dbbb45c8c336abb56337917737",
        "source_file": "validation_2001_2022.geojson",
        "source_id": "8368",
        "lat": 60.21500040546209,
        "lon": 151.98499914197566,
        "driver": "Wildfire",
        "confidence": "High",
        "source_event_year": null,
        "event_year": null,
        "total_loss_area_ha": null,
        "dominant_loss_area_ha": null,
        "dominant_year_share": null,
        "sample_status": null,
        "pre_scene_id": null,
        "pre_date": null,
        "post_scene_id": null,
        "post_date": null,
        "pre_local_cloud": null,
        "post_local_cloud": null,
        "manual_validation": null,
        "manual_notes": null,
        "event_mask_metadata": null,
        "local_raster_paths": null
      },
      "geometry": {
        "type": "Point",
        "coordinates": [
          151.98499914197566,
          60.21500040546209
        ]
      }
    },
    {
      "type": "Feature",
      "properties": {
        "sample_id": "d5009bb38e300135930a2350d530d521f4f4c141",
        "source_file": "validation_2001_2022.geojson",
        "source_id": "8369",
        "lat": 63.37500027202203,
        "lon": 70.1150008074053,
        "driver": "Wildfire",
        "confidence": "High",
        "source_event_year": null,
        "event_year": null,
        "total_loss_area_ha": null,
        "dominant_loss_area_ha": null,
        "dominant_year_share": null,
        "sample_status": null,
        "pre_scene_id": null,
        "pre_date": null,
        "post_scene_id": null,
        "post_date": null,
        "pre_local_cloud": null,
        "post_local_cloud": null,
        "manual_validation": null,
        "manual_notes": null,
        "event_mask_metadata": null,
        "local_raster_paths": null
      },
      "geometry": {
        "type": "Point",
        "coordinates": [
          70.1150008074053,
          63.37500027202203
        ]
      }
    },
    {
      "type": "Feature",
      "properties": {
        "sample_id": "e65bdd6b435da50ef410d3ee8aaca430750b7887",
        "source_file": "validation_2001_2022.geojson",
        "source_id": "8370",
        "lat": 64.40499911422415,
        "lon": 116.55499994223604,
        "driver": "Wildfire",
        "confidence": "High",
        "source_event_year": null,
        "event_year": null,
        "total_loss_area_ha": null,
        "dominant_loss_area_ha": null,
        "dominant_year_share": null,
        "sample_status": null,
        "pre_scene_id": null,
        "pre_date": null,
        "post_scene_id": null,
        "post_date": null,
        "pre_local_cloud": null,
        "post_local_cloud": null,
        "manual_validation": null,
        "manual_notes": null,
        "event_mask_metadata": null,
        "local_raster_paths": null
      },
      "geometry": {
        "type": "Point",
        "coordinates": [
          116.55499994223604,
          64.40499911422415
        ]
      }
    },
    {
      "type": "Feature",
      "properties": {
        "sample_id": "071e427847d1334d5f4f6961dada7c26624acdc4",
        "source_file": "validation_2001_2022.geojson",
        "source_id": "8372",
        "lat": 56.44499994408672,
        "lon": 156.38499924801852,
        "driver": "Wildfire",
        "confidence": "High",
        "source_event_year": null,
        "event_year": null,
        "total_loss_area_ha": null,
        "dominant_loss_area_ha": null,
        "dominant_year_share": null,
        "sample_status": null,
        "pre_scene_id": null,
        "pre_date": null,
        "post_scene_id": null,
        "post_date": null,
        "pre_local_cloud": null,
        "post_local_cloud": null,
        "manual_validation": null,
        "manual_notes": null,
        "event_mask_metadata": null,
        "local_raster_paths": null
      },
      "geometry": {
        "type": "Point",
        "coordinates": [
          156.38499924801852,
          56.44499994408672
        ]
      }
    },
    {
      "type": "Feature",
      "properties": {
        "sample_id": "0e456e5f8680e656ae9978334cf38156a691221d",
        "source_file": "validation_2001_2022.geojson",
        "source_id": "8373",
        "lat": 63.34499944599501,
        "lon": 107.19499898546768,
        "driver": "Wildfire",
        "confidence": "High",
        "source_event_year": null,
        "event_year": null,
        "total_loss_area_ha": null,
        "dominant_loss_area_ha": null,
        "dominant_year_share": null,
        "sample_status": null,
        "pre_scene_id": null,
        "pre_date": null,
        "post_scene_id": null,
        "post_date": null,
        "pre_local_cloud": null,
        "post_local_cloud": null,
        "manual_validation": null,
        "manual_notes": null,
        "event_mask_metadata": null,
        "local_raster_paths": null
      },
      "geometry": {
        "type": "Point",
        "coordinates": [
          107.19499898546768,
          63.34499944599501
        ]
      }
    },
    {
      "type": "Feature",
      "properties": {
        "sample_id": "5aaf1328fee3ed405c93ec2f3c5844d6dd510be0",
        "source_file": "validation_2001_2022.geojson",
        "source_id": "8374",
        "lat": 66.96500016178115,
        "lon": 120.77499952166116,
        "driver": "Wildfire",
        "confidence": "High",
        "source_event_year": null,
        "event_year": null,
        "total_loss_area_ha": null,
        "dominant_loss_area_ha": null,
        "dominant_year_share": null,
        "sample_status": null,
        "pre_scene_id": null,
        "pre_date": null,
        "post_scene_id": null,
        "post_date": null,
        "pre_local_cloud": null,
        "post_local_cloud": null,
        "manual_validation": null,
        "manual_notes": null,
        "event_mask_metadata": null,
        "local_raster_paths": null
      },
      "geometry": {
        "type": "Point",
        "coordinates": [
          120.77499952166116,
          66.96500016178115
        ]
      }
    },
    {
      "type": "Feature",
      "properties": {
        "sample_id": "056b750c67a7636b9255e0eb298a3a57463a6d00",
        "source_file": "validation_2001_2022.geojson",
        "source_id": "8375",
        "lat": 62.854999985558166,
        "lon": 144.27499934823774,
        "driver": "Wildfire",
        "confidence": "High",
        "source_event_year": null,
        "event_year": null,
        "total_loss_area_ha": null,
        "dominant_loss_area_ha": null,
        "dominant_year_share": null,
        "sample_status": null,
        "pre_scene_id": null,
        "pre_date": null,
        "post_scene_id": null,
        "post_date": null,
        "pre_local_cloud": null,
        "post_local_cloud": null,
        "manual_validation": null,
        "manual_notes": null,
        "event_mask_metadata": null,
        "local_raster_paths": null
      },
      "geometry": {
        "type": "Point",
        "coordinates": [
          144.27499934823774,
          62.854999985558166
        ]
      }
    },
    {
      "type": "Feature",
      "properties": {
        "sample_id": "cdfa02bd8fbdc1f2b28ec530266f832acf05f2e3",
        "source_file": "validation_2001_2022.geojson",
        "source_id": "8376",
        "lat": 59.28499912496278,
        "lon": 131.53499987378368,
        "driver": "Wildfire",
        "confidence": "High",
        "source_event_year": null,
        "event_year": null,
        "total_loss_area_ha": null,
        "dominant_loss_area_ha": null,
        "dominant_year_share": null,
        "sample_status": null,
        "pre_scene_id": null,
        "pre_date": null,
        "post_scene_id": null,
        "post_date": null,
        "pre_local_cloud": null,
        "post_local_cloud": null,
        "manual_validation": null,
        "manual_notes": null,
        "event_mask_metadata": null,
        "local_raster_paths": null
      },
      "geometry": {
        "type": "Point",
        "coordinates": [
          131.53499987378368,
          59.28499912496278
        ]
      }
    },
    {
      "type": "Feature",
      "properties": {
        "sample_id": "74e16c594c6782e452aa6ea01acea6d9ed984691",
        "source_file": "validation_2001_2022.geojson",
        "source_id": "8377",
        "lat": 65.54499946155353,
        "lon": 123.40499963834698,
        "driver": "Wildfire",
        "confidence": "High",
        "source_event_year": null,
        "event_year": null,
        "total_loss_area_ha": null,
        "dominant_loss_area_ha": null,
        "dominant_year_share": null,
        "sample_status": null,
        "pre_scene_id": null,
        "pre_date": null,
        "post_scene_id": null,
        "post_date": null,
        "pre_local_cloud": null,
        "post_local_cloud": null,
        "manual_validation": null,
        "manual_notes": null,
        "event_mask_metadata": null,
        "local_raster_paths": null
      },
      "geometry": {
        "type": "Point",
        "coordinates": [
          123.40499963834698,
          65.54499946155353
        ]
      }
    },
    {
      "type": "Feature",
      "properties": {
        "sample_id": "fe11d631c5a83b46b8306f2f2389b4ac4a400cca",
        "source_file": "validation_2001_2022.geojson",
        "source_id": "8378",
        "lat": 52.03500032444572,
        "lon": 110.5050008754322,
        "driver": "Wildfire",
        "confidence": "High",
        "source_event_year": null,
        "event_year": null,
        "total_loss_area_ha": null,
        "dominant_loss_area_ha": null,
        "dominant_year_share": null,
        "sample_status": null,
        "pre_scene_id": null,
        "pre_date": null,
        "post_scene_id": null,
        "post_date": null,
        "pre_local_cloud": null,
        "post_local_cloud": null,
        "manual_validation": null,
        "manual_notes": null,
        "event_mask_metadata": null,
        "local_raster_paths": null
      },
      "geometry": {
        "type": "Point",
        "coordinates": [
          110.5050008754322,
          52.03500032444572
        ]
      }
    },
    {
      "type": "Feature",
      "properties": {
        "sample_id": "4ebcc07718461608e412865e32b4b8385f149a7a",
        "source_file": "validation_2001_2022.geojson",
        "source_id": "8379",
        "lat": 62.094999735035486,
        "lon": 88.595000503682,
        "driver": "Wildfire",
        "confidence": "High",
        "source_event_year": null,
        "event_year": null,
        "total_loss_area_ha": null,
        "dominant_loss_area_ha": null,
        "dominant_year_share": null,
        "sample_status": null,
        "pre_scene_id": null,
        "pre_date": null,
        "post_scene_id": null,
        "post_date": null,
        "pre_local_cloud": null,
        "post_local_cloud": null,
        "manual_validation": null,
        "manual_notes": null,
        "event_mask_metadata": null,
        "local_raster_paths": null
      },
      "geometry": {
        "type": "Point",
        "coordinates": [
          88.595000503682,
          62.094999735035486
        ]
      }
    },
    {
      "type": "Feature",
      "properties": {
        "sample_id": "73ef597348a724c8f65a90457307ccd5769a6e62",
        "source_file": "validation_2001_2022.geojson",
        "source_id": "8381",
        "lat": 64.35499919433629,
        "lon": 90.81499965599885,
        "driver": "Wildfire",
        "confidence": "High",
        "source_event_year": null,
        "event_year": null,
        "total_loss_area_ha": null,
        "dominant_loss_area_ha": null,
        "dominant_year_share": null,
        "sample_status": null,
        "pre_scene_id": null,
        "pre_date": null,
        "post_scene_id": null,
        "post_date": null,
        "pre_local_cloud": null,
        "post_local_cloud": null,
        "manual_validation": null,
        "manual_notes": null,
        "event_mask_metadata": null,
        "local_raster_paths": null
      },
      "geometry": {
        "type": "Point",
        "coordinates": [
          90.81499965599885,
          64.35499919433629
        ]
      }
    },
    {
      "type": "Feature",
      "properties": {
        "sample_id": "3445e87c0eb1e6b7b38a6556acf050c19a769d6d",
        "source_file": "validation_2001_2022.geojson",
        "source_id": "8382",
        "lat": 57.66499882980517,
        "lon": 95.02499967916964,
        "driver": "Wildfire",
        "confidence": "High",
        "source_event_year": null,
        "event_year": null,
        "total_loss_area_ha": null,
        "dominant_loss_area_ha": null,
        "dominant_year_share": null,
        "sample_status": null,
        "pre_scene_id": null,
        "pre_date": null,
        "post_scene_id": null,
        "post_date": null,
        "pre_local_cloud": null,
        "post_local_cloud": null,
        "manual_validation": null,
        "manual_notes": null,
        "event_mask_metadata": null,
        "local_raster_paths": null
      },
      "geometry": {
        "type": "Point",
        "coordinates": [
          95.02499967916964,
          57.66499882980517
        ]
      }
    },
    {
      "type": "Feature",
      "properties": {
        "sample_id": "24db164c59ec469ece37b92797fe1ee3c0463390",
        "source_file": "validation_2001_2022.geojson",
        "source_id": "8383",
        "lat": 61.89500015453344,
        "lon": 121.6349996318316,
        "driver": "Wildfire",
        "confidence": "High",
        "source_event_year": null,
        "event_year": null,
        "total_loss_area_ha": null,
        "dominant_loss_area_ha": null,
        "dominant_year_share": null,
        "sample_status": null,
        "pre_scene_id": null,
        "pre_date": null,
        "post_scene_id": null,
        "post_date": null,
        "pre_local_cloud": null,
        "post_local_cloud": null,
        "manual_validation": null,
        "manual_notes": null,
        "event_mask_metadata": null,
        "local_raster_paths": null
      },
      "geometry": {
        "type": "Point",
        "coordinates": [
          121.6349996318316,
          61.89500015453344
        ]
      }
    },
    {
      "type": "Feature",
      "properties": {
        "sample_id": "d1643b0924d1e1660d0ffe9216e4d92d93db7361",
        "source_file": "validation_2001_2022.geojson",
        "source_id": "8384",
        "lat": 65.86500014850124,
        "lon": 49.70499971199677,
        "driver": "Wildfire",
        "confidence": "High",
        "source_event_year": null,
        "event_year": null,
        "total_loss_area_ha": null,
        "dominant_loss_area_ha": null,
        "dominant_year_share": null,
        "sample_status": null,
        "pre_scene_id": null,
        "pre_date": null,
        "post_scene_id": null,
        "post_date": null,
        "pre_local_cloud": null,
        "post_local_cloud": null,
        "manual_validation": null,
        "manual_notes": null,
        "event_mask_metadata": null,
        "local_raster_paths": null
      },
      "geometry": {
        "type": "Point",
        "coordinates": [
          49.70499971199677,
          65.86500014850124
        ]
      }
    },
    {
      "type": "Feature",
      "properties": {
        "sample_id": "bf65c0ad8bb658d2261637f16b87e1292a45c5f2",
        "source_file": "validation_2001_2022.geojson",
        "source_id": "8385",
        "lat": 48.57500100994528,
        "lon": 139.0750008667978,
        "driver": "Wildfire",
        "confidence": "High",
        "source_event_year": null,
        "event_year": null,
        "total_loss_area_ha": null,
        "dominant_loss_area_ha": null,
        "dominant_year_share": null,
        "sample_status": null,
        "pre_scene_id": null,
        "pre_date": null,
        "post_scene_id": null,
        "post_date": null,
        "pre_local_cloud": null,
        "post_local_cloud": null,
        "manual_validation": null,
        "manual_notes": null,
        "event_mask_metadata": null,
        "local_raster_paths": null
      },
      "geometry": {
        "type": "Point",
        "coordinates": [
          139.0750008667978,
          48.57500100994528
        ]
      }
    },
    {
      "type": "Feature",
      "properties": {
        "sample_id": "951898c230b716d5d4b26404368b5a965618ba09",
        "source_file": "validation_2001_2022.geojson",
        "source_id": "8386",
        "lat": 59.10499860078255,
        "lon": 103.04500058466964,
        "driver": "Wildfire",
        "confidence": "High",
        "source_event_year": null,
        "event_year": null,
        "total_loss_area_ha": null,
        "dominant_loss_area_ha": null,
        "dominant_year_share": null,
        "sample_status": null,
        "pre_scene_id": null,
        "pre_date": null,
        "post_scene_id": null,
        "post_date": null,
        "pre_local_cloud": null,
        "post_local_cloud": null,
        "manual_validation": null,
        "manual_notes": null,
        "event_mask_metadata": null,
        "local_raster_paths": null
      },
      "geometry": {
        "type": "Point",
        "coordinates": [
          103.04500058466964,
          59.10499860078255
        ]
      }
    },
    {
      "type": "Feature",
      "properties": {
        "sample_id": "8842015118ba72a5b6ff35934ad331db7db2cb7b",
        "source_file": "validation_2001_2022.geojson",
        "source_id": "8387",
        "lat": 63.94500047619769,
        "lon": 67.16500001289606,
        "driver": "Wildfire",
        "confidence": "High",
        "source_event_year": null,
        "event_year": null,
        "total_loss_area_ha": null,
        "dominant_loss_area_ha": null,
        "dominant_year_share": null,
        "sample_status": null,
        "pre_scene_id": null,
        "pre_date": null,
        "post_scene_id": null,
        "post_date": null,
        "pre_local_cloud": null,
        "post_local_cloud": null,
        "manual_validation": null,
        "manual_notes": null,
        "event_mask_metadata": null,
        "local_raster_paths": null
      },
      "geometry": {
        "type": "Point",
        "coordinates": [
          67.16500001289606,
          63.94500047619769
        ]
      }
    },
    {
      "type": "Feature",
      "properties": {
        "sample_id": "9c3ca0820af24f02a714de25dc141960585289c1",
        "source_file": "validation_2001_2022.geojson",
        "source_id": "8388",
        "lat": 62.54499883706578,
        "lon": 101.18500030636524,
        "driver": "Wildfire",
        "confidence": "High",
        "source_event_year": null,
        "event_year": null,
        "total_loss_area_ha": null,
        "dominant_loss_area_ha": null,
        "dominant_year_share": null,
        "sample_status": null,
        "pre_scene_id": null,
        "pre_date": null,
        "post_scene_id": null,
        "post_date": null,
        "pre_local_cloud": null,
        "post_local_cloud": null,
        "manual_validation": null,
        "manual_notes": null,
        "event_mask_metadata": null,
        "local_raster_paths": null
      },
      "geometry": {
        "type": "Point",
        "coordinates": [
          101.18500030636524,
          62.54499883706578
        ]
      }
    },
    {
      "type": "Feature",
      "properties": {
        "sample_id": "891f3ff7bdacce4919ec32926ef4026c3f6fdbd5",
        "source_file": "validation_2001_2022.geojson",
        "source_id": "8389",
        "lat": 62.29499932671146,
        "lon": 149.71500014696338,
        "driver": "Wildfire",
        "confidence": "High",
        "source_event_year": null,
        "event_year": null,
        "total_loss_area_ha": null,
        "dominant_loss_area_ha": null,
        "dominant_year_share": null,
        "sample_status": null,
        "pre_scene_id": null,
        "pre_date": null,
        "post_scene_id": null,
        "post_date": null,
        "pre_local_cloud": null,
        "post_local_cloud": null,
        "manual_validation": null,
        "manual_notes": null,
        "event_mask_metadata": null,
        "local_raster_paths": null
      },
      "geometry": {
        "type": "Point",
        "coordinates": [
          149.71500014696338,
          62.29499932671146
        ]
      }
    },
    {
      "type": "Feature",
      "properties": {
        "sample_id": "2478944de94ba02d0be1672950df74a458ba77ad",
        "source_file": "validation_2001_2022.geojson",
        "source_id": "8390",
        "lat": 56.544999754145294,
        "lon": 123.45499952322224,
        "driver": "Wildfire",
        "confidence": "High",
        "source_event_year": null,
        "event_year": null,
        "total_loss_area_ha": null,
        "dominant_loss_area_ha": null,
        "dominant_year_share": null,
        "sample_status": null,
        "pre_scene_id": null,
        "pre_date": null,
        "post_scene_id": null,
        "post_date": null,
        "pre_local_cloud": null,
        "post_local_cloud": null,
        "manual_validation": null,
        "manual_notes": null,
        "event_mask_metadata": null,
        "local_raster_paths": null
      },
      "geometry": {
        "type": "Point",
        "coordinates": [
          123.45499952322224,
          56.544999754145294
        ]
      }
    },
    {
      "type": "Feature",
      "properties": {
        "sample_id": "6e7f0b5c994d1d8973cf59de128d39fec1399665",
        "source_file": "validation_2001_2022.geojson",
        "source_id": "8391",
        "lat": 62.58499918839586,
        "lon": 94.72500026063872,
        "driver": "Wildfire",
        "confidence": "Medium",
        "source_event_year": null,
        "event_year": null,
        "total_loss_area_ha": null,
        "dominant_loss_area_ha": null,
        "dominant_year_share": null,
        "sample_status": null,
        "pre_scene_id": null,
        "pre_date": null,
        "post_scene_id": null,
        "post_date": null,
        "pre_local_cloud": null,
        "post_local_cloud": null,
        "manual_validation": null,
        "manual_notes": null,
        "event_mask_metadata": null,
        "local_raster_paths": null
      },
      "geometry": {
        "type": "Point",
        "coordinates": [
          94.72500026063872,
          62.58499918839586
        ]
      }
    },
    {
      "type": "Feature",
      "properties": {
        "sample_id": "42e044fa904655e8d4944950624b9aad7441c6ac",
        "source_file": "validation_2001_2022.geojson",
        "source_id": "8392",
        "lat": 63.04500006168794,
        "lon": 137.72500132282028,
        "driver": "Wildfire",
        "confidence": "High",
        "source_event_year": null,
        "event_year": null,
        "total_loss_area_ha": null,
        "dominant_loss_area_ha": null,
        "dominant_year_share": null,
        "sample_status": null,
        "pre_scene_id": null,
        "pre_date": null,
        "post_scene_id": null,
        "post_date": null,
        "pre_local_cloud": null,
        "post_local_cloud": null,
        "manual_validation": null,
        "manual_notes": null,
        "event_mask_metadata": null,
        "local_raster_paths": null
      },
      "geometry": {
        "type": "Point",
        "coordinates": [
          137.72500132282028,
          63.04500006168794
        ]
      }
    },
    {
      "type": "Feature",
      "properties": {
        "sample_id": "32f17e971a0f68b9ab860e6d55154a31bc261c77",
        "source_file": "validation_2001_2022.geojson",
        "source_id": "8393",
        "lat": 62.52499976199738,
        "lon": 97.99499953472156,
        "driver": "Wildfire",
        "confidence": "High",
        "source_event_year": null,
        "event_year": null,
        "total_loss_area_ha": null,
        "dominant_loss_area_ha": null,
        "dominant_year_share": null,
        "sample_status": null,
        "pre_scene_id": null,
        "pre_date": null,
        "post_scene_id": null,
        "post_date": null,
        "pre_local_cloud": null,
        "post_local_cloud": null,
        "manual_validation": null,
        "manual_notes": null,
        "event_mask_metadata": null,
        "local_raster_paths": null
      },
      "geometry": {
        "type": "Point",
        "coordinates": [
          97.99499953472156,
          62.52499976199738
        ]
      }
    },
    {
      "type": "Feature",
      "properties": {
        "sample_id": "cfe86ab0eb686939fe105e29d800c66b9d08e8be",
        "source_file": "validation_2001_2022.geojson",
        "source_id": "8394",
        "lat": 61.80499986977311,
        "lon": 126.62500123579412,
        "driver": "Wildfire",
        "confidence": "High",
        "source_event_year": null,
        "event_year": null,
        "total_loss_area_ha": null,
        "dominant_loss_area_ha": null,
        "dominant_year_share": null,
        "sample_status": null,
        "pre_scene_id": null,
        "pre_date": null,
        "post_scene_id": null,
        "post_date": null,
        "pre_local_cloud": null,
        "post_local_cloud": null,
        "manual_validation": null,
        "manual_notes": null,
        "event_mask_metadata": null,
        "local_raster_paths": null
      },
      "geometry": {
        "type": "Point",
        "coordinates": [
          126.62500123579412,
          61.80499986977311
        ]
      }
    },
    {
      "type": "Feature",
      "properties": {
        "sample_id": "9107c4c94f88b2410e78b272dd944dd5bb8002a4",
        "source_file": "validation_2001_2022.geojson",
        "source_id": "8395",
        "lat": 65.51500088027015,
        "lon": 135.81499887749456,
        "driver": "Wildfire",
        "confidence": "High",
        "source_event_year": null,
        "event_year": null,
        "total_loss_area_ha": null,
        "dominant_loss_area_ha": null,
        "dominant_year_share": null,
        "sample_status": null,
        "pre_scene_id": null,
        "pre_date": null,
        "post_scene_id": null,
        "post_date": null,
        "pre_local_cloud": null,
        "post_local_cloud": null,
        "manual_validation": null,
        "manual_notes": null,
        "event_mask_metadata": null,
        "local_raster_paths": null
      },
      "geometry": {
        "type": "Point",
        "coordinates": [
          135.81499887749456,
          65.51500088027015
        ]
      }
    },
    {
      "type": "Feature",
      "properties": {
        "sample_id": "c85712467d0ce2b8c6d2c2cc43c6042d1fc730dd",
        "source_file": "validation_2001_2022.geojson",
        "source_id": "8396",
        "lat": 62.60500049349592,
        "lon": 112.10499990522028,
        "driver": "Wildfire",
        "confidence": "High",
        "source_event_year": null,
        "event_year": null,
        "total_loss_area_ha": null,
        "dominant_loss_area_ha": null,
        "dominant_year_share": null,
        "sample_status": null,
        "pre_scene_id": null,
        "pre_date": null,
        "post_scene_id": null,
        "post_date": null,
        "pre_local_cloud": null,
        "post_local_cloud": null,
        "manual_validation": null,
        "manual_notes": null,
        "event_mask_metadata": null,
        "local_raster_paths": null
      },
      "geometry": {
        "type": "Point",
        "coordinates": [
          112.10499990522028,
          62.60500049349592
        ]
      }
    },
    {
      "type": "Feature",
      "properties": {
        "sample_id": "40aa22387375e9e474b03b6514e8e45a7790eb03",
        "source_file": "validation_2001_2022.geojson",
        "source_id": "8397",
        "lat": 59.97500042969974,
        "lon": 121.92499941723862,
        "driver": "Wildfire",
        "confidence": "High",
        "source_event_year": null,
        "event_year": null,
        "total_loss_area_ha": null,
        "dominant_loss_area_ha": null,
        "dominant_year_share": null,
        "sample_status": null,
        "pre_scene_id": null,
        "pre_date": null,
        "post_scene_id": null,
        "post_date": null,
        "pre_local_cloud": null,
        "post_local_cloud": null,
        "manual_validation": null,
        "manual_notes": null,
        "event_mask_metadata": null,
        "local_raster_paths": null
      },
      "geometry": {
        "type": "Point",
        "coordinates": [
          121.92499941723862,
          59.97500042969974
        ]
      }
    },
    {
      "type": "Feature",
      "properties": {
        "sample_id": "36197d468f93288bf64534c68e80f7becae40f3a",
        "source_file": "validation_2001_2022.geojson",
        "source_id": "8398",
        "lat": 51.484999192090015,
        "lon": 111.23500027600964,
        "driver": "Wildfire",
        "confidence": "High",
        "source_event_year": null,
        "event_year": null,
        "total_loss_area_ha": null,
        "dominant_loss_area_ha": null,
        "dominant_year_share": null,
        "sample_status": null,
        "pre_scene_id": null,
        "pre_date": null,
        "post_scene_id": null,
        "post_date": null,
        "pre_local_cloud": null,
        "post_local_cloud": null,
        "manual_validation": null,
        "manual_notes": null,
        "event_mask_metadata": null,
        "local_raster_paths": null
      },
      "geometry": {
        "type": "Point",
        "coordinates": [
          111.23500027600964,
          51.484999192090015
        ]
      }
    },
    {
      "type": "Feature",
      "properties": {
        "sample_id": "7da9b9ff2835b2ccd696a4e9ddada1e0e8018d95",
        "source_file": "validation_2001_2022.geojson",
        "source_id": "8399",
        "lat": 53.35500121329461,
        "lon": 132.16499948620464,
        "driver": "Wildfire",
        "confidence": "High",
        "source_event_year": null,
        "event_year": null,
        "total_loss_area_ha": null,
        "dominant_loss_area_ha": null,
        "dominant_year_share": null,
        "sample_status": null,
        "pre_scene_id": null,
        "pre_date": null,
        "post_scene_id": null,
        "post_date": null,
        "pre_local_cloud": null,
        "post_local_cloud": null,
        "manual_validation": null,
        "manual_notes": null,
        "event_mask_metadata": null,
        "local_raster_paths": null
      },
      "geometry": {
        "type": "Point",
        "coordinates": [
          132.16499948620464,
          53.35500121329461
        ]
      }
    },
    {
      "type": "Feature",
      "properties": {
        "sample_id": "23e5532845b19bf41fb386b9f9cfde0a6410f6d2",
        "source_file": "validation_2001_2022.geojson",
        "source_id": "8400",
        "lat": 61.57499942636685,
        "lon": 95.2649996577377,
        "driver": "Wildfire",
        "confidence": "High",
        "source_event_year": null,
        "event_year": null,
        "total_loss_area_ha": null,
        "dominant_loss_area_ha": null,
        "dominant_year_share": null,
        "sample_status": null,
        "pre_scene_id": null,
        "pre_date": null,
        "post_scene_id": null,
        "post_date": null,
        "pre_local_cloud": null,
        "post_local_cloud": null,
        "manual_validation": null,
        "manual_notes": null,
        "event_mask_metadata": null,
        "local_raster_paths": null
      },
      "geometry": {
        "type": "Point",
        "coordinates": [
          95.2649996577377,
          61.57499942636685
        ]
      }
    },
    {
      "type": "Feature",
      "properties": {
        "sample_id": "88004353cda05aba5b07a7456ba3e71924c06eba",
        "source_file": "validation_2001_2022.geojson",
        "source_id": "8401",
        "lat": 62.49499891868727,
        "lon": 53.3149987460314,
        "driver": "Wildfire",
        "confidence": "High",
        "source_event_year": null,
        "event_year": null,
        "total_loss_area_ha": null,
        "dominant_loss_area_ha": null,
        "dominant_year_share": null,
        "sample_status": null,
        "pre_scene_id": null,
        "pre_date": null,
        "post_scene_id": null,
        "post_date": null,
        "pre_local_cloud": null,
        "post_local_cloud": null,
        "manual_validation": null,
        "manual_notes": null,
        "event_mask_metadata": null,
        "local_raster_paths": null
      },
      "geometry": {
        "type": "Point",
        "coordinates": [
          53.3149987460314,
          62.49499891868727
        ]
      }
    },
    {
      "type": "Feature",
      "properties": {
        "sample_id": "596a3b10df01e87b24f616fd84eab974fae81c8c",
        "source_file": "validation_2001_2022.geojson",
        "source_id": "8402",
        "lat": 64.64499907131473,
        "lon": 104.30499983957267,
        "driver": "Wildfire",
        "confidence": "High",
        "source_event_year": null,
        "event_year": null,
        "total_loss_area_ha": null,
        "dominant_loss_area_ha": null,
        "dominant_year_share": null,
        "sample_status": null,
        "pre_scene_id": null,
        "pre_date": null,
        "post_scene_id": null,
        "post_date": null,
        "pre_local_cloud": null,
        "post_local_cloud": null,
        "manual_validation": null,
        "manual_notes": null,
        "event_mask_metadata": null,
        "local_raster_paths": null
      },
      "geometry": {
        "type": "Point",
        "coordinates": [
          104.30499983957267,
          64.64499907131473
        ]
      }
    },
    {
      "type": "Feature",
      "properties": {
        "sample_id": "81802e785cad13875121db8b93a3c783626b904d",
        "source_file": "validation_2001_2022.geojson",
        "source_id": "8403",
        "lat": 66.54499968783018,
        "lon": 125.00500091919557,
        "driver": "Wildfire",
        "confidence": "High",
        "source_event_year": null,
        "event_year": null,
        "total_loss_area_ha": null,
        "dominant_loss_area_ha": null,
        "dominant_year_share": null,
        "sample_status": null,
        "pre_scene_id": null,
        "pre_date": null,
        "post_scene_id": null,
        "post_date": null,
        "pre_local_cloud": null,
        "post_local_cloud": null,
        "manual_validation": null,
        "manual_notes": null,
        "event_mask_metadata": null,
        "local_raster_paths": null
      },
      "geometry": {
        "type": "Point",
        "coordinates": [
          125.00500091919557,
          66.54499968783018
        ]
      }
    },
    {
      "type": "Feature",
      "properties": {
        "sample_id": "6414c411fced2aa1817fc6817a2ffafa449c7259",
        "source_file": "validation_2001_2022.geojson",
        "source_id": "8404",
        "lat": 62.18500001262445,
        "lon": 125.23500130671452,
        "driver": "Wildfire",
        "confidence": "High",
        "source_event_year": null,
        "event_year": null,
        "total_loss_area_ha": null,
        "dominant_loss_area_ha": null,
        "dominant_year_share": null,
        "sample_status": null,
        "pre_scene_id": null,
        "pre_date": null,
        "post_scene_id": null,
        "post_date": null,
        "pre_local_cloud": null,
        "post_local_cloud": null,
        "manual_validation": null,
        "manual_notes": null,
        "event_mask_metadata": null,
        "local_raster_paths": null
      },
      "geometry": {
        "type": "Point",
        "coordinates": [
          125.23500130671452,
          62.18500001262445
        ]
      }
    },
    {
      "type": "Feature",
      "properties": {
        "sample_id": "4b6f30c7ef0dc8915ed286905289187085a28006",
        "source_file": "validation_2001_2022.geojson",
        "source_id": "8405",
        "lat": 52.31500064873824,
        "lon": 123.5350002453505,
        "driver": "Wildfire",
        "confidence": "Low",
        "source_event_year": null,
        "event_year": null,
        "total_loss_area_ha": null,
        "dominant_loss_area_ha": null,
        "dominant_year_share": null,
        "sample_status": null,
        "pre_scene_id": null,
        "pre_date": null,
        "post_scene_id": null,
        "post_date": null,
        "pre_local_cloud": null,
        "post_local_cloud": null,
        "manual_validation": null,
        "manual_notes": null,
        "event_mask_metadata": null,
        "local_raster_paths": null
      },
      "geometry": {
        "type": "Point",
        "coordinates": [
          123.5350002453505,
          52.31500064873824
        ]
      }
    },
    {
      "type": "Feature",
      "properties": {
        "sample_id": "183e9081abc5a2e11ce6e4b1178a584fcf487f89",
        "source_file": "validation_2001_2022.geojson",
        "source_id": "8406",
        "lat": 50.854999534225854,
        "lon": 114.2050001383503,
        "driver": "Wildfire",
        "confidence": "High",
        "source_event_year": null,
        "event_year": null,
        "total_loss_area_ha": null,
        "dominant_loss_area_ha": null,
        "dominant_year_share": null,
        "sample_status": null,
        "pre_scene_id": null,
        "pre_date": null,
        "post_scene_id": null,
        "post_date": null,
        "pre_local_cloud": null,
        "post_local_cloud": null,
        "manual_validation": null,
        "manual_notes": null,
        "event_mask_metadata": null,
        "local_raster_paths": null
      },
      "geometry": {
        "type": "Point",
        "coordinates": [
          114.2050001383503,
          50.854999534225854
        ]
      }
    },
    {
      "type": "Feature",
      "properties": {
        "sample_id": "f672dfa250982f5e0313336707cad625e0d32fe3",
        "source_file": "validation_2001_2022.geojson",
        "source_id": "8407",
        "lat": 51.54499863667916,
        "lon": 129.70500043892636,
        "driver": "Wildfire",
        "confidence": "High",
        "source_event_year": null,
        "event_year": null,
        "total_loss_area_ha": null,
        "dominant_loss_area_ha": null,
        "dominant_year_share": null,
        "sample_status": null,
        "pre_scene_id": null,
        "pre_date": null,
        "post_scene_id": null,
        "post_date": null,
        "pre_local_cloud": null,
        "post_local_cloud": null,
        "manual_validation": null,
        "manual_notes": null,
        "event_mask_metadata": null,
        "local_raster_paths": null
      },
      "geometry": {
        "type": "Point",
        "coordinates": [
          129.70500043892636,
          51.54499863667916
        ]
      }
    },
    {
      "type": "Feature",
      "properties": {
        "sample_id": "367553ea95cd750dfc77263cbd92ba19cc48ae6f",
        "source_file": "validation_2001_2022.geojson",
        "source_id": "8408",
        "lat": 51.28499959311242,
        "lon": 136.63500083521217,
        "driver": "Wildfire",
        "confidence": "High",
        "source_event_year": null,
        "event_year": null,
        "total_loss_area_ha": null,
        "dominant_loss_area_ha": null,
        "dominant_year_share": null,
        "sample_status": null,
        "pre_scene_id": null,
        "pre_date": null,
        "post_scene_id": null,
        "post_date": null,
        "pre_local_cloud": null,
        "post_local_cloud": null,
        "manual_validation": null,
        "manual_notes": null,
        "event_mask_metadata": null,
        "local_raster_paths": null
      },
      "geometry": {
        "type": "Point",
        "coordinates": [
          136.63500083521217,
          51.28499959311242
        ]
      }
    },
    {
      "type": "Feature",
      "properties": {
        "sample_id": "034e0cfd7549d18b31368f3cf3faef6235ae07a9",
        "source_file": "validation_2001_2022.geojson",
        "source_id": "8409",
        "lat": 64.52500020493339,
        "lon": 113.52500062156568,
        "driver": "Wildfire",
        "confidence": "High",
        "source_event_year": null,
        "event_year": null,
        "total_loss_area_ha": null,
        "dominant_loss_area_ha": null,
        "dominant_year_share": null,
        "sample_status": null,
        "pre_scene_id": null,
        "pre_date": null,
        "post_scene_id": null,
        "post_date": null,
        "pre_local_cloud": null,
        "post_local_cloud": null,
        "manual_validation": null,
        "manual_notes": null,
        "event_mask_metadata": null,
        "local_raster_paths": null
      },
      "geometry": {
        "type": "Point",
        "coordinates": [
          113.52500062156568,
          64.52500020493339
        ]
      }
    },
    {
      "type": "Feature",
      "properties": {
        "sample_id": "2940b6eb35de2cc6da3be6dc330032e5a06feaed",
        "source_file": "validation_2001_2022.geojson",
        "source_id": "8410",
        "lat": 64.59499915083998,
        "lon": 84.34500008210856,
        "driver": "Wildfire",
        "confidence": "High",
        "source_event_year": null,
        "event_year": null,
        "total_loss_area_ha": null,
        "dominant_loss_area_ha": null,
        "dominant_year_share": null,
        "sample_status": null,
        "pre_scene_id": null,
        "pre_date": null,
        "post_scene_id": null,
        "post_date": null,
        "pre_local_cloud": null,
        "post_local_cloud": null,
        "manual_validation": null,
        "manual_notes": null,
        "event_mask_metadata": null,
        "local_raster_paths": null
      },
      "geometry": {
        "type": "Point",
        "coordinates": [
          84.34500008210856,
          64.59499915083998
        ]
      }
    },
    {
      "type": "Feature",
      "properties": {
        "sample_id": "2190632789c9578387c2e6c6b5699178f1994dc4",
        "source_file": "validation_2001_2022.geojson",
        "source_id": "8411",
        "lat": 59.42499929273985,
        "lon": 133.86500048323762,
        "driver": "Wildfire",
        "confidence": "High",
        "source_event_year": null,
        "event_year": null,
        "total_loss_area_ha": null,
        "dominant_loss_area_ha": null,
        "dominant_year_share": null,
        "sample_status": null,
        "pre_scene_id": null,
        "pre_date": null,
        "post_scene_id": null,
        "post_date": null,
        "pre_local_cloud": null,
        "post_local_cloud": null,
        "manual_validation": null,
        "manual_notes": null,
        "event_mask_metadata": null,
        "local_raster_paths": null
      },
      "geometry": {
        "type": "Point",
        "coordinates": [
          133.86500048323762,
          59.42499929273985
        ]
      }
    },
    {
      "type": "Feature",
      "properties": {
        "sample_id": "a8b8f4bb33e31170c2af12b9fe00db2592b17de8",
        "source_file": "validation_2001_2022.geojson",
        "source_id": "8413",
        "lat": 48.70499939479779,
        "lon": 128.60500037166295,
        "driver": "Wildfire",
        "confidence": "Medium",
        "source_event_year": null,
        "event_year": null,
        "total_loss_area_ha": null,
        "dominant_loss_area_ha": null,
        "dominant_year_share": null,
        "sample_status": null,
        "pre_scene_id": null,
        "pre_date": null,
        "post_scene_id": null,
        "post_date": null,
        "pre_local_cloud": null,
        "post_local_cloud": null,
        "manual_validation": null,
        "manual_notes": null,
        "event_mask_metadata": null,
        "local_raster_paths": null
      },
      "geometry": {
        "type": "Point",
        "coordinates": [
          128.60500037166295,
          48.70499939479779
        ]
      }
    },
    {
      "type": "Feature",
      "properties": {
        "sample_id": "b90ea5d55643d3ecb6ca65cda4e5371f212d6550",
        "source_file": "validation_2001_2022.geojson",
        "source_id": "8414",
        "lat": 62.21499858373649,
        "lon": 127.4050005850812,
        "driver": "Wildfire",
        "confidence": "High",
        "source_event_year": null,
        "event_year": null,
        "total_loss_area_ha": null,
        "dominant_loss_area_ha": null,
        "dominant_year_share": null,
        "sample_status": null,
        "pre_scene_id": null,
        "pre_date": null,
        "post_scene_id": null,
        "post_date": null,
        "pre_local_cloud": null,
        "post_local_cloud": null,
        "manual_validation": null,
        "manual_notes": null,
        "event_mask_metadata": null,
        "local_raster_paths": null
      },
      "geometry": {
        "type": "Point",
        "coordinates": [
          127.4050005850812,
          62.21499858373649
        ]
      }
    },
    {
      "type": "Feature",
      "properties": {
        "sample_id": "e555cd66269a152d206ac9237449de8e116c6a8a",
        "source_file": "validation_2001_2022.geojson",
        "source_id": "8415",
        "lat": 64.6550008327199,
        "lon": 112.7150004679631,
        "driver": "Wildfire",
        "confidence": "Low",
        "source_event_year": null,
        "event_year": null,
        "total_loss_area_ha": null,
        "dominant_loss_area_ha": null,
        "dominant_year_share": null,
        "sample_status": null,
        "pre_scene_id": null,
        "pre_date": null,
        "post_scene_id": null,
        "post_date": null,
        "pre_local_cloud": null,
        "post_local_cloud": null,
        "manual_validation": null,
        "manual_notes": null,
        "event_mask_metadata": null,
        "local_raster_paths": null
      },
      "geometry": {
        "type": "Point",
        "coordinates": [
          112.7150004679631,
          64.6550008327199
        ]
      }
    },
    {
      "type": "Feature",
      "properties": {
        "sample_id": "78bbdce8c0ac5482bc7defa2c5b473da8b779069",
        "source_file": "validation_2001_2022.geojson",
        "source_id": "8416",
        "lat": 67.42499878980365,
        "lon": 137.78500071474977,
        "driver": "Wildfire",
        "confidence": "High",
        "source_event_year": null,
        "event_year": null,
        "total_loss_area_ha": null,
        "dominant_loss_area_ha": null,
        "dominant_year_share": null,
        "sample_status": null,
        "pre_scene_id": null,
        "pre_date": null,
        "post_scene_id": null,
        "post_date": null,
        "pre_local_cloud": null,
        "post_local_cloud": null,
        "manual_validation": null,
        "manual_notes": null,
        "event_mask_metadata": null,
        "local_raster_paths": null
      },
      "geometry": {
        "type": "Point",
        "coordinates": [
          137.78500071474977,
          67.42499878980365
        ]
      }
    },
    {
      "type": "Feature",
      "properties": {
        "sample_id": "189aabf8e778097835d6dd7ecdc0f8df8cdb686e",
        "source_file": "validation_2001_2022.geojson",
        "source_id": "8417",
        "lat": 52.84500046412119,
        "lon": 119.4150004415915,
        "driver": "Wildfire",
        "confidence": "High",
        "source_event_year": null,
        "event_year": null,
        "total_loss_area_ha": null,
        "dominant_loss_area_ha": null,
        "dominant_year_share": null,
        "sample_status": null,
        "pre_scene_id": null,
        "pre_date": null,
        "post_scene_id": null,
        "post_date": null,
        "pre_local_cloud": null,
        "post_local_cloud": null,
        "manual_validation": null,
        "manual_notes": null,
        "event_mask_metadata": null,
        "local_raster_paths": null
      },
      "geometry": {
        "type": "Point",
        "coordinates": [
          119.4150004415915,
          52.84500046412119
        ]
      }
    },
    {
      "type": "Feature",
      "properties": {
        "sample_id": "bd14d34d3b9e20688cfbb82c9eee4d098e03a501",
        "source_file": "validation_2001_2022.geojson",
        "source_id": "8418",
        "lat": 56.88499947750232,
        "lon": 94.96500022884526,
        "driver": "Wildfire",
        "confidence": "High",
        "source_event_year": null,
        "event_year": null,
        "total_loss_area_ha": null,
        "dominant_loss_area_ha": null,
        "dominant_year_share": null,
        "sample_status": null,
        "pre_scene_id": null,
        "pre_date": null,
        "post_scene_id": null,
        "post_date": null,
        "pre_local_cloud": null,
        "post_local_cloud": null,
        "manual_validation": null,
        "manual_notes": null,
        "event_mask_metadata": null,
        "local_raster_paths": null
      },
      "geometry": {
        "type": "Point",
        "coordinates": [
          94.96500022884526,
          56.88499947750232
        ]
      }
    },
    {
      "type": "Feature",
      "properties": {
        "sample_id": "6b409a367fee50c7bc8d8dba6de9bea2f5c5cf4c",
        "source_file": "validation_2001_2022.geojson",
        "source_id": "8463",
        "lat": 59.69500009604443,
        "lon": 111.7249997539564,
        "driver": "Wildfire",
        "confidence": "High",
        "source_event_year": null,
        "event_year": null,
        "total_loss_area_ha": null,
        "dominant_loss_area_ha": null,
        "dominant_year_share": null,
        "sample_status": null,
        "pre_scene_id": null,
        "pre_date": null,
        "post_scene_id": null,
        "post_date": null,
        "pre_local_cloud": null,
        "post_local_cloud": null,
        "manual_validation": null,
        "manual_notes": null,
        "event_mask_metadata": null,
        "local_raster_paths": null
      },
      "geometry": {
        "type": "Point",
        "coordinates": [
          111.7249997539564,
          59.69500009604443
        ]
      }
    },
    {
      "type": "Feature",
      "properties": {
        "sample_id": "19dac5e6bef1dee1799b04cf98cb1905af394ef0",
        "source_file": "validation_2001_2022.geojson",
        "source_id": "8470",
        "lat": 59.39500067921716,
        "lon": 106.6250010119293,
        "driver": "Wildfire",
        "confidence": "Medium",
        "source_event_year": null,
        "event_year": null,
        "total_loss_area_ha": null,
        "dominant_loss_area_ha": null,
        "dominant_year_share": null,
        "sample_status": null,
        "pre_scene_id": null,
        "pre_date": null,
        "post_scene_id": null,
        "post_date": null,
        "pre_local_cloud": null,
        "post_local_cloud": null,
        "manual_validation": null,
        "manual_notes": null,
        "event_mask_metadata": null,
        "local_raster_paths": null
      },
      "geometry": {
        "type": "Point",
        "coordinates": [
          106.6250010119293,
          59.39500067921716
        ]
      }
    },
    {
      "type": "Feature",
      "properties": {
        "sample_id": "9b5401821af42805e36be2b2f3c02fd9a9c0d006",
        "source_file": "validation_2001_2022.geojson",
        "source_id": "8493",
        "lat": 60.58500097217665,
        "lon": 59.81499909841516,
        "driver": "Wildfire",
        "confidence": "High",
        "source_event_year": null,
        "event_year": null,
        "total_loss_area_ha": null,
        "dominant_loss_area_ha": null,
        "dominant_year_share": null,
        "sample_status": null,
        "pre_scene_id": null,
        "pre_date": null,
        "post_scene_id": null,
        "post_date": null,
        "pre_local_cloud": null,
        "post_local_cloud": null,
        "manual_validation": null,
        "manual_notes": null,
        "event_mask_metadata": null,
        "local_raster_paths": null
      },
      "geometry": {
        "type": "Point",
        "coordinates": [
          59.81499909841516,
          60.58500097217665
        ]
      }
    }
  ]
}