sample_id,source_file,source_id,lat,lon,driver,confidence,source_event_year,event_year,total_loss_area_ha,dominant_loss_area_ha,dominant_year_share,sample_status,pre_scene_id,pre_date,post_scene_id,post_date,pre_local_cloud,post_local_cloud,manual_validation,manual_notes,geometry,event_mask_metadata,local_raster_paths
e5d1cf9d104794e5484ceb29d59704d09267eb19,training_2001_2025_v1_3.csv,3118,49.954996894929614,37.83499978275255,Wildfire,Medium,,,,,,,,,,,,,Unclear,smoke,"{""type"": ""Point"", ""coordinates"": [37.83499978275255, 49.954996894929614]}",,
796504d5192850c16979d06759fa375a5a5199ea,training_2001_2025_v1_3.csv,3600,54.6049987241561,20.485001000142493,Wildfire,Low,,,,,,,,,,,,,,,"{""type"": ""Point"", ""coordinates"": [20.485001000142493, 54.6049987241561]}",,
52c9dcc7bf5b5befd1806a1fede1555db65a0873,training_2001_2025_v1_3.csv,5319,56.24500034074871,134.95499883130643,Wildfire,High,,,,,,,,,,,,,,,"{""type"": ""Point"", ""coordinates"": [134.95499883130643, 56.24500034074871]}",,
16c99af300ca773031b92f90b4caef801ac72951,training_2001_2025_v1_3.csv,5391,55.50499913611947,128.5050005376442,Wildfire,High,,,,,,,,,,,,,,,"{""type"": ""Point"", ""coordinates"": [128.5050005376442, 55.50499913611947]}",,
000634004f5210baf3bb348a38459e437234bc72,training_2001_2025_v1_3.csv,5410,51.12499812402781,112.00500232478684,Wildfire,High,,,,,,,,,,,,,,,"{""type"": ""Point"", ""coordinates"": [112.00500232478684, 51.12499812402781]}",,
e530ba2b82dd12dde4f17a5feb9240b81c2a7106,training_2001_2025_v1_3.csv,5426,58.73500020582215,131.88499917206653,Wildfire,High,,,,,,,,,,,,,,,"{""type"": ""Point"", ""coordinates"": [131.88499917206653, 58.73500020582215]}",,
8bbaae3b7779a328ce48262e5bd219789dc5543e,training_2001_2025_v1_3.csv,5427,53.10499951002016,118.9650013800897,Wildfire,Low,,,,,,,,,,,,,,,"{""type"": ""Point"", ""coordinates"": [118.9650013800897, 53.10499951002016]}",,
bfc55db43317a0ac81fe86219cbdc808c6fa9150,training_2001_2025_v1_3.csv,5455,62.91499942184926,61.054999342349106,Wildfire,High,,,,,,,,,,,,,,,"{""type"": ""Point"", ""coordinates"": [61.054999342349106, 62.91499942184926]}",,
c61747c3b5a6d496f51789b0d0af098e7dbd46b9,training_2001_2025_v1_3.csv,5464,56.73499981621782,118.25500101464922,Wildfire,High,,,,,,,,,,,,,,,"{""type"": ""Point"", ""coordinates"": [118.25500101464922, 56.73499981621782]}",,
23e47104e6e76635e5b790568c50e0731211adba,training_2001_2025_v1_3.csv,5467,68.58500049393297,136.2249998643583,Wildfire,High,,,,,,,,,,,,,,,"{""type"": ""Point"", ""coordinates"": [136.2249998643583, 68.58500049393297]}",,
9372ba07a5646dc3151a94a77b6aea74bc3c483f,training_2001_2025_v1_3.csv,5473,59.30500043132925,130.98499879848745,Wildfire,High,,,,,,,,,,,,,,,"{""type"": ""Point"", ""coordinates"": [130.98499879848745, 59.30500043132925]}",,
f6453d8b58dbaf8817984c8f75bb7bd8a4d5413a,training_2001_2025_v1_3.csv,5475,53.57499990686501,128.6749993593131,Wildfire,High,,,,,,,,,,,,,,,"{""type"": ""Point"", ""coordinates"": [128.6749993593131, 53.57499990686501]}",,
cc8a64b02d9a3e39110815c82289f50a53f1aa5c,training_2001_2025_v1_3.csv,5483,59.24500097116978,135.1849992420386,Wildfire,High,,,,,,,,,,,,,,,"{""type"": ""Point"", ""coordinates"": [135.1849992420386, 59.24500097116978]}",,
03729ae3b0bec34e691900e592270d87a31d71db,training_2001_2025_v1_3.csv,5484,54.56500057384093,121.71500025839018,Wildfire,High,,,,,,,,,,,,,,,"{""type"": ""Point"", ""coordinates"": [121.71500025839018, 54.56500057384093]}",,
d7ec1a58161597ec07b22d446aa1930d579ed5f7,training_2001_2025_v1_3.csv,5495,55.40499934140713,121.855000495768,Wildfire,High,,,,,,,,,,,,,,,"{""type"": ""Point"", ""coordinates"": [121.855000495768, 55.40499934140713]}",,
06ca6f501fea6b65dc1b083507fee1ceee701297,training_2001_2025_v1_3.csv,5498,59.1049986397109,130.77499959522254,Wildfire,High,,,,,,,,,,,,,,,"{""type"": ""Point"", ""coordinates"": [130.77499959522254, 59.1049986397109]}",,
315b3772a9ff8224664d5d79f8c3bb2d2ee2be59,training_2001_2025_v1_3.csv,5502,60.03499987161484,134.00500074551306,Wildfire,High,,,,,,,,,,,,,,,"{""type"": ""Point"", ""coordinates"": [134.00500074551306, 60.03499987161484]}",,
5460ab9a1335e1659da42d39893d8e7efeac2980,training_2001_2025_v1_3.csv,5514,67.64499967146836,145.37499938592526,Wildfire,High,,,,,,,,,,,,,,,"{""type"": ""Point"", ""coordinates"": [145.37499938592526, 67.64499967146836]}",,
05d5126ea7bf1e23249a4315161430b5677f91c8,training_2001_2025_v1_3.csv,5542,60.595000512427085,117.57499920686212,Wildfire,High,,,,,,,,,,,,,,,"{""type"": ""Point"", ""coordinates"": [117.57499920686212, 60.595000512427085]}",,
3a069e3abb0fd68fde47f4825bd6a974af040ece,training_2001_2025_v1_3.csv,5552,65.32499858639436,126.07500002024312,Wildfire,High,,,,,,,,,,,,,,,"{""type"": ""Point"", ""coordinates"": [126.07500002024312, 65.32499858639436]}",,
c46917dcb84d8566b042eaa771ec2e611209db4c,training_2001_2025_v1_3.csv,5557,69.2650000035549,142.13499877088125,Wildfire,High,,,,,,,,,,,,,,,"{""type"": ""Point"", ""coordinates"": [142.13499877088125, 69.2650000035549]}",,
d648e9dc7882e301a1055355b3eb897bf2e75ac6,training_2001_2025_v1_3.csv,5567,66.85500085228612,134.0749997291289,Wildfire,High,,,,,,,,,,,,,,,"{""type"": ""Point"", ""coordinates"": [134.0749997291289, 66.85500085228612]}",,
b15d9afa8011e6e15817c531799c03d4060fffa1,training_2001_2025_v1_3.csv,5577,61.06499867775106,121.82499964806196,Wildfire,High,,,,,,,,,,,,,,,"{""type"": ""Point"", ""coordinates"": [121.82499964806196, 61.06499867775106]}",,
9e8bd7b9de944d76235f3fa6dc04e6e5e057f1c2,training_2001_2025_v1_3.csv,5594,55.045000526386914,118.6649996908786,Wildfire,High,,,,,,,,,,,,,,,"{""type"": ""Point"", ""coordinates"": [118.6649996908786, 55.045000526386914]}",,
71d62344c05837fd07467aabe23164dae73c5292,training_2001_2025_v1_3.csv,5615,53.59499897509163,114.43500058815602,Wildfire,High,,,,,,,,,,,,,,,"{""type"": ""Point"", ""coordinates"": [114.43500058815602, 53.59499897509163]}",,
7010af74e0aa7d2b3422611c86548945258c728e,training_2001_2025_v1_3.csv,5631,65.09500034790992,158.17500058226173,Wildfire,High,,,,,,,,,,,,,,,"{""type"": ""Point"", ""coordinates"": [158.17500058226173, 65.09500034790992]}",,
7f2bff37bc771031758ca1e9eed51cf5d3197ec2,training_2001_2025_v1_3.csv,5642,70.28499928374879,140.76500023545867,Wildfire,High,,,,,,,,,,,,,,,"{""type"": ""Point"", ""coordinates"": [140.76500023545867, 70.28499928374879]}",,
ca3f3cddee1b0ee7e29e1627b36944d105543720,training_2001_2025_v1_3.csv,5644,55.44499969256439,122.03499875576512,Wildfire,High,,,,,,,,,,,,,,,"{""type"": ""Point"", ""coordinates"": [122.03499875576512, 55.44499969256439]}",,
1971d07068b48f960017c168d620ceaea1598ec3,training_2001_2025_v1_3.csv,5645,67.05500045460964,146.5050002943456,Wildfire,High,,,,,,,,,,,,,,,"{""type"": ""Point"", ""coordinates"": [146.5050002943456, 67.05500045460964]}",,
769262dfbd6bee43d1cfa3fce67570282ef935cd,training_2001_2025_v1_3.csv,5646,54.60499872513787,111.0250011654905,Wildfire,High,,,,,,,,,,,,,,,"{""type"": ""Point"", ""coordinates"": [111.0250011654905, 54.60499872513787]}",,
0f30303a557d4dfa4a1950203a0644eac035d5a1,training_2001_2025_v1_3.csv,5671,53.84500068811529,116.75499950148698,Wildfire,High,,,,,,,,,,,,,,,"{""type"": ""Point"", ""coordinates"": [116.75499950148698, 53.84500068811529]}",,
fd463fd70b89a56bcdb7c3d102856458e5ae74bd,training_2001_2025_v1_3.csv,5673,53.15499940180256,112.40499926626592,Wildfire,High,,,,,,,,,,,,,,,"{""type"": ""Point"", ""coordinates"": [112.40499926626592, 53.15499940180256]}",,
9ef28b2882a3abe78d864de7e58475e0a6ba07d6,training_2001_2025_v1_3.csv,5683,53.34499946016158,111.58499956802576,Wildfire,Medium,,,,,,,,,,,,,,,"{""type"": ""Point"", ""coordinates"": [111.58499956802576, 53.34499946016158]}",,
e9ad18d1f98f084fe344d3c4910987bd06fcb42c,training_2001_2025_v1_3.csv,5698,52.3549987747739,115.31499970662252,Wildfire,High,,,,,,,,,,,,,,,"{""type"": ""Point"", ""coordinates"": [115.31499970662252, 52.3549987747739]}",,
9b97aac0ce64eba8236116b522d3b48e45e7c8a6,training_2001_2025_v1_3.csv,5701,63.42500015937748,121.25499945128256,Wildfire,High,,,,,,,,,,,,,,,"{""type"": ""Point"", ""coordinates"": [121.25499945128256, 63.42500015937748]}",,
6a730066287392022b5132209f2f57928a006270,training_2001_2025_v1_3.csv,5720,51.75499995046848,112.76500033658886,Wildfire,High,,,,,,,,,,,,,,,"{""type"": ""Point"", ""coordinates"": [112.76500033658886, 51.75499995046848]}",,
844cfeb73b5171a4af681d10a7206f018a2ac3bf,training_2001_2025_v1_3.csv,5756,53.97499908275059,116.12499981926496,Wildfire,High,,,,,,,,,,,,,,,"{""type"": ""Point"", ""coordinates"": [116.12499981926496, 53.97499908275059]}",,
89385c7120b964cb8f074971e2cd3d72fe417a07,training_2001_2025_v1_3.csv,5768,54.855000449363715,115.5350006243776,Wildfire,High,,,,,,,,,,,,,,,"{""type"": ""Point"", ""coordinates"": [115.5350006243776, 54.855000449363715]}",,
074739f6b148045ce0440c76e0b56910d086e0fa,training_2001_2025_v1_3.csv,5800,51.15500118233909,116.53500087269128,Wildfire,High,,,,,,,,,,,,,,,"{""type"": ""Point"", ""coordinates"": [116.53500087269128, 51.15500118233909]}",,
2c33ffed48d98c7ec377222147a5e42e46eda320,training_2001_2025_v1_3.csv,5811,52.515000241512915,115.48500075330702,Wildfire,High,,,,,,,,,,,,,,,"{""type"": ""Point"", ""coordinates"": [115.48500075330702, 52.515000241512915]}",,
271397212daa0740ef00c61c58d45ff9cdd47407,training_2001_2025_v1_3.csv,5815,52.25499897201709,114.62500065127104,Wildfire,High,,,,,,,,,,,,,,,"{""type"": ""Point"", ""coordinates"": [114.62500065127104, 52.25499897201709]}",,
9a431215576b587be893473d7eaa5d67401272f4,training_2001_2025_v1_3.csv,5825,52.43499950022178,115.67500080768772,Wildfire,High,,,,,,,,,,,,,,,"{""type"": ""Point"", ""coordinates"": [115.67500080768772, 52.43499950022178]}",,
b92fcc24086c2b4be40a65f22105ae02cb98babd,training_2001_2025_v1_3.csv,8564,44.97499929838891,147.80499989062554,Wildfire,Medium,,,,,,,,,,,,,,,"{""type"": ""Point"", ""coordinates"": [147.80499989062554, 44.97499929838891]}",,
8ced43cbda733abe63b7252ba5c254cd907abb5f,training_2001_2025_v1_3.csv,8580,48.64499997888165,132.4550015749084,Wildfire,Low,,,,,,,,,,,,,,,"{""type"": ""Point"", ""coordinates"": [132.4550015749084, 48.64499997888165]}",,
bcd3bf480f8383a8e3ca2e9b226a6a71aa8bb6db,training_2001_2025_v1_3.csv,8593,49.68500056635429,109.64500077248154,Wildfire,Medium,,,,,,,,,,,,,,,"{""type"": ""Point"", ""coordinates"": [109.64500077248154, 49.68500056635429]}",,
a4929a38e77788043949271a7cbb202979affc32,training_2001_2025_v1_3.csv,8595,50.12500011858564,107.66499938980904,Wildfire,High,,,,,,,,,,,,,,,"{""type"": ""Point"", ""coordinates"": [107.66499938980904, 50.12500011858564]}",,
bbd84dd948427d2a4bb322e824f1f65f9dc42807,training_2001_2025_v1_3.csv,8596,50.175000037719514,43.4449992453599,Wildfire,High,,,,,,,,,,,,,,,"{""type"": ""Point"", ""coordinates"": [43.4449992453599, 50.175000037719514]}",,
d45000e119d95416c43a596220b3fcb18e696733,training_2001_2025_v1_3.csv,8597,50.21500039879356,135.35500022260712,Wildfire,High,,,,,,,,,,,,,,,"{""type"": ""Point"", ""coordinates"": [135.35500022260712, 50.21500039879356]}",,
22892421bd293d432127afd24ae8405fdbab556a,training_2001_2025_v1_3.csv,8598,50.24500121937203,130.7249997284285,Wildfire,High,,,,,,,,,,,,,,,"{""type"": ""Point"", ""coordinates"": [130.7249997284285, 50.24500121937203]}",,
03e4ddaeb859256a1bebc018bbbb6934262aaafc,training_2001_2025_v1_3.csv,8599,50.374999624117365,98.2049986696094,Wildfire,High,,,,,,,,,,,,,,,"{""type"": ""Point"", ""coordinates"": [98.2049986696094, 50.374999624117365]}",,
75a7aa6c96052737e013198ed62147b3fd446837,training_2001_2025_v1_3.csv,8600,50.384999142513216,98.30499846165658,Wildfire,Medium,,,,,,,,,,,,,,,"{""type"": ""Point"", ""coordinates"": [98.30499846165658, 50.384999142513216]}",,
d8ed7d2e93121af28c229491dbe2a4834bbac679,training_2001_2025_v1_3.csv,8602,50.845000020279784,107.95500149817504,Wildfire,High,,,,,,,,,,,,,,,"{""type"": ""Point"", ""coordinates"": [107.95500149817504, 50.845000020279784]}",,
95a7241049614739b26d6808bd97393c5229a654,training_2001_2025_v1_3.csv,8603,50.87500082514016,106.90499908220728,Wildfire,High,,,,,,,,,,,,,,,"{""type"": ""Point"", ""coordinates"": [106.90499908220728, 50.87500082514016]}",,
9136ad4ee1f3d50ea2477c629a4e52182bf96010,training_2001_2025_v1_3.csv,8604,50.90499946795662,88.99499969708107,Wildfire,High,,,,,,,,,,,,,,,"{""type"": ""Point"", ""coordinates"": [88.99499969708107, 50.90499946795662]}",,
57ecc9d7612e5f6b90eee39f2f8035b80b18e776,training_2001_2025_v1_3.csv,8606,51.02500056901935,87.81499892098152,Wildfire,Medium,,,,,,,,,,,,,,,"{""type"": ""Point"", ""coordinates"": [87.81499892098152, 51.02500056901935]}",,
9383dc38139cc33f98094334f9d5f7e81b6506b6,training_2001_2025_v1_3.csv,8607,51.025000557253584,94.54499975653104,Wildfire,High,,,,,,,,,,,,,,,"{""type"": ""Point"", ""coordinates"": [94.54499975653104, 51.025000557253584]}",,
840a7fbd736a57c7ae3eeca083c05ba9d55704c2,training_2001_2025_v1_3.csv,8610,51.175000260155294,113.52499843923025,Wildfire,Medium,,,,,,,,,,,,,,,"{""type"": ""Point"", ""coordinates"": [113.52499843923025, 51.175000260155294]}",,
f2547afc2c55e9c593388ffd7d592ef16cb72ae9,training_2001_2025_v1_3.csv,8611,51.20500109532771,88.50500022238698,Wildfire,High,,,,,,,,,,,,,,,"{""type"": ""Point"", ""coordinates"": [88.50500022238698, 51.20500109532771]}",,
870d8b73ec16375953d556e18e34fa45b43c8a36,training_2001_2025_v1_3.csv,8613,51.215000625447495,88.50500019956539,Wildfire,High,,,,,,,,,,,,,,,"{""type"": ""Point"", ""coordinates"": [88.50500019956539, 51.215000625447495]}",,
854de3689e3750654bd5bb89ef7c36959016bb36,training_2001_2025_v1_3.csv,8616,51.26500049773999,116.78500035832734,Wildfire,High,,,,,,,,,,,,,,,"{""type"": ""Point"", ""coordinates"": [116.78500035832734, 51.26500049773999]}",,
9db3f6da8d037c71191f9e5986dc938ea23dea3d,training_2001_2025_v1_3.csv,8617,51.38499936910781,44.86500003551566,Wildfire,High,,,,,,,,,,,,,,,"{""type"": ""Point"", ""coordinates"": [44.86500003551566, 51.38499936910781]}",,
4b127cd9700e12295a04398a2d138b4aa88b9e74,training_2001_2025_v1_3.csv,8618,51.40500069621424,95.35499989589074,Wildfire,Medium,,,,,,,,,,,,,,,"{""type"": ""Point"", ""coordinates"": [95.35499989589074, 51.40500069621424]}",,
77d537801f0541c1d700ae12917451e74089c9af,training_2001_2025_v1_3.csv,8619,51.46500010283376,107.2349993804102,Wildfire,Medium,,,,,,,,,,,,,,,"{""type"": ""Point"", ""coordinates"": [107.2349993804102, 51.46500010283376]}",,
ab74dcf7cd6297067144871281b482429ca1d3a6,training_2001_2025_v1_3.csv,8620,51.47499962929773,113.5749982817018,Wildfire,High,,,,,,,,,,,,,,,"{""type"": ""Point"", ""coordinates"": [113.5749982817018, 51.47499962929773]}",,
707af1a90bedf7980b41123164c767d12fe04d4b,training_2001_2025_v1_3.csv,8622,51.48499916951865,133.69499958375985,Wildfire,High,,,,,,,,,,,,,,,"{""type"": ""Point"", ""coordinates"": [133.69499958375985, 51.48499916951865]}",,
30503769c798c58fb43ed364c00e6a08ac7709ad,training_2001_2025_v1_3.csv,8623,51.49499870354631,127.37499969319298,Wildfire,High,,,,,,,,,,,,,,,"{""type"": ""Point"", ""coordinates"": [127.37499969319298, 51.49499870354631]}",,
f21c49a96afd5fc7e1570ed96203888876e2326f,training_2001_2025_v1_3.csv,8627,51.59500075447207,113.03500114048325,Wildfire,High,,,,,,,,,,,,,,,"{""type"": ""Point"", ""coordinates"": [113.03500114048325, 51.59500075447207]}",,
a2db52b1f8760ede9e28406d5ef763bbcc9210c5,training_2001_2025_v1_3.csv,8631,51.774999038895615,122.76500044616526,Wildfire,High,,,,,,,,,,,,,,,"{""type"": ""Point"", ""coordinates"": [122.76500044616526, 51.774999038895615]}",,
0ee4c06285de7bcb2d4798cb8eef554883924356,training_2001_2025_v1_3.csv,8635,51.924998747979586,119.0649989157627,Wildfire,Medium,,,,,,,,,,,,,,,"{""type"": ""Point"", ""coordinates"": [119.0649989157627, 51.924998747979586]}",,
d8e8825f5e00c730e57b50c5a0e176f777cf7f36,training_2001_2025_v1_3.csv,8637,51.97499863261743,70.45500058171953,Wildfire,Medium,,,,,,,,,,,,,,,"{""type"": ""Point"", ""coordinates"": [70.45500058171953, 51.97499863261743]}",,
5527aa5d5df6d80357f6ae050f75fafe7a71229b,training_2001_2025_v1_3.csv,8638,51.98500040463063,111.19499994858732,Wildfire,High,,,,,,,,,,,,,,,"{""type"": ""Point"", ""coordinates"": [111.19499994858732, 51.98500040463063]}",,
f72384064967a36655908115d2170c4527027488,training_2001_2025_v1_3.csv,8641,52.07500066123362,92.62499999274269,Wildfire,Low,,,,,,,,,,,,,,,"{""type"": ""Point"", ""coordinates"": [92.62499999274269, 52.07500066123362]}",,
269cc60d62766b43f87e894f29cfe4cb3838b7d5,training_2001_2025_v1_3.csv,8643,52.11500103740232,131.8849991785262,Wildfire,High,,,,,,,,,,,,,,,"{""type"": ""Point"", ""coordinates"": [131.8849991785262, 52.11500103740232]}",,
820ae5f02f7b7e614a14833f93a9a94c765797b4,training_2001_2025_v1_3.csv,8655,52.344999230587035,113.72500018131528,Wildfire,High,,,,,,,,,,,,,,,"{""type"": ""Point"", ""coordinates"": [113.72500018131528, 52.344999230587035]}",,
03777f2f836056c8ad1396051ead38ffc6ad81c2,training_2001_2025_v1_3.csv,8659,52.39499914885118,108.58500111834825,Wildfire,High,,,,,,,,,,,,,,,"{""type"": ""Point"", ""coordinates"": [108.58500111834825, 52.39499914885118]}",,
7696748deb66397ac0334f0e8d2ab92708877d6f,training_2001_2025_v1_3.csv,8660,52.404998680453694,70.34499907128203,Wildfire,Low,,,,,,,,,,,,,,,"{""type"": ""Point"", ""coordinates"": [70.34499907128203, 52.404998680453694]}",,
fd1bfa62af875a2a012568753af70073719d135f,training_2001_2025_v1_3.csv,8666,52.51500024545571,64.13500076789049,Wildfire,High,,,,,,,,,,,,,,,"{""type"": ""Point"", ""coordinates"": [64.13500076789049, 52.51500024545571]}",,
7b43214e1cbf8981c59b955f316a52e490828148,training_2001_2025_v1_3.csv,8668,52.565000137479664,120.34500168255995,Wildfire,High,,,,,,,,,,,,,,,"{""type"": ""Point"", ""coordinates"": [120.34500168255995, 52.565000137479664]}",,
5025791e082f206b704c8748364f1491a60b9681,training_2001_2025_v1_3.csv,8669,52.56500015239288,133.57499846365525,Wildfire,High,,,,,,,,,,,,,,,"{""type"": ""Point"", ""coordinates"": [133.57499846365525, 52.56500015239288]}",,
80df70abb331d10693d71c14902e35b3403f1f45,training_2001_2025_v1_3.csv,8672,52.60500050428588,127.4450008936198,Wildfire,High,,,,,,,,,,,,,,,"{""type"": ""Point"", ""coordinates"": [127.4450008936198, 52.60500050428588]}",,
a63916cc237c97bc3b2258c07982bd60003e8954,training_2001_2025_v1_3.csv,8675,52.64500086287352,125.79499976810996,Wildfire,High,,,,,,,,,,,,,,,"{""type"": ""Point"", ""coordinates"": [125.79499976810996, 52.64500086287352]}",,
7ad93b1e58fd180fb6f424b37c9facf2b351481a,training_2001_2025_v1_3.csv,8680,52.77499926992677,96.99499930487896,Wildfire,High,,,,,,,,,,,,,,,"{""type"": ""Point"", ""coordinates"": [96.99499930487896, 52.77499926992677]}",,
a8e8c24d454792a5fd6c3e5a5623a1e97760ac52,training_2001_2025_v1_3.csv,8681,52.784998817643775,131.3150011630546,Wildfire,High,,,,,,,,,,,,,,,"{""type"": ""Point"", ""coordinates"": [131.3150011630546, 52.784998817643775]}",,
1b088a2dbeb4ad31b295b49e5084be4ae39799ad,training_2001_2025_v1_3.csv,8682,52.79500057086854,90.30500106454556,Wildfire,High,,,,,,,,,,,,,,,"{""type"": ""Point"", ""coordinates"": [90.30500106454556, 52.79500057086854]}",,
b9662c90d4890754cb8f5e891fbb1c8497debca9,training_2001_2025_v1_3.csv,8686,52.85500001004768,104.08500116998556,Wildfire,High,,,,,,,,,,,,,,,"{""type"": ""Point"", ""coordinates"": [104.08500116998556, 52.85500001004768]}",,
3655a8d6a2159ad1cd009df225b7e8ee4da4ab2e,training_2001_2025_v1_3.csv,8688,52.89500037503954,104.5350002965718,Wildfire,High,,,,,,,,,,,,,,,"{""type"": ""Point"", ""coordinates"": [104.5350002965718, 52.89500037503954]}",,
f62d9966fe3cd71548be840fd8890bbe4b3df423,training_2001_2025_v1_3.csv,8689,52.91499942217803,114.06499996491569,Wildfire,High,,,,,,,,,,,,,,,"{""type"": ""Point"", ""coordinates"": [114.06499996491569, 52.91499942217803]}",,
8c6d598aa60370cdf0ea9a7794019dafc660d899,training_2001_2025_v1_3.csv,8690,52.93500074095404,101.71500014960252,Wildfire,Medium,,,,,,,,,,,,,,,"{""type"": ""Point"", ""coordinates"": [101.71500014960252, 52.93500074095404]}",,
22dff687de89d0ac9d8b66e8afe7d00820808a78,training_2001_2025_v1_3.csv,8697,53.05499960519504,104.02499953616046,Wildfire,Medium,,,,,,,,,,,,,,,"{""type"": ""Point"", ""coordinates"": [104.02499953616046, 53.05499960519504]}",,
4228d592439926d9ed13820431b645f8f51244d3,training_2001_2025_v1_3.csv,8701,53.08500042978962,132.91500022431143,Wildfire,High,,,,,,,,,,,,,,,"{""type"": ""Point"", ""coordinates"": [132.91500022431143, 53.08500042978962]}",,
e8faf7f82b08a6d84c3f6d800c1ebb98e560c347,training_2001_2025_v1_3.csv,8705,53.09499997994506,137.70500000886753,Wildfire,High,,,,,,,,,,,,,,,"{""type"": ""Point"", ""coordinates"": [137.70500000886753, 53.09499997994506]}",,
51e0c80c1c911c2d6ce930db48c30965b7ab5dca,training_2001_2025_v1_3.csv,8706,53.125000807197615,103.01499979700051,Wildfire,Low,,,,,,,,,,,,,,,"{""type"": ""Point"", ""coordinates"": [103.01499979700051, 53.125000807197615]}",,
580d600a211e12445f6da9bea3e40d165bdd4275,training_2001_2025_v1_3.csv,8708,53.15499941537601,60.04499954066681,Wildfire,High,,,,,,,,,,,,,,,"{""type"": ""Point"", ""coordinates"": [60.04499954066681, 53.15499941537601]}",,
aa0934eaf0731dcc3c868678a4627e2d64565f97,training_2001_2025_v1_3.csv,8713,53.21499885730184,158.50499862888316,Wildfire,Low,,,,,,,,,,,,,,,"{""type"": ""Point"", ""coordinates"": [158.50499862888316, 53.21499885730184]}",,
0cf224325a8e46cd49ff2655cad922da20bc492a,training_2001_2025_v1_3.csv,8714,53.22500057742506,47.585000361209666,Wildfire,High,,,,,,,,,,,,,,,"{""type"": ""Point"", ""coordinates"": [47.585000361209666, 53.22500057742506]}",,
2a7c453156e5823af7e2313d1d2622acdcb3bdb0,training_2001_2025_v1_3.csv,8715,53.22500058909557,106.16500014137718,Wildfire,High,,,,,,,,,,,,,,,"{""type"": ""Point"", ""coordinates"": [106.16500014137718, 53.22500058909557]}",,
8d7921b9a25cf7a4846e5f584177b4cb054416f5,training_2001_2025_v1_3.csv,8716,53.22500060889802,124.79500172705936,Wildfire,High,,,,,,,,,,,,,,,"{""type"": ""Point"", ""coordinates"": [124.79500172705936, 53.22500060889802]}",,
c3c1eb54ae98757332d9c73aa57c5c19c2ba56d5,training_2001_2025_v1_3.csv,8721,53.294999548559495,64.31500127131487,Wildfire,Medium,,,,,,,,,,,,,,,"{""type"": ""Point"", ""coordinates"": [64.31500127131487, 53.294999548559495]}",,
e1b8335f12cfd194968627cd5da53ced1f04e82b,training_2001_2025_v1_3.csv,8722,53.31499860787417,64.30499951696797,Wildfire,Medium,,,,,,,,,,,,,,,"{""type"": ""Point"", ""coordinates"": [64.30499951696797, 53.31499860787417]}",,
46abb1f12ac307c333cefde289aa1316a0497eb0,training_2001_2025_v1_3.csv,8724,53.31499862274523,158.47499997512026,Wildfire,High,,,,,,,,,,,,,,,"{""type"": ""Point"", ""coordinates"": [158.47499997512026, 53.31499862274523]}",,
6cf9753b2463d2d286aeb7727c1e8504223f1d3e,training_2001_2025_v1_3.csv,8727,53.36500075456559,158.4450013999104,Wildfire,High,,,,,,,,,,,,,,,"{""type"": ""Point"", ""coordinates"": [158.4450013999104, 53.36500075456559]}",,
c584272798932c817accec72bb3f9d9bc17807b2,training_2001_2025_v1_3.csv,8731,53.415000672749535,47.45499974174612,Wildfire,High,,,,,,,,,,,,,,,"{""type"": ""Point"", ""coordinates"": [47.45499974174612, 53.415000672749535]}",,
b3cfde7bf76a021aac22d9b8c5d03c2e3758485f,training_2001_2025_v1_3.csv,8737,53.50500093739807,119.74499842559868,Wildfire,Medium,,,,,,,,,,,,,,,"{""type"": ""Point"", ""coordinates"": [119.74499842559868, 53.50500093739807]}",,
dfe872d43b0352db33588b4af0f3c8aa2be2a0a1,training_2001_2025_v1_3.csv,8740,53.54499906785822,119.62499962105366,Wildfire,High,,,,,,,,,,,,,,,"{""type"": ""Point"", ""coordinates"": [119.62499962105366, 53.54499906785822]}",,
08e304d71c79798ce963684f552ac141b79e6f5e,training_2001_2025_v1_3.csv,8754,53.69499877450661,125.7649989100561,Wildfire,High,,,,,,,,,,,,,,,"{""type"": ""Point"", ""coordinates"": [125.7649989100561, 53.69499877450661]}",,
7662f73127372ea6e7c57ad969f9c84e951b2652,training_2001_2025_v1_3.csv,8757,53.72499960390513,104.5749984704475,Wildfire,High,,,,,,,,,,,,,,,"{""type"": ""Point"", ""coordinates"": [104.5749984704475, 53.72499960390513]}",,
cb64d38075838886c365166f81e28d8be35659f3,training_2001_2025_v1_3.csv,8759,53.75500042316488,126.49499832451716,Wildfire,High,,,,,,,,,,,,,,,"{""type"": ""Point"", ""coordinates"": [126.49499832451716, 53.75500042316488]}",,
7e35bf088e1954ed1a53751395cc762cf4736cf5,training_2001_2025_v1_3.csv,8761,53.794998557974296,82.72499973901975,Wildfire,High,,,,,,,,,,,,,,,"{""type"": ""Point"", ""coordinates"": [82.72499973901975, 53.794998557974296]}",,
ba1e38cd1ca05534195924fc9756b76e2b0a684a,training_2001_2025_v1_3.csv,8763,53.81499984297619,133.58500023992218,Wildfire,High,,,,,,,,,,,,,,,"{""type"": ""Point"", ""coordinates"": [133.58500023992218, 53.81499984297619]}",,
d1ae9f9ed3c67e88c1dc33442133c5176b3f7476,training_2001_2025_v1_3.csv,8770,53.88500105957499,99.45500061380972,Wildfire,Low,,,,,,,,,,,,,,,"{""type"": ""Point"", ""coordinates"": [99.45500061380972, 53.88500105957499]}",,
0a417f11391a3169b8d71dc1854beceb154674cd,training_2001_2025_v1_3.csv,8772,53.895000573507424,111.98499880288333,Wildfire,High,,,,,,,,,,,,,,,"{""type"": ""Point"", ""coordinates"": [111.98499880288333, 53.895000573507424]}",,
29e320bbe2bf9b62ee5e4428519f0ca900c27980,training_2001_2025_v1_3.csv,8777,53.90500012916961,157.70500019479277,Wildfire,High,,,,,,,,,,,,,,,"{""type"": ""Point"", ""coordinates"": [157.70500019479277, 53.90500012916961]}",,
c0466ff7e752e19f164fcb8a2c8aae7ee1a57961,training_2001_2025_v1_3.csv,8784,53.94500048439436,124.75499913821504,Wildfire,High,,,,,,,,,,,,,,,"{""type"": ""Point"", ""coordinates"": [124.75499913821504, 53.94500048439436]}",,
f2da8cfc0997711aaadd2366d194414df49bbeee,training_2001_2025_v1_3.csv,8789,54.10499974808193,134.39500039057816,Wildfire,Medium,,,,,,,,,,,,,,,"{""type"": ""Point"", ""coordinates"": [134.39500039057816, 54.10499974808193]}",,
25461b05641c15990a9ef8cb010be6f44010a066,training_2001_2025_v1_3.csv,8805,54.29499979363094,124.80499902979942,Wildfire,Low,,,,,,,,,,,,,,,"{""type"": ""Point"", ""coordinates"": [124.80499902979942, 54.29499979363094]}",,
5f1a1b92e81d20c1010034f7f9a2851713be93b3,training_2001_2025_v1_3.csv,8806,54.30499932175364,42.19500177466664,Wildfire,High,,,,,,,,,,,,,,,"{""type"": ""Point"", ""coordinates"": [42.19500177466664, 54.30499932175364]}",,
ed2224eda59032d1837f372eda0afa94fd8ce8fb,training_2001_2025_v1_3.csv,8807,54.33500014649166,122.18500065125674,Wildfire,Low,,,,,,,,,,,,,,,"{""type"": ""Point"", ""coordinates"": [122.18500065125674, 54.33500014649166]}",,
0d9afeb2ec2289c7229ff8b551d2013a256097fd,training_2001_2025_v1_3.csv,8809,54.3949995665519,101.92499923910307,Wildfire,High,,,,,,,,,,,,,,,"{""type"": ""Point"", ""coordinates"": [101.92499923910307, 54.3949995665519]}",,
0fddda618540d4ab3e1605342e13f8b1336fa7df,training_2001_2025_v1_3.csv,8816,54.52500019809991,126.99499953891171,Wildfire,High,,,,,,,,,,,,,,,"{""type"": ""Point"", ""coordinates"": [126.99499953891171, 54.52500019809991]}",,
52a29e06b3a1c302ba30fcef237eaff127892e6a,training_2001_2025_v1_3.csv,8819,54.58499965520776,89.36500026855748,Wildfire,High,,,,,,,,,,,,,,,"{""type"": ""Point"", ""coordinates"": [89.36500026855748, 54.58499965520776]}",,
78ff7739d1d6c3e9e7a9e6d8394a3c7dc812a9cc,training_2001_2025_v1_3.csv,8821,54.60499647447452,126.53500091215484,Wildfire,High,,,,,,,,,,,,,,,"{""type"": ""Point"", ""coordinates"": [126.53500091215484, 54.60499647447452]}",,
b23c02690d476047c5a6f2ac809ccf8770fd7b88,training_2001_2025_v1_3.csv,8836,54.95500023014049,112.40500154039736,Wildfire,High,,,,,,,,,,,,,,,"{""type"": ""Point"", ""coordinates"": [112.40500154039736, 54.95500023014049]}",,
79221e4e2b266ca83c9c3772bba3cfc9247906c1,training_2001_2025_v1_3.csv,8843,55.13499852208318,104.22499913774033,Wildfire,High,,,,,,,,,,,,,,,"{""type"": ""Point"", ""coordinates"": [104.22499913774033, 55.13499852208318]}",,
df824a2e72d60c62d68038e38e6f7fe12a763aa1,training_2001_2025_v1_3.csv,8857,55.43500017526404,76.23499884629673,Wildfire,Low,,,,,,,,,,,,,,,"{""type"": ""Point"", ""coordinates"": [76.23499884629673, 55.43500017526404]}",,
245b581ad8f2c44c2fb89c588a1def0086c45717,training_2001_2025_v1_3.csv,8858,55.47500055882875,125.75500162157098,Wildfire,High,,,,,,,,,,,,,,,"{""type"": ""Point"", ""coordinates"": [125.75500162157098, 55.47500055882875]}",,
d57388f120ca8bd6fb9df49e8819d490e2c21fca,training_2001_2025_v1_3.csv,8863,55.675000140555404,127.76499933829784,Wildfire,High,,,,,,,,,,,,,,,"{""type"": ""Point"", ""coordinates"": [127.76499933829784, 55.675000140555404]}",,
5235f88749266e119ce58a123d93802a32be0c2f,training_2001_2025_v1_3.csv,8882,56.124999253838475,98.2150004514958,Wildfire,High,,,,,,,,,,,,,,,"{""type"": ""Point"", ""coordinates"": [98.2150004514958, 56.124999253838475]}",,
1581156947ef569c089aaac857fac7b36c0cf022,training_2001_2025_v1_3.csv,8892,56.30499976543694,47.15500032073634,Wildfire,High,,,,,,,,,,,,,,,"{""type"": ""Point"", ""coordinates"": [47.15500032073634, 56.30499976543694]}",,
bfb8e8ad1e2950f5cfc5795b1a803920320f25c7,training_2001_2025_v1_3.csv,8898,56.554999265273864,42.43499949404757,Wildfire,High,,,,,,,,,,,,,,,"{""type"": ""Point"", ""coordinates"": [42.43499949404757, 56.554999265273864]}",,
6fcffa42267a61525a2ba453400fe0e3f26eb727,training_2001_2025_v1_3.csv,8899,56.67500037471091,100.82500146506676,Wildfire,High,,,,,,,,,,,,,,,"{""type"": ""Point"", ""coordinates"": [100.82500146506676, 56.67500037471091]}",,
8b640f36f436cc7a41dc3847d3db31e47f80738c,training_2001_2025_v1_3.csv,8901,56.725000274059106,108.6350010354926,Wildfire,High,,,,,,,,,,,,,,,"{""type"": ""Point"", ""coordinates"": [108.6350010354926, 56.725000274059106]}",,
7f22f19aeed297106bf01f67149bf6a7df85d3c0,training_2001_2025_v1_3.csv,8904,56.75499887474662,136.56499966364376,Wildfire,Low,,,,,,,,,,,,,,,"{""type"": ""Point"", ""coordinates"": [136.56499966364376, 56.75499887474662]}",,
c84e19ee4f34e2280c51f36cb0d7b1dddcd8dea0,training_2001_2025_v1_3.csv,8914,57.354999911214456,102.81500014536137,Wildfire,High,,,,,,,,,,,,,,,"{""type"": ""Point"", ""coordinates"": [102.81500014536137, 57.354999911214456]}",,
81e0a007ecfdb2843fd4c11593dde31e1a254b76,training_2001_2025_v1_3.csv,8921,57.76499860861597,158.68499913738253,Wildfire,High,,,,,,,,,,,,,,,"{""type"": ""Point"", ""coordinates"": [158.68499913738253, 57.76499860861597]}",,
74ce57258da43ff5cb2e9e2d1de6f8c462e2ea48,training_2001_2025_v1_3.csv,8923,57.88499969104761,59.91500117990888,Wildfire,Low,,,,,,,,,,,,,,,"{""type"": ""Point"", ""coordinates"": [59.91500117990888, 57.88499969104761]}",,
5e4cda699c71872ad70035131d78335cf2b87495,training_2001_2025_v1_3.csv,8924,57.88499970484061,103.95500056436391,Wildfire,High,,,,,,,,,,,,,,,"{""type"": ""Point"", ""coordinates"": [103.95500056436391, 57.88499970484061]}",,
bb6af691b047417f750df86d01ec7e1ce4b9f553,training_2001_2025_v1_3.csv,8925,57.94499912836513,112.70500093955847,Wildfire,High,,,,,,,,,,,,,,,"{""type"": ""Point"", ""coordinates"": [112.70500093955847, 57.94499912836513]}",,
c5ce4bcdc1982a422fdf227252ac30abe6808bc0,training_2001_2025_v1_3.csv,8927,57.994999035943565,136.88500035028054,Wildfire,High,,,,,,,,,,,,,,,"{""type"": ""Point"", ""coordinates"": [136.88500035028054, 57.994999035943565]}",,
ea741164e630c589df64c08abaa9158b5fa40823,training_2001_2025_v1_3.csv,8928,58.084999351905495,86.18500127944627,Wildfire,High,,,,,,,,,,,,,,,"{""type"": ""Point"", ""coordinates"": [86.18500127944627, 58.084999351905495]}",,
f0f57cefaf89c3715a69c63483e432d7fe01c362,training_2001_2025_v1_3.csv,8929,58.1050006107298,136.88500031327115,Wildfire,High,,,,,,,,,,,,,,,"{""type"": ""Point"", ""coordinates"": [136.88500031327115, 58.1050006107298]}",,
f9faec309f4637a592cdf85d139b1acf7416ec94,training_2001_2025_v1_3.csv,8934,58.514999355756984,105.76499873444985,Wildfire,High,,,,,,,,,,,,,,,"{""type"": ""Point"", ""coordinates"": [105.76499873444985, 58.514999355756984]}",,
b19b8f86ece3609703e1f0710ae6bbb08a2401b8,training_2001_2025_v1_3.csv,8938,58.624998683908906,115.31499971433102,Wildfire,High,,,,,,,,,,,,,,,"{""type"": ""Point"", ""coordinates"": [115.31499971433102, 58.624998683908906]}",,
e4b50b3067fc3ce91c2682369dc0c976927edeac,training_2001_2025_v1_3.csv,8940,58.67499856914737,99.90499975096132,Wildfire,High,,,,,,,,,,,,,,,"{""type"": ""Point"", ""coordinates"": [99.90499975096132, 58.67499856914737]}",,
d4f23212ad0a9e844ef6c68e649e88350e7f951c,training_2001_2025_v1_3.csv,8941,58.71500116087237,128.34499908954928,Wildfire,High,,,,,,,,,,,,,,,"{""type"": ""Point"", ""coordinates"": [128.34499908954928, 58.71500116087237]}",,
e30204602efdca8a5ce81901e4b594e23a5ea6af,training_2001_2025_v1_3.csv,8943,58.73500022757422,111.89500071544585,Wildfire,High,,,,,,,,,,,,,,,"{""type"": ""Point"", ""coordinates"": [111.89500071544585, 58.73500022757422]}",,
4b9c13163794cb2dec87d25aa7ee5a9eaf19e14a,training_2001_2025_v1_3.csv,8945,58.94499935415795,84.93499931231956,Wildfire,High,,,,,,,,,,,,,,,"{""type"": ""Point"", ""coordinates"": [84.93499931231956, 58.94499935415795]}",,
63ef9754c5e76e22d7bbbf1ba195eaa4684b8396,training_2001_2025_v1_3.csv,8949,59.00499881240071,86.62499864857317,Wildfire,High,,,,,,,,,,,,,,,"{""type"": ""Point"", ""coordinates"": [86.62499864857317, 59.00499881240071]}",,
f71887e42133aa5a8a02c3e3118ef1cb36ce1fa9,training_2001_2025_v1_3.csv,8950,59.02500011192146,76.90500106851412,Wildfire,High,,,,,,,,,,,,,,,"{""type"": ""Point"", ""coordinates"": [76.90500106851412, 59.02500011192146]}",,
4fe9997391588e9d81816430c7f6b1656b634001,training_2001_2025_v1_3.csv,8953,59.29500091100001,109.45499848515423,Wildfire,High,,,,,,,,,,,,,,,"{""type"": ""Point"", ""coordinates"": [109.45499848515423, 59.29500091100001]}",,
a5745ec8f6b72bade597251022fdb0bfe5702862,training_2001_2025_v1_3.csv,8954,59.31499995120242,65.06499975311179,Wildfire,High,,,,,,,,,,,,,,,"{""type"": ""Point"", ""coordinates"": [65.06499975311179, 59.31499995120242]}",,
5e41d005f4565a4e6eaecfa9965cec8e4e8094e4,training_2001_2025_v1_3.csv,8958,59.5450003766384,94.5350002185774,Wildfire,High,,,,,,,,,,,,,,,"{""type"": ""Point"", ""coordinates"": [94.5350002185774, 59.5450003766384]}",,
00334055d165f1c716299b5d687c00786b8bf078,training_2001_2025_v1_3.csv,8960,59.67500104253346,83.75500078499289,Wildfire,High,,,,,,,,,,,,,,,"{""type"": ""Point"", ""coordinates"": [83.75500078499289, 59.67500104253346]}",,
58dcb987c2343c0957d2c3215a0750e48dca72cb,training_2001_2025_v1_3.csv,8961,59.764999071762695,151.25499968616484,Wildfire,High,,,,,,,,,,,,,,,"{""type"": ""Point"", ""coordinates"": [151.25499968616484, 59.764999071762695]}",,
1e6eae347dcdfd103156546862800f6bea4b2791,training_2001_2025_v1_3.csv,8965,60.06500069845429,99.93500054752604,Wildfire,Low,,,,,,,,,,,,,,,"{""type"": ""Point"", ""coordinates"": [99.93500054752604, 60.06500069845429]}",,
f19b07b6f063285091e0c604623cd0d771bc613d,training_2001_2025_v1_3.csv,8966,60.06500068059073,131.83499926072466,Wildfire,High,,,,,,,,,,,,,,,"{""type"": ""Point"", ""coordinates"": [131.83499926072466, 60.06500068059073]}",,
58f5ba1f709fc021a4171f73693e12aef83f474a,training_2001_2025_v1_3.csv,8969,60.144999169174376,109.39500126970516,Wildfire,High,,,,,,,,,,,,,,,"{""type"": ""Point"", ""coordinates"": [109.39500126970516, 60.144999169174376]}",,
c4d7ffef271185bdf9121256e4aeab953ae64448,training_2001_2025_v1_3.csv,8970,60.165000485180435,61.10500150566393,Wildfire,High,,,,,,,,,,,,,,,"{""type"": ""Point"", ""coordinates"": [61.10500150566393, 60.165000485180435]}",,
73d9c39161a2c26726ca1a757c8f42028f311e9c,training_2001_2025_v1_3.csv,8971,60.16500047665028,120.0350005791306,Wildfire,High,,,,,,,,,,,,,,,"{""type"": ""Point"", ""coordinates"": [120.0350005791306, 60.16500047665028]}",,
9639c040fc5c85b46ea6b0a16e57993771030687,training_2001_2025_v1_3.csv,8972,60.175000036314835,71.56500013718397,Wildfire,High,,,,,,,,,,,,,,,"{""type"": ""Point"", ""coordinates"": [71.56500013718397, 60.175000036314835]}",,
687f139ef35eecef4f8788792f1881ed72855483,training_2001_2025_v1_3.csv,8974,60.28499936618117,76.76499864912537,Wildfire,High,,,,,,,,,,,,,,,"{""type"": ""Point"", ""coordinates"": [76.76499864912537, 60.28499936618117]}",,
18f7b1ddfb805189bbf950f43776d6a2bdc418b6,training_2001_2025_v1_3.csv,8980,60.70499983016463,88.24499892853918,Wildfire,High,,,,,,,,,,,,,,,"{""type"": ""Point"", ""coordinates"": [88.24499892853918, 60.70499983016463]}",,
9c404ef36be3e48556d4b05c6cc04d7741d94a08,training_2001_2025_v1_3.csv,8981,60.70499985551043,108.77499893944989,Wildfire,High,,,,,,,,,,,,,,,"{""type"": ""Point"", ""coordinates"": [108.77499893944989, 60.70499985551043]}",,
4040731aff02bf9ad2e2f391abd9c8518ce46634,training_2001_2025_v1_3.csv,8983,60.7350006759856,99.5150000626247,Wildfire,High,,,,,,,,,,,,,,,"{""type"": ""Point"", ""coordinates"": [99.5150000626247, 60.7350006759856]}",,
23f8547cbb03eb424a4b947ac95d8c2249bc34ed,training_2001_2025_v1_3.csv,8984,60.74500021370582,127.9850002533166,Wildfire,High,,,,,,,,,,,,,,,"{""type"": ""Point"", ""coordinates"": [127.9850002533166, 60.74500021370582]}",,
f8d4b3344941efaa628f85f9ef349135bd83c45a,training_2001_2025_v1_3.csv,8985,60.75499975177058,132.8749998568946,Wildfire,Medium,,,,,,,,,,,,,,,"{""type"": ""Point"", ""coordinates"": [132.8749998568946, 60.75499975177058]}",,
812218d6af14ae13b9084d0a808f4289f27a3419,training_2001_2025_v1_3.csv,8986,60.924998523627025,87.97500037149649,Wildfire,High,,,,,,,,,,,,,,,"{""type"": ""Point"", ""coordinates"": [87.97500037149649, 60.924998523627025]}",,
f994a73bef01ca29a4cb8c5aab108815ea79b83e,training_2001_2025_v1_3.csv,8987,61.00499923781673,149.0450001276354,Wildfire,High,,,,,,,,,,,,,,,"{""type"": ""Point"", ""coordinates"": [149.0450001276354, 61.00499923781673]}",,
aa16c96e9779daef258598571151df989098e36e,training_2001_2025_v1_3.csv,8988,61.08499997671944,88.19499904088227,Wildfire,High,,,,,,,,,,,,,,,"{""type"": ""Point"", ""coordinates"": [88.19499904088227, 61.08499997671944]}",,
11deafb95a6718e80d6370253acf636e8403274e,training_2001_2025_v1_3.csv,8990,61.144999416736674,132.2049998717829,Wildfire,High,,,,,,,,,,,,,,,"{""type"": ""Point"", ""coordinates"": [132.2049998717829, 61.144999416736674]}",,
638f7545321dba8b7d284e9fafd16021cdbb81ad,training_2001_2025_v1_3.csv,8991,61.14499938871289,149.62499986584808,Wildfire,High,,,,,,,,,,,,,,,"{""type"": ""Point"", ""coordinates"": [149.62499986584808, 61.14499938871289]}",,
ce7f8c25cacfbceb6801e01e6264f329f6012383,training_2001_2025_v1_3.csv,8993,61.23499968627972,59.92499837326053,Wildfire,High,,,,,,,,,,,,,,,"{""type"": ""Point"", ""coordinates"": [59.92499837326053, 61.23499968627972]}",,
8d87df9371b71c1225dc8d123b3f35eeaf98bc83,training_2001_2025_v1_3.csv,8995,61.25499874166268,98.00499905836708,Wildfire,High,,,,,,,,,,,,,,,"{""type"": ""Point"", ""coordinates"": [98.00499905836708, 61.25499874166268]}",,
ef643408f9b0b601e1918044c9d5bb853b4b607a,training_2001_2025_v1_3.csv,8997,61.32499994624978,83.02500131896349,Wildfire,High,,,,,,,,,,,,,,,"{""type"": ""Point"", ""coordinates"": [83.02500131896349, 61.32499994624978]}",,
b2c626081067f872319b586186a8dbc9738d46d6,training_2001_2025_v1_3.csv,8998,61.324999926631186,148.8749991213392,Wildfire,High,,,,,,,,,,,,,,,"{""type"": ""Point"", ""coordinates"": [148.8749991213392, 61.324999926631186]}",,
1098e1fc8b4ff1cc29d373b1366b1d69fa0762bb,training_2001_2025_v1_3.csv,8999,61.33499947126885,64.2949999220718,Wildfire,High,,,,,,,,,,,,,,,"{""type"": ""Point"", ""coordinates"": [64.2949999220718, 61.33499947126885]}",,
7920ff3070c39befcb755dc95ab03b9a9dcb2436,training_2001_2025_v1_3.csv,9000,61.46500012481288,88.62499908939432,Wildfire,High,,,,,,,,,,,,,,,"{""type"": ""Point"", ""coordinates"": [88.62499908939432, 61.46500012481288]}",,
9af733e735b104b3a26101138ca482ea7d9c4904,training_2001_2025_v1_3.csv,9001,61.54500082988296,129.0949997870481,Wildfire,High,,,,,,,,,,,,,,,"{""type"": ""Point"", ""coordinates"": [129.0949997870481, 61.54500082988296]}",,
ffc6ac3d87af3f78b8ff0d4167d3a3d5ea3ea0fb,training_2001_2025_v1_3.csv,9004,61.64500060202718,134.3349987345807,Wildfire,High,,,,,,,,,,,,,,,"{""type"": ""Point"", ""coordinates"": [134.3349987345807, 61.64500060202718]}",,
a479d74aa17c3e1cc2f06d5035df1de50e06b7fd,training_2001_2025_v1_3.csv,9005,61.734998670686025,108.14499931570644,Wildfire,High,,,,,,,,,,,,,,,"{""type"": ""Point"", ""coordinates"": [108.14499931570644, 61.734998670686025]}",,
e2c4f469db141287c77e9e8b30369e24ed3884a0,training_2001_2025_v1_3.csv,9006,61.745000445682734,129.00499956024697,Wildfire,High,,,,,,,,,,,,,,,"{""type"": ""Point"", ""coordinates"": [129.00499956024697, 61.745000445682734]}",,
2aeddd431d62833ba23475e3f2cabe5388d5d8a5,training_2001_2025_v1_3.csv,9007,61.76499950344019,104.03500126677712,Wildfire,High,,,,,,,,,,,,,,,"{""type"": ""Point"", ""coordinates"": [104.03500126677712, 61.76499950344019]}",,
fabeb7046127239d64b8ed67e1bc522a5c273b57,training_2001_2025_v1_3.csv,9008,61.76499947554394,166.93500050617862,Wildfire,High,,,,,,,,,,,,,,,"{""type"": ""Point"", ""coordinates"": [166.93500050617862, 61.76499947554394]}",,
524e5a733b0938e020e70a5c9be140781104a8b8,training_2001_2025_v1_3.csv,9010,61.78499857547983,128.92499884008515,Wildfire,High,,,,,,,,,,,,,,,"{""type"": ""Point"", ""coordinates"": [128.92499884008515, 61.78499857547983]}",,
726be12eff85242dbb11bb5845472b340d676049,training_2001_2025_v1_3.csv,9011,61.81499940913679,129.6450009694214,Wildfire,Medium,,,,,,,,,,,,,,,"{""type"": ""Point"", ""coordinates"": [129.6450009694214, 61.81499940913679]}",,
a2f4940016feb7ade245f1732db2bfaf74226f0b,training_2001_2025_v1_3.csv,9014,61.98500038627885,152.06499985752674,Wildfire,High,,,,,,,,,,,,,,,"{""type"": ""Point"", ""coordinates"": [152.06499985752674, 61.98500038627885]}",,
b3b85a01d9bd60237851b83b851dde21eb4aa1ad,training_2001_2025_v1_3.csv,9016,62.03500028532318,69.97500068894597,Wildfire,High,,,,,,,,,,,,,,,"{""type"": ""Point"", ""coordinates"": [69.97500068894597, 62.03500028532318]}",,
b676b982200990a277eefa685670f64ea7e8dee5,training_2001_2025_v1_3.csv,9017,62.06499888808393,167.4450012674276,Wildfire,High,,,,,,,,,,,,,,,"{""type"": ""Point"", ""coordinates"": [167.4450012674276, 62.06499888808393]}",,
f6ed4acb9d9691f0f1cc3373b4ba7d0c31f04c6a,training_2001_2025_v1_3.csv,9019,62.154999159740505,61.65500030209539,Wildfire,High,,,,,,,,,,,,,,,"{""type"": ""Point"", ""coordinates"": [61.65500030209539, 62.154999159740505]}",,
2f7ae3c825b82c5737dc4fc91deaa2c387cc1c74,training_2001_2025_v1_3.csv,9021,62.20499905538878,121.44499948019268,Wildfire,High,,,,,,,,,,,,,,,"{""type"": ""Point"", ""coordinates"": [121.44499948019268, 62.20499905538878]}",,
7826a364a14ba28efb7f15d361dda0d8bb64f689,training_2001_2025_v1_3.csv,9022,62.214998590928104,135.86500100445235,Wildfire,High,,,,,,,,,,,,,,,"{""type"": ""Point"", ""coordinates"": [135.86500100445235, 62.214998590928104]}",,
17097906b06b8e87bfd453530bb94aba3ea43901,training_2001_2025_v1_3.csv,9023,62.26499848062115,151.66500068036316,Wildfire,High,,,,,,,,,,,,,,,"{""type"": ""Point"", ""coordinates"": [151.66500068036316, 62.26499848062115]}",,
506882276f2db407afcb2aec574942c56f1aa1c4,training_2001_2025_v1_3.csv,9025,62.33499968268615,119.21499862779046,Wildfire,High,,,,,,,,,,,,,,,"{""type"": ""Point"", ""coordinates"": [119.21499862779046, 62.33499968268615]}",,
cf939cc667d6f6794f1f5888d3808f0a5efe73a6,training_2001_2025_v1_3.csv,9026,62.34499925020864,136.01500072409172,Wildfire,High,,,,,,,,,,,,,,,"{""type"": ""Point"", ""coordinates"": [136.01500072409172, 62.34499925020864]}",,
44aea4b4123972f126d99159b71df734e59ce292,training_2001_2025_v1_3.csv,9030,62.565000119901555,67.04500120255746,Wildfire,High,,,,,,,,,,,,,,,"{""type"": ""Point"", ""coordinates"": [67.04500120255746, 62.565000119901555]}",,
6940b35ce2dadb561965706f0bfc75f1ee928346,training_2001_2025_v1_3.csv,9031,62.61500004020927,122.9749995640569,Wildfire,High,,,,,,,,,,,,,,,"{""type"": ""Point"", ""coordinates"": [122.9749995640569, 62.61500004020927]}",,
da64b799ed8380cf5bb76225dc9e626377631e6c,training_2001_2025_v1_3.csv,9034,62.67499944136407,82.67499983288843,Wildfire,High,,,,,,,,,,,,,,,"{""type"": ""Point"", ""coordinates"": [82.67499983288843, 62.67499944136407]}",,
b3d383dc05850586eee1e6d757e3a8df07c01be5,training_2001_2025_v1_3.csv,9035,62.69499851407762,129.59500101584086,Wildfire,High,,,,,,,,,,,,,,,"{""type"": ""Point"", ""coordinates"": [129.59500101584086, 62.69499851407762]}",,
ddcb9425877082d0ae4b32d7b0e38872bfb6583c,training_2001_2025_v1_3.csv,9037,62.77499924220294,61.01499898848876,Wildfire,Low,,,,,,,,,,,,,,,"{""type"": ""Point"", ""coordinates"": [61.01499898848876, 62.77499924220294]}",,
8b452599f32cf83a422df0ef8178adfe19cc04fe,training_2001_2025_v1_3.csv,9038,62.824999167718225,167.48499939240295,Wildfire,High,,,,,,,,,,,,,,,"{""type"": ""Point"", ""coordinates"": [167.48499939240295, 62.824999167718225]}",,
7c157be469e134378b58d47c4d2294ba232ebab6,training_2001_2025_v1_3.csv,9039,62.885000829225646,168.32500039771787,Wildfire,High,,,,,,,,,,,,,,,"{""type"": ""Point"", ""coordinates"": [168.32500039771787, 62.885000829225646]}",,
d9a5cd1362430c252a7ad82ddfce54a51c3d9d70,training_2001_2025_v1_3.csv,9040,62.91499939771704,129.49500127369836,Wildfire,High,,,,,,,,,,,,,,,"{""type"": ""Point"", ""coordinates"": [129.49500127369836, 62.91499939771704]}",,
9c593b6f7024c2f25c6efe8d454749dcfb575abe,training_2001_2025_v1_3.csv,9041,62.92499895979197,112.92499961304662,Wildfire,High,,,,,,,,,,,,,,,"{""type"": ""Point"", ""coordinates"": [112.92499961304662, 62.92499895979197]}",,
190737ac48e223b94bde729ec3dc647d07d3e77a,training_2001_2025_v1_3.csv,9043,62.98500061572256,167.08500018164753,Wildfire,High,,,,,,,,,,,,,,,"{""type"": ""Point"", ""coordinates"": [167.08500018164753, 62.98500061572256]}",,
286a106d9ee5d7cfa537d5005e5c9ee2d1a7505a,training_2001_2025_v1_3.csv,9045,63.10499949159219,127.68499867851742,Wildfire,High,,,,,,,,,,,,,,,"{""type"": ""Point"", ""coordinates"": [127.68499867851742, 63.10499949159219]}",,
1c57c2ade9d6d16ab9d586f5b71e48bfdb733c6c,training_2001_2025_v1_3.csv,9046,63.11499898573586,165.86499907849182,Wildfire,High,,,,,,,,,,,,,,,"{""type"": ""Point"", ""coordinates"": [165.86499907849182, 63.11499898573586]}",,
7c02cc4e74939ecb1ebfd8f338af857fbcb675b9,training_2001_2025_v1_3.csv,9048,63.14499983887011,106.43500096883513,Wildfire,High,,,,,,,,,,,,,,,"{""type"": ""Point"", ""coordinates"": [106.43500096883513, 63.14499983887011]}",,
4b66d54d12f44d1eceb5e261be6765098d7d0d3b,training_2001_2025_v1_3.csv,9049,63.22500057489419,165.79500003729717,Wildfire,Low,,,,,,,,,,,,,,,"{""type"": ""Point"", ""coordinates"": [165.79500003729717, 63.22500057489419]}",,
0633c87245d4f0e672ff4dd3cc591d01615699b0,training_2001_2025_v1_3.csv,9050,63.36500074134206,167.81499961387925,Wildfire,High,,,,,,,,,,,,,,,"{""type"": ""Point"", ""coordinates"": [167.81499961387925, 63.36500074134206]}",,
04d0fa330c3d6b744216a895f1b4313a80560548,training_2001_2025_v1_3.csv,9051,63.40499884915289,133.94500132875646,Wildfire,High,,,,,,,,,,,,,,,"{""type"": ""Point"", ""coordinates"": [133.94500132875646, 63.40499884915289]}",,
b919a007e51f5d64abcd261c20061f6200772810,training_2001_2025_v1_3.csv,9052,63.45499876115407,154.2450009027842,Wildfire,High,,,,,,,,,,,,,,,"{""type"": ""Point"", ""coordinates"": [154.2450009027842, 63.45499876115407]}",,
14af5b0465df00acdc96db5c47edff30a242cd61,training_2001_2025_v1_3.csv,9053,63.515000418974005,129.9349985880786,Wildfire,High,,,,,,,,,,,,,,,"{""type"": ""Point"", ""coordinates"": [129.9349985880786, 63.515000418974005]}",,
3c53cadff0869f065b1e3ababc737f8f4cfe96a2,training_2001_2025_v1_3.csv,9054,63.52499996049335,154.2750016621444,Wildfire,High,,,,,,,,,,,,,,,"{""type"": ""Point"", ""coordinates"": [154.2750016621444, 63.52499996049335]}",,
1d93392b31945b3348d4f6d2ba3e65d4cc95a6a8,training_2001_2025_v1_3.csv,9055,63.594998959006055,81.72499949430866,Wildfire,High,,,,,,,,,,,,,,,"{""type"": ""Point"", ""coordinates"": [81.72499949430866, 63.594998959006055]}",,
229d0667d82c63250839d8271c8f85715c69a947,training_2001_2025_v1_3.csv,9058,63.73499911210095,143.07499956925795,Wildfire,High,,,,,,,,,,,,,,,"{""type"": ""Point"", ""coordinates"": [143.07499956925795, 63.73499911210095]}",,
d2feecc0568a87b9dfc50aae207945c790d142fa,training_2001_2025_v1_3.csv,9059,63.80500029103799,165.1049987946694,Wildfire,High,,,,,,,,,,,,,,,"{""type"": ""Point"", ""coordinates"": [165.1049987946694, 63.80500029103799]}",,
44617f72e0cd848719ca3eeca6d0704f461da852,training_2001_2025_v1_3.csv,9060,63.82499939906248,173.69499988170634,Wildfire,High,,,,,,,,,,,,,,,"{""type"": ""Point"", ""coordinates"": [173.69499988170634, 63.82499939906248]}",,
b6789571e5e3b9892ec83da793df7b24c272f595,training_2001_2025_v1_3.csv,9061,63.855000216543395,165.7950000434687,Wildfire,High,,,,,,,,,,,,,,,"{""type"": ""Point"", ""coordinates"": [165.7950000434687, 63.855000216543395]}",,
b7a949507974a8da17999e156a284e4112dfb77a,training_2001_2025_v1_3.csv,9063,63.895000573497896,154.07499992325754,Wildfire,High,,,,,,,,,,,,,,,"{""type"": ""Point"", ""coordinates"": [154.07499992325754, 63.895000573497896]}",,
4e5c06b834ef6014ff52d1f33d9d6cf9d41f7fc3,training_2001_2025_v1_3.csv,9064,63.89500054155533,168.1050017182443,Wildfire,High,,,,,,,,,,,,,,,"{""type"": ""Point"", ""coordinates"": [168.1050017182443, 63.89500054155533]}",,
b679755f4b666468c779c6c4029e23f1d1e3f26e,training_2001_2025_v1_3.csv,9065,63.995000372623686,168.65500061107016,Wildfire,High,,,,,,,,,,,,,,,"{""type"": ""Point"", ""coordinates"": [168.65500061107016, 63.995000372623686]}",,
7aaef531331099e3c286e7506f3a16dd353363b8,training_2001_2025_v1_3.csv,9066,64.05499980540363,123.48500036589336,Wildfire,High,,,,,,,,,,,,,,,"{""type"": ""Point"", ""coordinates"": [123.48500036589336, 64.05499980540363]}",,
2a797f8add52fb28f198de8f80dc15f1a345f53b,training_2001_2025_v1_3.csv,9067,64.10499969692218,122.0649996286206,Wildfire,High,,,,,,,,,,,,,,,"{""type"": ""Point"", ""coordinates"": [122.0649996286206, 64.10499969692218]}",,
afbb37df6410f64d2a2ae06e024d7e1f31463e6f,training_2001_2025_v1_3.csv,9069,64.16499910987675,143.1849989077725,Wildfire,High,,,,,,,,,,,,,,,"{""type"": ""Point"", ""coordinates"": [143.1849989077725, 64.16499910987675]}",,
0e46f5b52e9f77c8a43ece519c1d2a7b6937c655,training_2001_2025_v1_3.csv,9071,64.2350003225398,99.03500012597344,Wildfire,Low,,,,,,,,,,,,,,,"{""type"": ""Point"", ""coordinates"": [99.03500012597344, 64.2350003225398]}",,
cb60344a4cfea7da2f8ed5ede73245978c398add,training_2001_2025_v1_3.csv,9073,64.3750004914343,85.27500130923856,Wildfire,High,,,,,,,,,,,,,,,"{""type"": ""Point"", ""coordinates"": [85.27500130923856, 64.3750004914343]}",,
f7fcaa4c0cff6ab5707f8434344e15afb8753521,training_2001_2025_v1_3.csv,9074,64.41499860989698,118.52499951397586,Wildfire,High,,,,,,,,,,,,,,,"{""type"": ""Point"", ""coordinates"": [118.52499951397586, 64.41499860989698]}",,
4853f94b12bf3f0f594bbe41f9bfe346a7a5b87c,training_2001_2025_v1_3.csv,9075,64.41499863359851,172.16499985350907,Wildfire,High,,,,,,,,,,,,,,,"{""type"": ""Point"", ""coordinates"": [172.16499985350907, 64.41499863359851]}",,
127516938cd132a6b09875c34464f133155d40da,training_2001_2025_v1_3.csv,9076,64.45499897123624,117.51499976969556,Wildfire,High,,,,,,,,,,,,,,,"{""type"": ""Point"", ""coordinates"": [117.51499976969556, 64.45499897123624]}",,
a8cfaa4eaa1f9f5cc69baaf515cb385482ff8322,training_2001_2025_v1_3.csv,9077,64.53499969591827,87.26499997735247,Wildfire,High,,,,,,,,,,,,,,,"{""type"": ""Point"", ""coordinates"": [87.26499997735247, 64.53499969591827]}",,
42ec766e2692ff8319b5625f613a7dc5a9cc57d9,training_2001_2025_v1_3.csv,9079,64.6550008157759,148.84499831185784,Wildfire,High,,,,,,,,,,,,,,,"{""type"": ""Point"", ""coordinates"": [148.84499831185784, 64.6550008157759]}",,
c3fe94b3cafb904f746f591d89973a6de54d811f,training_2001_2025_v1_3.csv,9080,64.68499941420812,169.0049999508013,Wildfire,High,,,,,,,,,,,,,,,"{""type"": ""Point"", ""coordinates"": [169.0049999508013, 64.68499941420812]}",,
2d68795b08839464f6dcd0a0d7d4eb9681447480,training_2001_2025_v1_3.csv,9081,64.70500068432492,64.53499999379834,Wildfire,High,,,,,,,,,,,,,,,"{""type"": ""Point"", ""coordinates"": [64.53499999379834, 64.70500068432492]}",,
9a44026ee869b523ce17cd596fc80b48709839d5,training_2001_2025_v1_3.csv,9082,64.71500022503913,116.88500018702165,Wildfire,High,,,,,,,,,,,,,,,"{""type"": ""Point"", ""coordinates"": [116.88500018702165, 64.71500022503913]}",,
fc34ada4e48520e3819fbfc00b51dd22cec855e4,training_2001_2025_v1_3.csv,9083,64.75500059802313,68.38500116398163,Wildfire,High,,,,,,,,,,,,,,,"{""type"": ""Point"", ""coordinates"": [68.38500116398163, 64.75500059802313]}",,
b0d0f3fb382fc15e0f6edb0298379be411004371,training_2001_2025_v1_3.csv,9084,64.75500061134672,117.4449986102238,Wildfire,High,,,,,,,,,,,,,,,"{""type"": ""Point"", ""coordinates"": [117.4449986102238, 64.75500061134672]}",,
5f69bb0c9b4dbb202fa67333fa7d07a06895db80,training_2001_2025_v1_3.csv,9085,64.80500053049165,52.7449985336652,Wildfire,Low,,,,,,,,,,,,,,,"{""type"": ""Point"", ""coordinates"": [52.7449985336652, 64.80500053049165]}",,
9d0f1448bf9e03f91a2c96dd3c1da25a631608fb,training_2001_2025_v1_3.csv,9087,64.82499958707974,71.73499896234192,Wildfire,High,,,,,,,,,,,,,,,"{""type"": ""Point"", ""coordinates"": [71.73499896234192, 64.82499958707974]}",,
4e17d567b7eabc1a06d029477d39e6efa7612941,training_2001_2025_v1_3.csv,9088,64.86499996039906,160.06500176063346,Wildfire,High,,,,,,,,,,,,,,,"{""type"": ""Point"", ""coordinates"": [160.06500176063346, 64.86499996039906]}",,
1414032bb26d9c79c02a139f8c251217973c7e6c,training_2001_2025_v1_3.csv,9089,64.94499846509949,170.1950002540598,Wildfire,High,,,,,,,,,,,,,,,"{""type"": ""Point"", ""coordinates"": [170.1950002540598, 64.94499846509949]}",,
a6921c28e1e94f7ff015e095252311926bbc2eda,training_2001_2025_v1_3.csv,9090,65.07499910103019,170.3649989973275,Wildfire,Low,,,,,,,,,,,,,,,"{""type"": ""Point"", ""coordinates"": [170.3649989973275, 65.07499910103019]}",,
9b72b71440b00ec8f92a2abe84218f403f44ffc4,training_2001_2025_v1_3.csv,9091,65.1149994549011,119.41500052302166,Wildfire,High,,,,,,,,,,,,,,,"{""type"": ""Point"", ""coordinates"": [119.41500052302166, 65.1149994549011]}",,
f810027ba83568c92228d1921bdb1c23cac46a4d,training_2001_2025_v1_3.csv,9094,65.31499902716106,158.5150003717072,Wildfire,High,,,,,,,,,,,,,,,"{""type"": ""Point"", ""coordinates"": [158.5150003717072, 65.31499902716106]}",,
8b46550341c270a42013f76629afa3aaf958d0b1,training_2001_2025_v1_3.csv,9095,65.34499984125694,168.65500061626818,Wildfire,High,,,,,,,,,,,,,,,"{""type"": ""Point"", ""coordinates"": [168.65500061626818, 65.34499984125694]}",,
3e65df0b70483d9457b4959a00ba5472face1476,training_2001_2025_v1_3.csv,9096,65.37499847647209,149.99500036586795,Wildfire,High,,,,,,,,,,,,,,,"{""type"": ""Point"", ""coordinates"": [149.99500036586795, 65.37499847647209]}",,
d3bed38b0272d8384331ea253fa449ddc1dd7731,training_2001_2025_v1_3.csv,9098,65.48500003214,154.26499996958086,Wildfire,High,,,,,,,,,,,,,,,"{""type"": ""Point"", ""coordinates"": [154.26499996958086, 65.48500003214]}",,
d79a93dab13349448b4eb4fcafc4aa5849a7743e,training_2001_2025_v1_3.csv,9100,65.52500037704517,170.73499958375044,Wildfire,High,,,,,,,,,,,,,,,"{""type"": ""Point"", ""coordinates"": [170.73499958375044, 65.52500037704517]}",,
e27c94bc888f7f4e7fa4135b35cc8a76384fbed1,training_2001_2025_v1_3.csv,9101,65.69499916063333,153.9950013844605,Wildfire,High,,,,,,,,,,,,,,,"{""type"": ""Point"", ""coordinates"": [153.9950013844605, 65.69499916063333]}",,
2c9cfc81dd537a7b91a856cd4c461e1ef7135f1b,training_2001_2025_v1_3.csv,9103,65.86500015128763,144.835000042962,Wildfire,High,,,,,,,,,,,,,,,"{""type"": ""Point"", ""coordinates"": [144.835000042962, 65.86500015128763]}",,
971f97937ae4d8b3ad75ce6f8a9cbae0b2e225f7,training_2001_2025_v1_3.csv,9104,65.87499970702379,98.55500021274877,Wildfire,High,,,,,,,,,,,,,,,"{""type"": ""Point"", ""coordinates"": [98.55500021274877, 65.87499970702379]}",,
747d1713ffe0b2e5e0fc51397765f40df1225af6,training_2001_2025_v1_3.csv,9105,65.87499971538361,131.90499825020373,Wildfire,High,,,,,,,,,,,,,,,"{""type"": ""Point"", ""coordinates"": [131.90499825020373, 65.87499971538361]}",,
58ba1bf432ad9e5a29f6cd1d39094d61f7cc8683,training_2001_2025_v1_3.csv,9106,65.92499959036478,161.14500047577812,Wildfire,High,,,,,,,,,,,,,,,"{""type"": ""Point"", ""coordinates"": [161.14500047577812, 65.92499959036478]}",,
90f434baae3accc55a57befab4ac208b392b98f9,training_2001_2025_v1_3.csv,9109,65.9749995190983,90.48500162556245,Wildfire,High,,,,,,,,,,,,,,,"{""type"": ""Point"", ""coordinates"": [90.48500162556245, 65.9749995190983]}",,
b41ae06b568b55bc75a41979602069b59c9b37ac,training_2001_2025_v1_3.csv,9110,65.98499903783633,54.1750010388212,Wildfire,High,,,,,,,,,,,,,,,"{""type"": ""Point"", ""coordinates"": [54.1750010388212, 65.98499903783633]}",,
cdb28e96e427c14b251d4dbb86736d7a5bf040e7,training_2001_2025_v1_3.csv,9112,66.24500029899082,118.33499955280776,Wildfire,High,,,,,,,,,,,,,,,"{""type"": ""Point"", ""coordinates"": [118.33499955280776, 66.24500029899082]}",,
6255fd19678e717cf17ba1db0cb6f3e7fca9c516,training_2001_2025_v1_3.csv,9113,66.28499840254293,122.5249982797832,Wildfire,High,,,,,,,,,,,,,,,"{""type"": ""Point"", ""coordinates"": [122.5249982797832, 66.28499840254293]}",,
66fafb3fd37414274c97b92a15f4beef88ecbe5e,training_2001_2025_v1_3.csv,9114,66.45499942831708,36.80500092555841,Wildfire,Low,,,,,,,,,,,,,,,"{""type"": ""Point"", ""coordinates"": [36.80500092555841, 66.45499942831708]}",,
c6158abc72318c2691df675f5709f02ad2245aaa,training_2001_2025_v1_3.csv,9115,66.54499968907179,141.9249996345212,Wildfire,Low,,,,,,,,,,,,,,,"{""type"": ""Point"", ""coordinates"": [141.9249996345212, 66.54499968907179]}",,
1bfe248c6e76637782c8ab318bf15a59fb7699aa,training_2001_2025_v1_3.csv,9117,66.96500020214478,86.01500027504947,Wildfire,High,,,,,,,,,,,,,,,"{""type"": ""Point"", ""coordinates"": [86.01500027504947, 66.96500020214478]}",,
ed14d2e9fcc0119207404f69d766d2a20f3d3724,training_2001_2025_v1_3.csv,9118,67.1149998660057,163.18499907083134,Wildfire,High,,,,,,,,,,,,,,,"{""type"": ""Point"", ""coordinates"": [163.18499907083134, 67.1149998660057]}",,
c34905c80c8fc39f5aabda56ff910f07d0f8a66b,training_2001_2025_v1_3.csv,9119,67.14499845419657,103.32500090322134,Wildfire,Low,,,,,,,,,,,,,,,"{""type"": ""Point"", ""coordinates"": [103.32500090322134, 67.14499845419657]}",,
b0eccd03c2bcd427aafe6f6c37d1fe25c8b6ab9c,training_2001_2025_v1_3.csv,9120,67.53500037576063,136.08499959860632,Wildfire,High,,,,,,,,,,,,,,,"{""type"": ""Point"", ""coordinates"": [136.08499959860632, 67.53500037576063]}",,
79c4cf2dbe3767d1eb89b05328f5f622b1c39c62,training_2001_2025_v1_3.csv,9121,67.57499851542411,163.17500175550333,Wildfire,High,,,,,,,,,,,,,,,"{""type"": ""Point"", ""coordinates"": [163.17500175550333, 67.57499851542411]}",,
846c1bb5250772411eaffadb824f725f42ade330,training_2001_2025_v1_3.csv,9122,67.58500024551773,163.12499964161628,Wildfire,High,,,,,,,,,,,,,,,"{""type"": ""Point"", ""coordinates"": [163.12499964161628, 67.58500024551773]}",,
c3a403feeef70eb32fd11572dec3f6f69b58d411,training_2001_2025_v1_3.csv,9123,67.65499923764544,30.74500011416565,Wildfire,Medium,,,,,,,,,,,,,,,"{""type"": ""Point"", ""coordinates"": [30.74500011416565, 67.65499923764544]}",,
1f117bd206249f422b2987a45f0bb548baee6e17,training_2001_2025_v1_3.csv,9124,67.73499995154629,144.80499924402443,Wildfire,High,,,,,,,,,,,,,,,"{""type"": ""Point"", ""coordinates"": [144.80499924402443, 67.73499995154629]}",,
3a9e120e0d00f5eec2bf6fc159c6af8baee262f7,training_2001_2025_v1_3.csv,9125,67.85499883040417,160.24500000226266,Wildfire,High,,,,,,,,,,,,,,,"{""type"": ""Point"", ""coordinates"": [160.24500000226266, 67.85499883040417]}",,
5b0e6975b5f8c45b068ce5236b39863727bfe8f9,training_2001_2025_v1_3.csv,9126,67.90499871178844,151.09499822491767,Wildfire,High,,,,,,,,,,,,,,,"{""type"": ""Point"", ""coordinates"": [151.09499822491767, 67.90499871178844]}",,
014ebcfa8c4c4e37669da9360bb2f7d33ecad401,training_2001_2025_v1_3.csv,9127,67.92500002013212,151.0850009414392,Wildfire,High,,,,,,,,,,,,,,,"{""type"": ""Point"", ""coordinates"": [151.0850009414392, 67.92500002013212]}",,
9aab86a48ca70c33fda987a3acd3b05e02351ed1,training_2001_2025_v1_3.csv,9128,67.99499900531212,124.52499876686348,Wildfire,High,,,,,,,,,,,,,,,"{""type"": ""Point"", ""coordinates"": [124.52499876686348, 67.99499900531212]}",,
6603cc63c747cf9ea3eb0775233c2beaa78f6430,training_2001_2025_v1_3.csv,9129,68.04499889634464,156.53499893411535,Wildfire,Low,,,,,,,,,,,,,,,"{""type"": ""Point"", ""coordinates"": [156.53499893411535, 68.04499889634464]}",,
a78322ae298e6111338b752eb3486324c11c38b9,training_2001_2025_v1_3.csv,9130,68.05499838834008,121.36499873471244,Wildfire,Low,,,,,,,,,,,,,,,"{""type"": ""Point"", ""coordinates"": [121.36499873471244, 68.05499838834008]}",,
f5492a13669ee972bb709eb830981e5beb44069c,training_2001_2025_v1_3.csv,9132,68.10500053737984,148.8449982567673,Wildfire,High,,,,,,,,,,,,,,,"{""type"": ""Point"", ""coordinates"": [148.8449982567673, 68.10500053737984]}",,
65bfce08dca91db1005470a118d1807e6eef3445,training_2001_2025_v1_3.csv,9133,68.11500007457298,124.66500105512633,Wildfire,High,,,,,,,,,,,,,,,"{""type"": ""Point"", ""coordinates"": [124.66500105512633, 68.11500007457298]}",,
c8592ec23038bcf50d4c0cb9e15410fbd565dda5,training_2001_2025_v1_3.csv,9134,68.17499951936134,162.2950003858815,Wildfire,High,,,,,,,,,,,,,,,"{""type"": ""Point"", ""coordinates"": [162.2950003858815, 68.17499951936134]}",,
419d64b91532b1fef301bf2777519beabbf8882c,training_2001_2025_v1_3.csv,9135,68.17499950157011,162.60499938862716,Wildfire,High,,,,,,,,,,,,,,,"{""type"": ""Point"", ""coordinates"": [162.60499938862716, 68.17499950157011]}",,
5a2852cd3a7302b1908281db916b905458ced393,training_2001_2025_v1_3.csv,9136,68.94499930443466,134.2250016429334,Wildfire,High,,,,,,,,,,,,,,,"{""type"": ""Point"", ""coordinates"": [134.2250016429334, 68.94499930443466]}",,
124f201c1b2e5eb5c5145119b4796712f7a95ca5,training_2001_2025_v1_3.csv,9137,69.02500002509173,135.69500005003505,Wildfire,High,,,,,,,,,,,,,,,"{""type"": ""Point"", ""coordinates"": [135.69500005003505, 69.02500002509173]}",,
2206677fbcb49965662a2e9b2cdaec7b2f314c19,training_2001_2025_v1_3.csv,9138,69.05500086079257,134.8149986270969,Wildfire,High,,,,,,,,,,,,,,,"{""type"": ""Point"", ""coordinates"": [134.8149986270969, 69.05500086079257]}",,
cb19657e3a62573c84b9398af36c2db506e89369,training_2001_2025_v1_3.csv,9139,69.2349991861406,147.87500107418134,Wildfire,High,,,,,,,,,,,,,,,"{""type"": ""Point"", ""coordinates"": [147.87500107418134, 69.2349991861406]}",,
9f61c0fb0c2fec8064cfc801a58888a9b1f0b626,training_2001_2025_v1_3.csv,9140,69.26499999305312,151.1150016879437,Wildfire,High,,,,,,,,,,,,,,,"{""type"": ""Point"", ""coordinates"": [151.1150016879437, 69.26499999305312]}",,
23d979b1353a7e5ec36d294cbfe52f1418e78d86,training_2001_2025_v1_3.csv,9141,69.43500097819549,139.4649983061357,Wildfire,High,,,,,,,,,,,,,,,"{""type"": ""Point"", ""coordinates"": [139.4649983061357, 69.43500097819549]}",,
5d997384ec944147c761a3a115a45787092edfe7,training_2001_2025_v1_3.csv,9143,72.01499887716874,123.42500088429472,Wildfire,Low,,,,,,,,,,,,,,,"{""type"": ""Point"", ""coordinates"": [123.42500088429472, 72.01499887716874]}",,
ecd3d6dbed79fe121de350f3b1c82949c4727344,training_2001_2025_v1_3.csv,9146,72.18499987458425,117.79500007510478,Wildfire,Medium,,,,,,,,,,,,,,,"{""type"": ""Point"", ""coordinates"": [117.79500007510478, 72.18499987458425]}",,
2c8204f30f04add7fca64b5d82912427812e8d9b,training_2001_2025_v1_3.csv,9147,72.21500072286038,117.7850005805949,Wildfire,Medium,,,,,,,,,,,,,,,"{""type"": ""Point"", ""coordinates"": [117.7850005805949, 72.21500072286038]}",,
625fa928fc4b70a77ee187307d69a5ec3111bf9c,training_2001_2025_v1_3.csv,9154,72.36500041659761,106.53500072811332,Wildfire,Low,,,,,,,,,,,,,,,"{""type"": ""Point"", ""coordinates"": [106.53500072811332, 72.36500041659761]}",,
d12e763c4f885f872d09304b20542e7448f3b837,training_2001_2025_v1_3.csv,9155,72.36500036914579,106.54500028465186,Wildfire,Low,,,,,,,,,,,,,,,"{""type"": ""Point"", ""coordinates"": [106.54500028465186, 72.36500036914579]}",,
c917e6dfacbac96a49e28f4520733e139c84f7ca,training_2001_2025_v1_3.csv,9157,72.3949990111857,117.5550001520443,Wildfire,High,,,,,,,,,,,,,,,"{""type"": ""Point"", ""coordinates"": [117.5550001520443, 72.3949990111857]}",,
730923ff76b55f43750fe5e6ca18a6c4225b7af9,training_2001_2025_v1_3.csv,9158,72.3949990356852,117.57499924780753,Wildfire,High,,,,,,,,,,,,,,,"{""type"": ""Point"", ""coordinates"": [117.57499924780753, 72.3949990356852]}",,
94fa6bcd59d15cd80b31615cc1a334ec86f2d0f9,training_2001_2025_v1_3.csv,9159,72.39499903607404,117.61499962131968,Wildfire,High,,,,,,,,,,,,,,,"{""type"": ""Point"", ""coordinates"": [117.61499962131968, 72.39499903607404]}",,
8043ed8179050803db925b97a70a97ca11be9961,training_2001_2025_v1_3.csv,9175,72.664999787865,121.19500001626707,Wildfire,High,,,,,,,,,,,,,,,"{""type"": ""Point"", ""coordinates"": [121.19500001626707, 72.664999787865]}",,
84e6870a4d510e2a82a688b46de6771081fc638c,training_2001_2025_v1_3.csv,9219,55.454999244867935,115.23499897439808,Wildfire,High,,,,,,,,,,,,,,,"{""type"": ""Point"", ""coordinates"": [115.23499897439808, 55.454999244867935]}",,
e96cf6513b5217ac95aa82e709214e1f936831ad,training_2001_2025_v1_3.csv,9269,57.575000773350425,42.32500017087726,Wildfire,Low,,,,,,,,,,,,,,,"{""type"": ""Point"", ""coordinates"": [42.32500017087726, 57.575000773350425]}",,
545ecb90c87f733afc633e37e72e746fc26f4e6d,training_2001_2025_v1_3.csv,9271,56.385000499996735,101.3449995108073,Wildfire,Medium,,,,,,,,,,,,,,,"{""type"": ""Point"", ""coordinates"": [101.3449995108073, 56.385000499996735]}",,
60b5d59ce398247f3b068c274daecb64922d6dec,training_2001_2025_v1_3.csv,9277,59.564999510035534,84.72500018120489,Wildfire,High,,,,,,,,,,,,,,,"{""type"": ""Point"", ""coordinates"": [84.72500018120489, 59.564999510035534]}",,
61d74428f4e1852b3799ae85aa77a8114c4faf61,training_2001_2025_v1_3.csv,9278,58.975000213655946,82.94500060137356,Wildfire,High,,,,,,,,,,,,,,,"{""type"": ""Point"", ""coordinates"": [82.94500060137356, 58.975000213655946]}",,
82a23a3fa5f7ed1e826963243885b9a14abe56e3,training_2001_2025_v1_3.csv,9280,55.19500020117509,113.10500012520173,Wildfire,Low,,,,,,,,,,,,,,,"{""type"": ""Point"", ""coordinates"": [113.10500012520173, 55.19500020117509]}",,
c350082c6bbed65c52c23a137605ab3c1f8614fd,training_2001_2025_v1_3.csv,9296,58.024999853668774,107.80499957027897,Wildfire,High,,,,,,,,,,,,,,,"{""type"": ""Point"", ""coordinates"": [107.80499957027897, 58.024999853668774]}",,
17856b24aae3701d0d06f245f673c52455840ac2,training_2001_2025_v1_3.csv,9301,66.23499854811905,57.4149994136197,Wildfire,High,,,,,,,,,,,,,,,"{""type"": ""Point"", ""coordinates"": [57.4149994136197, 66.23499854811905]}",,
faba685ae3339c1ae810df127a16013b3fc84185,training_2001_2025_v1_3.csv,9306,55.65500108419908,106.6949999992984,Wildfire,Medium,,,,,,,,,,,,,,,"{""type"": ""Point"", ""coordinates"": [106.6949999992984, 55.65500108419908]}",,
94f66da0c2f9245a64b7472f72b478b96a1d3151,training_2001_2025_v1_3.csv,9333,59.02500010238763,108.06500078792894,Wildfire,High,,,,,,,,,,,,,,,"{""type"": ""Point"", ""coordinates"": [108.06500078792894, 59.02500010238763]}",,
90a320d9e603a12dfdf1c4a0a6873079d8907614,training_2001_2025_v1_3.csv,9387,48.98499973009336,131.10499984728372,Wildfire,Medium,,,,,,,,,,,,,,,"{""type"": ""Point"", ""coordinates"": [131.10499984728372, 48.98499973009336]}",,
1b91eaa03186b1155681328e6ae9d6610c3c38d4,training_2001_2025_v1_3.csv,9388,60.01499632041874,118.83499849651643,Wildfire,High,,,,,,,,,,,,,,,"{""type"": ""Point"", ""coordinates"": [118.83499849651643, 60.01499632041874]}",,
b8dfbe1e4a720ee91d5e69217dfbdf8c63881bf9,training_2001_2025_v1_3.csv,9393,51.94500006161051,114.16499981782574,Wildfire,High,,,,,,,,,,,,,,,"{""type"": ""Point"", ""coordinates"": [114.16499981782574, 51.94500006161051]}",,
9cc2ca1bed0cb919496a67afe3de7d68ba96605f,training_2001_2025_v1_3.csv,9402,52.01499901231438,114.3249968050884,Wildfire,High,,,,,,,,,,,,,,,"{""type"": ""Point"", ""coordinates"": [114.3249968050884, 52.01499901231438]}",,
0ac7b77b4097866dd485facfb46cda3135ab40c2,training_2001_2025_v1_3.csv,9421,65.63499976006597,154.77500072238897,Wildfire,High,,,,,,,,,,,,,,,"{""type"": ""Point"", ""coordinates"": [154.77500072238897, 65.63499976006597]}",,
5e7caea4e0dc731c5c6afc9bc1fe7db953ecbcb3,training_2001_2025_v1_3.csv,9449,56.345000126896934,101.60500077155427,Wildfire,High,,,,,,,,,,,,,,,"{""type"": ""Point"", ""coordinates"": [101.60500077155427, 56.345000126896934]}",,
d3e2c5590bef39a3de00749372edb2084b5e665e,training_2001_2025_v1_3.csv,9452,59.30500043784517,61.25499892778846,Wildfire,Medium,,,,,,,,,,,,,,,"{""type"": ""Point"", ""coordinates"": [61.25499892778846, 59.30500043784517]}",,
baee90ea842d916b18b4b15809e8527f139a94dc,training_2001_2025_v1_3.csv,9455,63.84500066804164,121.45499905111006,Wildfire,High,,,,,,,,,,,,,,,"{""type"": ""Point"", ""coordinates"": [121.45499905111006, 63.84500066804164]}",,
727d8ad9fa7ce829daa7c0961fb0480e6b115eac,training_2001_2025_v1_3.csv,9459,64.98500103283186,43.425000161421785,Wildfire,High,,,,,,,,,,,,,,,"{""type"": ""Point"", ""coordinates"": [43.425000161421785, 64.98500103283186]}",,
675b5c455ff651394f4bf1d08a271c03fbf9789a,training_2001_2025_v1_3.csv,9463,63.55499858563431,128.14499950378436,Wildfire,High,,,,,,,,,,,,,,,"{""type"": ""Point"", ""coordinates"": [128.14499950378436, 63.55499858563431]}",,
64e13c94da84bea039a656c453248412236df524,training_2001_2025_v1_3.csv,9466,63.35499897396904,167.3250001618249,Wildfire,Low,,,,,,,,,,,,,,,"{""type"": ""Point"", ""coordinates"": [167.3250001618249, 63.35499897396904]}",,
53cbcaffd964ddeca814909f4be007d39700364f,training_2001_2025_v1_3.csv,9469,62.00499948533377,33.204999220833564,Wildfire,High,,,,,,,,,,,,,,,"{""type"": ""Point"", ""coordinates"": [33.204999220833564, 62.00499948533377]}",,
0fdcb48e2238940ac88213a3e9e4b61407a9ab76,training_2001_2025_v1_3.csv,9472,61.45500055443571,82.6150004085913,Wildfire,High,,,,,,,,,,,,,,,"{""type"": ""Point"", ""coordinates"": [82.6150004085913, 61.45500055443571]}",,
1b911cb09002e1f5955474e7e34349e66c28df8a,training_2001_2025_v1_3.csv,9486,59.00499881571561,44.54499931341574,Wildfire,High,,,,,,,,,,,,,,,"{""type"": ""Point"", ""coordinates"": [44.54499931341574, 59.00499881571561]}",,
daa0c22f9153d72df06efd717a18175a2f013de0,training_2001_2025_v1_3.csv,9492,57.92500005750664,96.97500023831644,Wildfire,High,,,,,,,,,,,,,,,"{""type"": ""Point"", ""coordinates"": [96.97500023831644, 57.92500005750664]}",,
ca6b1f930451bf92395cdb315783ac8f07721567,training_2001_2025_v1_3.csv,9494,58.02499987671696,109.88500073712332,Wildfire,High,,,,,,,,,,,,,,,"{""type"": ""Point"", ""coordinates"": [109.88500073712332, 58.02499987671696]}",,
ee42a9afcb1d8a70396eb3aa8e49d83f7fe81175,training_2001_2025_v1_3.csv,9499,56.395000034645214,47.784999939293904,Wildfire,High,,,,,,,,,,,,,,,"{""type"": ""Point"", ""coordinates"": [47.784999939293904, 56.395000034645214]}",,
f67de16042ff86a562918b05ad374f1ccfca6a98,training_2001_2025_v1_3.csv,9502,56.424996415231625,115.05500066330448,Wildfire,High,,,,,,,,,,,,,,,"{""type"": ""Point"", ""coordinates"": [115.05500066330448, 56.424996415231625]}",,
cc4ff81b5a740db19eead2bd69b9a50f67615b48,training_2001_2025_v1_3.csv,9504,53.964999556383106,82.49499930163373,Wildfire,Medium,,,,,,,,,,,,,,,"{""type"": ""Point"", ""coordinates"": [82.49499930163373, 53.964999556383106]}",,
69767c9ec27f8328bd592ff3c84cb0f7ed6fa8b3,training_2001_2025_v1_3.csv,9507,51.17500025238541,95.93499963856756,Wildfire,Medium,,,,,,,,,,,,,,,"{""type"": ""Point"", ""coordinates"": [95.93499963856756, 51.17500025238541]}",,
968fe9f3459032e2db89e38c60e3d5141a3eed21,training_2001_2025_v1_3.csv,9508,51.21500060124489,136.5050002079013,Wildfire,Medium,,,,,,,,,,,,,,,"{""type"": ""Point"", ""coordinates"": [136.5050002079013, 51.21500060124489]}",,
166257451000353bd8a5cba5cfc41be8822659af,validation_2001_2022.geojson,3316,48.41499952996016,39.72500091549647,Wildfire,Low,,,,,,,,,,,,,,,"{""type"": ""Point"", ""coordinates"": [39.72500091549647, 48.41499952996016]}",,
a3045d9d05b27255bb11424dd736a0d1627c789f,validation_2001_2022.geojson,3334,69.77499851774516,30.345000913096165,Wildfire,Low,,,,,,,,,,,,,,,"{""type"": ""Point"", ""coordinates"": [30.345000913096165, 69.77499851774516]}",,
1969ee58132ce91dbf5c455f6140e1c84b0ee0cf,validation_2001_2022.geojson,8007,65.2049997131515,154.66499912133713,Wildfire,High,,,,,,,,,,,,,,,"{""type"": ""Point"", ""coordinates"": [154.66499912133713, 65.2049997131515]}",,
e86914906ff41084885a3e3e03e3462846214d06,validation_2001_2022.geojson,8008,64.40499909667388,124.46499925930044,Wildfire,High,,,,,,,,,,,,,,,"{""type"": ""Point"", ""coordinates"": [124.46499925930044, 64.40499909667388]}",,
b83ba63282a2834b73e79f614dcc123802c47b7b,validation_2001_2022.geojson,8009,54.79500103560796,106.79499979222318,Wildfire,High,,,,,,,,,,,,,,,"{""type"": ""Point"", ""coordinates"": [106.79499979222318, 54.79500103560796]}",,
10951fafbd08cea3c1444b99d56da5f2eafbf8b4,validation_2001_2022.geojson,8057,55.41499887674028,80.4249998521793,Wildfire,High,,,,,,,,,,,,,,,"{""type"": ""Point"", ""coordinates"": [80.4249998521793, 55.41499887674028]}",,
350c57cf10c85afd0a9392e2ed6d662a3c4534f7,validation_2001_2022.geojson,8058,53.38499982169008,92.68499943457948,Wildfire,Medium,,,,,,,,,,,,,,,"{""type"": ""Point"", ""coordinates"": [92.68499943457948, 53.38499982169008]}",,
7b71d5bb059ce69962252cfa1fff48ab611cc5d7,validation_2001_2022.geojson,8067,61.19499929332719,149.7950008405902,Wildfire,High,,,,,,,,,,,,,,,"{""type"": ""Point"", ""coordinates"": [149.7950008405902, 61.19499929332719]}",,
2a220f69ec00de2c5afba84107c23c806b46fab3,validation_2001_2022.geojson,8069,51.585001230601165,39.26500005025965,Wildfire,High,,,,,,,,,,,,,,,"{""type"": ""Point"", ""coordinates"": [39.26500005025965, 51.585001230601165]}",,
5fcfb4dbfaaa040d199fcb4a4c86f632c1696a28,validation_2001_2022.geojson,8081,59.274999618552464,154.94499943298308,Wildfire,Low,,,,,,,,,,,,,,,"{""type"": ""Point"", ""coordinates"": [154.94499943298308, 59.274999618552464]}",,
80b8810437161aaec71b62e254ec7b61a2be17c3,validation_2001_2022.geojson,8171,64.37500050135195,100.55500068357922,Wildfire,Low,,,,,,,,,,,,,,,"{""type"": ""Point"", ""coordinates"": [100.55500068357922, 64.37500050135195]}",,
1694a5dd58135904b2d7d73e1ba4098b4c399f2c,validation_2001_2022.geojson,8203,57.694999634009385,117.57499920823858,Wildfire,Medium,,,,,,,,,,,,,,,"{""type"": ""Point"", ""coordinates"": [117.57499920823858, 57.694999634009385]}",,
ca6c7c68471e094ab1bc30ff1519445f771e8690,validation_2001_2022.geojson,8231,54.96499978386362,96.82500051280986,Wildfire,Medium,,,,,,,,,,,,,,,"{""type"": ""Point"", ""coordinates"": [96.82500051280986, 54.96499978386362]}",,
281004bd73fcbbeeb8edc3686f19c1f44ffd9d89,validation_2001_2022.geojson,8254,51.515000005178734,118.37499984752908,Wildfire,High,,,,,,,,,,,,,,,"{""type"": ""Point"", ""coordinates"": [118.37499984752908, 51.515000005178734]}",,
35ae16037ea16e1483828b93f264e84a8e3cf322,validation_2001_2022.geojson,8263,54.06499936626074,116.33500128785349,Wildfire,Medium,,,,,,,,,,,,,,,"{""type"": ""Point"", ""coordinates"": [116.33500128785349, 54.06499936626074]}",,
16925e0d746be5b6a186f9c5e177d2efd10d9b69,validation_2001_2022.geojson,8300,51.66499972162169,96.4749990024237,Wildfire,High,,,,,,,,,,,,,,,"{""type"": ""Point"", ""coordinates"": [96.4749990024237, 51.66499972162169]}",,
095e32c42cff6cf124e6cc4b54c6a3d44cbb78b2,validation_2001_2022.geojson,8301,55.955000476590165,91.25499919812466,Wildfire,Low,,,,,,,,,,,,,,,"{""type"": ""Point"", ""coordinates"": [91.25499919812466, 55.955000476590165]}",,
0178d35cd2b8b9c094f7918ae6b9f9824d321817,validation_2001_2022.geojson,8302,62.48499937171525,124.58500034779092,Wildfire,High,,,,,,,,,,,,,,,"{""type"": ""Point"", ""coordinates"": [124.58500034779092, 62.48499937171525]}",,
b21c58505ddd9c4be501eba6a48d68d83529a7ec,validation_2001_2022.geojson,8303,66.90500074734733,151.425000681619,Wildfire,High,,,,,,,,,,,,,,,"{""type"": ""Point"", ""coordinates"": [151.425000681619, 66.90500074734733]}",,
c65ffd22c05a6cbccf6ee5d1863b1b3b0919cfc5,validation_2001_2022.geojson,8304,66.89499900229661,132.83499955011288,Wildfire,High,,,,,,,,,,,,,,,"{""type"": ""Point"", ""coordinates"": [132.83499955011288, 66.89499900229661]}",,
e56248528ada8b78bbc71e4fb230669f643997a7,validation_2001_2022.geojson,8305,66.61499866736393,166.15499890708537,Wildfire,Low,,,,,,,,,,,,,,,"{""type"": ""Point"", ""coordinates"": [166.15499890708537, 66.61499866736393]}",,
aa6f0748e35ac4b55a04673fde0d133befa1d96e,validation_2001_2022.geojson,8306,64.71500025384086,147.65500014970107,Wildfire,High,,,,,,,,,,,,,,,"{""type"": ""Point"", ""coordinates"": [147.65500014970107, 64.71500025384086]}",,
9f55cfd0f9b6cbcebd059e4e9ad7696844c0c2ad,validation_2001_2022.geojson,8307,62.14499960821639,69.31500024132946,Wildfire,High,,,,,,,,,,,,,,,"{""type"": ""Point"", ""coordinates"": [69.31500024132946, 62.14499960821639]}",,
4eeb128a300a0f9c164b23105c8ad78a81f5ed35,validation_2001_2022.geojson,8308,65.05500002001783,117.95499935780744,Wildfire,High,,,,,,,,,,,,,,,"{""type"": ""Point"", ""coordinates"": [117.95499935780744, 65.05500002001783]}",,
327bacf794451978041dad1212a5531dd13168db,validation_2001_2022.geojson,8309,61.90499965963366,151.2649992182863,Wildfire,High,,,,,,,,,,,,,,,"{""type"": ""Point"", ""coordinates"": [151.2649992182863, 61.90499965963366]}",,
a4b0aaf2e7c871dd9ce455a28f48bb3b5c366417,validation_2001_2022.geojson,8310,63.565000342588576,142.12499922365933,Wildfire,High,,,,,,,,,,,,,,,"{""type"": ""Point"", ""coordinates"": [142.12499922365933, 63.565000342588576]}",,
ef8fed158a7ec5f10b255976d9edfabb4063cd55,validation_2001_2022.geojson,8311,58.92500032130565,84.80500093632216,Wildfire,High,,,,,,,,,,,,,,,"{""type"": ""Point"", ""coordinates"": [84.80500093632216, 58.92500032130565]}",,
36cd7d11d87ebd4e2203669bec7ccbda77ee5a8b,validation_2001_2022.geojson,8312,65.16499935579293,118.1650007156331,Wildfire,High,,,,,,,,,,,,,,,"{""type"": ""Point"", ""coordinates"": [118.1650007156331, 65.16499935579293]}",,
d488cd03e08958174c3e390d6662e662da7e715f,validation_2001_2022.geojson,8313,60.44499855907033,135.35500026703534,Wildfire,High,,,,,,,,,,,,,,,"{""type"": ""Point"", ""coordinates"": [135.35500026703534, 60.44499855907033]}",,
010ea99a81d8c821eef0793cb968de139c2e1b95,validation_2001_2022.geojson,8314,59.2050006093688,90.01500124010023,Wildfire,High,,,,,,,,,,,,,,,"{""type"": ""Point"", ""coordinates"": [90.01500124010023, 59.2050006093688]}",,
b4b7b2da0e63e4365cfd1c16a8bf5edcd31e798a,validation_2001_2022.geojson,8315,59.27499959529285,110.7649999285511,Wildfire,High,,,,,,,,,,,,,,,"{""type"": ""Point"", ""coordinates"": [110.7649999285511, 59.27499959529285]}",,
6be4653e2c87e91a95b796a64ae5ae0419e59468,validation_2001_2022.geojson,8316,52.094999758942,110.0850003835913,Wildfire,High,,,,,,,,,,,,,,,"{""type"": ""Point"", ""coordinates"": [110.0850003835913, 52.094999758942]}",,
8a80ce978f4726dcf18d24dc4b96b9e13ea368ae,validation_2001_2022.geojson,8317,56.82500006471613,100.5050007923825,Wildfire,High,,,,,,,,,,,,,,,"{""type"": ""Point"", ""coordinates"": [100.5050007923825, 56.82500006471613]}",,
4ce1361847595adb02204ca5442d42af55546dc5,validation_2001_2022.geojson,8318,61.004999244975146,86.50499974902525,Wildfire,Medium,,,,,,,,,,,,,,,"{""type"": ""Point"", ""coordinates"": [86.50499974902525, 61.004999244975146]}",,
cce0c245f34a78ace2e7f9caf31f77cc2a359ef5,validation_2001_2022.geojson,8319,65.35499937445664,118.04499956705855,Wildfire,High,,,,,,,,,,,,,,,"{""type"": ""Point"", ""coordinates"": [118.04499956705855, 65.35499937445664]}",,
f7252f1db41b8a64a59095cac23a9cd320b659c7,validation_2001_2022.geojson,8320,66.38500042760036,122.64499933244186,Wildfire,High,,,,,,,,,,,,,,,"{""type"": ""Point"", ""coordinates"": [122.64499933244186, 66.38500042760036]}",,
e3dbe41c0f8b7387f2c01d2241c77d76ff7668ce,validation_2001_2022.geojson,8322,57.54499995073675,129.05499946096174,Wildfire,High,,,,,,,,,,,,,,,"{""type"": ""Point"", ""coordinates"": [129.05499946096174, 57.54499995073675]}",,
1440177231345492e85afc96aefb5c5ebafe68f2,validation_2001_2022.geojson,8323,51.06499867440496,110.1750006071307,Wildfire,High,,,,,,,,,,,,,,,"{""type"": ""Point"", ""coordinates"": [110.1750006071307, 51.06499867440496]}",,
0a134313c2c0c0ce018f4d67da3fa51c938ce01f,validation_2001_2022.geojson,8324,59.33499902996872,153.585000361011,Wildfire,High,,,,,,,,,,,,,,,"{""type"": ""Point"", ""coordinates"": [153.585000361011, 59.33499902996872]}",,
0e464a81a0a176cb17dae05482da1bc05d327d21,validation_2001_2022.geojson,8325,62.37500004247155,86.09500101503325,Wildfire,High,,,,,,,,,,,,,,,"{""type"": ""Point"", ""coordinates"": [86.09500101503325, 62.37500004247155]}",,
fbcf7d04b75c632addd4a9695285c276e7b4bdff,validation_2001_2022.geojson,8326,51.025000541961866,129.3949992145292,Wildfire,High,,,,,,,,,,,,,,,"{""type"": ""Point"", ""coordinates"": [129.3949992145292, 51.025000541961866]}",,
77e48cbb42fcff94c2b956f122e6bf8c9ae238dd,validation_2001_2022.geojson,8327,65.63499972879936,111.55500093286564,Wildfire,High,,,,,,,,,,,,,,,"{""type"": ""Point"", ""coordinates"": [111.55500093286564, 65.63499972879936]}",,
04ef4def0800dc2ddab0ed83c2fd77bea7b5bf5e,validation_2001_2022.geojson,8328,65.80499850982123,123.47500083416207,Wildfire,High,,,,,,,,,,,,,,,"{""type"": ""Point"", ""coordinates"": [123.47500083416207, 65.80499850982123]}",,
b51979aa0c6f13bae2ffb778595b146d0cad90d3,validation_2001_2022.geojson,8329,51.9549995735561,120.27500052853956,Wildfire,High,,,,,,,,,,,,,,,"{""type"": ""Point"", ""coordinates"": [120.27500052853956, 51.9549995735561]}",,
d32598ab144d0dc3cf2c3fbc4c945fedf535ff75,validation_2001_2022.geojson,8330,60.61499960090084,86.58500045170946,Wildfire,High,,,,,,,,,,,,,,,"{""type"": ""Point"", ""coordinates"": [86.58500045170946, 60.61499960090084]}",,
f5b6281fd0a201dc1ff749f15386a16852095e7c,validation_2001_2022.geojson,8331,69.55499984947237,140.47500027577163,Wildfire,High,,,,,,,,,,,,,,,"{""type"": ""Point"", ""coordinates"": [140.47500027577163, 69.55499984947237]}",,
b0b120de493e236693d25eaad380641922117a42,validation_2001_2022.geojson,8332,60.8350004348253,100.07500072193778,Wildfire,High,,,,,,,,,,,,,,,"{""type"": ""Point"", ""coordinates"": [100.07500072193778, 60.8350004348253]}",,
915f999f95d90da87092e04f1dd5bacbd1224026,validation_2001_2022.geojson,8333,62.90499988428615,167.50500069103336,Wildfire,High,,,,,,,,,,,,,,,"{""type"": ""Point"", ""coordinates"": [167.50500069103336, 62.90499988428615]}",,
2514ddeead01d54f9971a979b398468dae05ab86,validation_2001_2022.geojson,8334,66.77500008445085,134.13499912992174,Wildfire,High,,,,,,,,,,,,,,,"{""type"": ""Point"", ""coordinates"": [134.13499912992174, 66.77500008445085]}",,
07c9cce68a433a43e6890b86bd04c28f61f365f3,validation_2001_2022.geojson,8336,64.0049999336542,144.42500134049885,Wildfire,High,,,,,,,,,,,,,,,"{""type"": ""Point"", ""coordinates"": [144.42500134049885, 64.0049999336542]}",,
705f6539814e1e071347e34f2400ab008482a990,validation_2001_2022.geojson,8337,64.1949999756176,66.42500105912633,Wildfire,High,,,,,,,,,,,,,,,"{""type"": ""Point"", ""coordinates"": [66.42500105912633, 64.1949999756176]}",,
158548754b1b997b9326ab39cdb882266834125d,validation_2001_2022.geojson,8338,55.52500042804071,104.91500040902594,Wildfire,High,,,,,,,,,,,,,,,"{""type"": ""Point"", ""coordinates"": [104.91500040902594, 55.52500042804071]}",,
9622aba4dfef8cbf3c9f49ad8a077338a70af1c0,validation_2001_2022.geojson,8339,68.74499972370928,161.0850010451732,Wildfire,High,,,,,,,,,,,,,,,"{""type"": ""Point"", ""coordinates"": [161.0850010451732, 68.74499972370928]}",,
96eb251e85f42e510d470bfa969c3528851237a4,validation_2001_2022.geojson,8340,53.914999684441874,106.45500005765912,Wildfire,High,,,,,,,,,,,,,,,"{""type"": ""Point"", ""coordinates"": [106.45500005765912, 53.914999684441874]}",,
fd8756b21fd6e66a547df52e0d62d4d7defc6bc1,validation_2001_2022.geojson,8341,53.32500038473593,115.26499984092789,Wildfire,High,,,,,,,,,,,,,,,"{""type"": ""Point"", ""coordinates"": [115.26499984092789, 53.32500038473593]}",,
3cdb081e36f6a81445e50d8f68557b3fed2da3d3,validation_2001_2022.geojson,8342,62.38499957416435,81.37500019372945,Wildfire,High,,,,,,,,,,,,,,,"{""type"": ""Point"", ""coordinates"": [81.37500019372945, 62.38499957416435]}",,
af5f8b5e6ed30be437a3a9d9d36b6db191ff4995,validation_2001_2022.geojson,8343,62.15499918946075,118.94500004009436,Wildfire,High,,,,,,,,,,,,,,,"{""type"": ""Point"", ""coordinates"": [118.94500004009436, 62.15499918946075]}",,
5c8e8ae89602772d4d1b4fb6aa1a6ffc27840aa6,validation_2001_2022.geojson,8344,51.34499903831547,128.02500062907026,Wildfire,High,,,,,,,,,,,,,,,"{""type"": ""Point"", ""coordinates"": [128.02500062907026, 51.34499903831547]}",,
58a6c6b764bfd2f3d6f14c6b1a6fbee72f23d4a4,validation_2001_2022.geojson,8345,63.21500103872612,105.8449994388138,Wildfire,High,,,,,,,,,,,,,,,"{""type"": ""Point"", ""coordinates"": [105.8449994388138, 63.21500103872612]}",,
3a4912487934b04e49243207a2f89b58666069a5,validation_2001_2022.geojson,8346,57.05500049139681,125.52499892626396,Wildfire,High,,,,,,,,,,,,,,,"{""type"": ""Point"", ""coordinates"": [125.52499892626396, 57.05500049139681]}",,
2a1a31be2444b16c5856d70c240dec50a62b652c,validation_2001_2022.geojson,8347,60.29499888576052,116.42499926981768,Wildfire,High,,,,,,,,,,,,,,,"{""type"": ""Point"", ""coordinates"": [116.42499926981768, 60.29499888576052]}",,
10de085d8092a9f3f21d05c073d7f30e8118cf84,validation_2001_2022.geojson,8348,62.04499982095047,80.15500127466733,Wildfire,High,,,,,,,,,,,,,,,"{""type"": ""Point"", ""coordinates"": [80.15500127466733, 62.04499982095047]}",,
3425e8646f1d609016b0888c717cb07a580176d5,validation_2001_2022.geojson,8349,67.92500004465984,160.87499966403587,Wildfire,High,,,,,,,,,,,,,,,"{""type"": ""Point"", ""coordinates"": [160.87499966403587, 67.92500004465984]}",,
9cf056c007cc735f7833920fed33566352e62462,validation_2001_2022.geojson,8350,57.74499954633009,116.63500063035808,Wildfire,Low,,,,,,,,,,,,,,,"{""type"": ""Point"", ""coordinates"": [116.63500063035808, 57.74499954633009]}",,
3f635ca742c695657c7bf6e6ad8adb0f5dc11fa8,validation_2001_2022.geojson,8351,65.55499901745225,146.83500048701785,Wildfire,High,,,,,,,,,,,,,,,"{""type"": ""Point"", ""coordinates"": [146.83500048701785, 65.55499901745225]}",,
e1019a0427161155f3ace653e7e8e2aee908bbf8,validation_2001_2022.geojson,8352,64.8949985938047,127.12500023114512,Wildfire,High,,,,,,,,,,,,,,,"{""type"": ""Point"", ""coordinates"": [127.12500023114512, 64.8949985938047]}",,
2935774a80d3a01d65c1d2d0c5459f5656459058,validation_2001_2022.geojson,8353,50.71499938235299,96.68500038874774,Wildfire,Low,,,,,,,,,,,,,,,"{""type"": ""Point"", ""coordinates"": [96.68500038874774, 50.71499938235299]}",,
faa2980501857fa672ba9a605a93fae0838aa618,validation_2001_2022.geojson,8354,60.69500031689409,97.06500052830935,Wildfire,High,,,,,,,,,,,,,,,"{""type"": ""Point"", ""coordinates"": [97.06500052830935, 60.69500031689409]}",,
9b3dd3d3a38b6cf7420fdc6fac17e3b4ddf47d7b,validation_2001_2022.geojson,8355,48.635000452691976,42.3150006415402,Wildfire,High,,,,,,,,,,,,,,,"{""type"": ""Point"", ""coordinates"": [42.3150006415402, 48.635000452691976]}",,
77f1ea6d53313d79370000fd0d66b9cd03b2034c,validation_2001_2022.geojson,8356,53.22500058922836,128.52499963044318,Wildfire,High,,,,,,,,,,,,,,,"{""type"": ""Point"", ""coordinates"": [128.52499963044318, 53.22500058922836]}",,
578c1cda0ac62a400c9f06dbe5d7fc4075ef4d42,validation_2001_2022.geojson,8357,56.5049993809249,114.90499878805214,Wildfire,High,,,,,,,,,,,,,,,"{""type"": ""Point"", ""coordinates"": [114.90499878805214, 56.5049993809249]}",,
8aaefcafccd5a6f5ee8d17a6d9d697f5256c7988,validation_2001_2022.geojson,8358,63.54499903989926,107.20500079293777,Wildfire,High,,,,,,,,,,,,,,,"{""type"": ""Point"", ""coordinates"": [107.20500079293777, 63.54499903989926]}",,
76717c55110ea1044d1dfccf56f165acfc642d43,validation_2001_2022.geojson,8359,59.42499928494835,97.57500125347975,Wildfire,High,,,,,,,,,,,,,,,"{""type"": ""Point"", ""coordinates"": [97.57500125347975, 59.42499928494835]}",,
8ed7f8ada848e76f0729f3cd10569e3bae307dcd,validation_2001_2022.geojson,8360,62.49499894041029,123.08500117565372,Wildfire,High,,,,,,,,,,,,,,,"{""type"": ""Point"", ""coordinates"": [123.08500117565372, 62.49499894041029]}",,
6e7fad1d6cc8600e76d77e0d9a5f29a9f5e310dc,validation_2001_2022.geojson,8361,65.1649993286502,112.26499911219538,Wildfire,High,,,,,,,,,,,,,,,"{""type"": ""Point"", ""coordinates"": [112.26499911219538, 65.1649993286502]}",,
b684e4fc5e4928a7ecb59d150d2d398b70a3924d,validation_2001_2022.geojson,8362,66.70499894246086,151.86500028068184,Wildfire,High,,,,,,,,,,,,,,,"{""type"": ""Point"", ""coordinates"": [151.86500028068184, 66.70499894246086]}",,
8f9e5203a18bd880d7be17f1e388eeb595d53b87,validation_2001_2022.geojson,8363,51.745000430001134,127.61499969557204,Wildfire,Medium,,,,,,,,,,,,,,,"{""type"": ""Point"", ""coordinates"": [127.61499969557204, 51.745000430001134]}",,
281633af41d300ca58c028c0f41ccfe8aa31f55a,validation_2001_2022.geojson,8364,61.035000079779785,129.94500036441303,Wildfire,High,,,,,,,,,,,,,,,"{""type"": ""Point"", ""coordinates"": [129.94500036441303, 61.035000079779785]}",,
8de78d2893dd90f64047d1d4930704d8c59a9c8f,validation_2001_2022.geojson,8365,60.54500061177131,59.745000172527256,Wildfire,High,,,,,,,,,,,,,,,"{""type"": ""Point"", ""coordinates"": [59.745000172527256, 60.54500061177131]}",,
327fbc8d5c7fe6631e6e2f449ebbe6cc529c843c,validation_2001_2022.geojson,8367,65.82499980066791,87.2150001000167,Wildfire,High,,,,,,,,,,,,,,,"{""type"": ""Point"", ""coordinates"": [87.2150001000167, 65.82499980066791]}",,
f61bbecc214623dbbb45c8c336abb56337917737,validation_2001_2022.geojson,8368,60.21500040546209,151.98499914197566,Wildfire,High,,,,,,,,,,,,,,,"{""type"": ""Point"", ""coordinates"": [151.98499914197566, 60.21500040546209]}",,
d5009bb38e300135930a2350d530d521f4f4c141,validation_2001_2022.geojson,8369,63.37500027202203,70.1150008074053,Wildfire,High,,,,,,,,,,,,,,,"{""type"": ""Point"", ""coordinates"": [70.1150008074053, 63.37500027202203]}",,
e65bdd6b435da50ef410d3ee8aaca430750b7887,validation_2001_2022.geojson,8370,64.40499911422415,116.55499994223604,Wildfire,High,,,,,,,,,,,,,,,"{""type"": ""Point"", ""coordinates"": [116.55499994223604, 64.40499911422415]}",,
071e427847d1334d5f4f6961dada7c26624acdc4,validation_2001_2022.geojson,8372,56.44499994408672,156.38499924801852,Wildfire,High,,,,,,,,,,,,,,,"{""type"": ""Point"", ""coordinates"": [156.38499924801852, 56.44499994408672]}",,
0e456e5f8680e656ae9978334cf38156a691221d,validation_2001_2022.geojson,8373,63.34499944599501,107.19499898546768,Wildfire,High,,,,,,,,,,,,,,,"{""type"": ""Point"", ""coordinates"": [107.19499898546768, 63.34499944599501]}",,
5aaf1328fee3ed405c93ec2f3c5844d6dd510be0,validation_2001_2022.geojson,8374,66.96500016178115,120.77499952166116,Wildfire,High,,,,,,,,,,,,,,,"{""type"": ""Point"", ""coordinates"": [120.77499952166116, 66.96500016178115]}",,
056b750c67a7636b9255e0eb298a3a57463a6d00,validation_2001_2022.geojson,8375,62.854999985558166,144.27499934823774,Wildfire,High,,,,,,,,,,,,,,,"{""type"": ""Point"", ""coordinates"": [144.27499934823774, 62.854999985558166]}",,
cdfa02bd8fbdc1f2b28ec530266f832acf05f2e3,validation_2001_2022.geojson,8376,59.28499912496278,131.53499987378368,Wildfire,High,,,,,,,,,,,,,,,"{""type"": ""Point"", ""coordinates"": [131.53499987378368, 59.28499912496278]}",,
74e16c594c6782e452aa6ea01acea6d9ed984691,validation_2001_2022.geojson,8377,65.54499946155353,123.40499963834698,Wildfire,High,,,,,,,,,,,,,,,"{""type"": ""Point"", ""coordinates"": [123.40499963834698, 65.54499946155353]}",,
fe11d631c5a83b46b8306f2f2389b4ac4a400cca,validation_2001_2022.geojson,8378,52.03500032444572,110.5050008754322,Wildfire,High,,,,,,,,,,,,,,,"{""type"": ""Point"", ""coordinates"": [110.5050008754322, 52.03500032444572]}",,
4ebcc07718461608e412865e32b4b8385f149a7a,validation_2001_2022.geojson,8379,62.094999735035486,88.595000503682,Wildfire,High,,,,,,,,,,,,,,,"{""type"": ""Point"", ""coordinates"": [88.595000503682, 62.094999735035486]}",,
73ef597348a724c8f65a90457307ccd5769a6e62,validation_2001_2022.geojson,8381,64.35499919433629,90.81499965599885,Wildfire,High,,,,,,,,,,,,,,,"{""type"": ""Point"", ""coordinates"": [90.81499965599885, 64.35499919433629]}",,
3445e87c0eb1e6b7b38a6556acf050c19a769d6d,validation_2001_2022.geojson,8382,57.66499882980517,95.02499967916964,Wildfire,High,,,,,,,,,,,,,,,"{""type"": ""Point"", ""coordinates"": [95.02499967916964, 57.66499882980517]}",,
24db164c59ec469ece37b92797fe1ee3c0463390,validation_2001_2022.geojson,8383,61.89500015453344,121.6349996318316,Wildfire,High,,,,,,,,,,,,,,,"{""type"": ""Point"", ""coordinates"": [121.6349996318316, 61.89500015453344]}",,
d1643b0924d1e1660d0ffe9216e4d92d93db7361,validation_2001_2022.geojson,8384,65.86500014850124,49.70499971199677,Wildfire,High,,,,,,,,,,,,,,,"{""type"": ""Point"", ""coordinates"": [49.70499971199677, 65.86500014850124]}",,
bf65c0ad8bb658d2261637f16b87e1292a45c5f2,validation_2001_2022.geojson,8385,48.57500100994528,139.0750008667978,Wildfire,High,,,,,,,,,,,,,,,"{""type"": ""Point"", ""coordinates"": [139.0750008667978, 48.57500100994528]}",,
951898c230b716d5d4b26404368b5a965618ba09,validation_2001_2022.geojson,8386,59.10499860078255,103.04500058466964,Wildfire,High,,,,,,,,,,,,,,,"{""type"": ""Point"", ""coordinates"": [103.04500058466964, 59.10499860078255]}",,
8842015118ba72a5b6ff35934ad331db7db2cb7b,validation_2001_2022.geojson,8387,63.94500047619769,67.16500001289606,Wildfire,High,,,,,,,,,,,,,,,"{""type"": ""Point"", ""coordinates"": [67.16500001289606, 63.94500047619769]}",,
9c3ca0820af24f02a714de25dc141960585289c1,validation_2001_2022.geojson,8388,62.54499883706578,101.18500030636524,Wildfire,High,,,,,,,,,,,,,,,"{""type"": ""Point"", ""coordinates"": [101.18500030636524, 62.54499883706578]}",,
891f3ff7bdacce4919ec32926ef4026c3f6fdbd5,validation_2001_2022.geojson,8389,62.29499932671146,149.71500014696338,Wildfire,High,,,,,,,,,,,,,,,"{""type"": ""Point"", ""coordinates"": [149.71500014696338, 62.29499932671146]}",,
2478944de94ba02d0be1672950df74a458ba77ad,validation_2001_2022.geojson,8390,56.544999754145294,123.45499952322224,Wildfire,High,,,,,,,,,,,,,,,"{""type"": ""Point"", ""coordinates"": [123.45499952322224, 56.544999754145294]}",,
6e7f0b5c994d1d8973cf59de128d39fec1399665,validation_2001_2022.geojson,8391,62.58499918839586,94.72500026063872,Wildfire,Medium,,,,,,,,,,,,,,,"{""type"": ""Point"", ""coordinates"": [94.72500026063872, 62.58499918839586]}",,
42e044fa904655e8d4944950624b9aad7441c6ac,validation_2001_2022.geojson,8392,63.04500006168794,137.72500132282028,Wildfire,High,,,,,,,,,,,,,,,"{""type"": ""Point"", ""coordinates"": [137.72500132282028, 63.04500006168794]}",,
32f17e971a0f68b9ab860e6d55154a31bc261c77,validation_2001_2022.geojson,8393,62.52499976199738,97.99499953472156,Wildfire,High,,,,,,,,,,,,,,,"{""type"": ""Point"", ""coordinates"": [97.99499953472156, 62.52499976199738]}",,
cfe86ab0eb686939fe105e29d800c66b9d08e8be,validation_2001_2022.geojson,8394,61.80499986977311,126.62500123579412,Wildfire,High,,,,,,,,,,,,,,,"{""type"": ""Point"", ""coordinates"": [126.62500123579412, 61.80499986977311]}",,
9107c4c94f88b2410e78b272dd944dd5bb8002a4,validation_2001_2022.geojson,8395,65.51500088027015,135.81499887749456,Wildfire,High,,,,,,,,,,,,,,,"{""type"": ""Point"", ""coordinates"": [135.81499887749456, 65.51500088027015]}",,
c85712467d0ce2b8c6d2c2cc43c6042d1fc730dd,validation_2001_2022.geojson,8396,62.60500049349592,112.10499990522028,Wildfire,High,,,,,,,,,,,,,,,"{""type"": ""Point"", ""coordinates"": [112.10499990522028, 62.60500049349592]}",,
40aa22387375e9e474b03b6514e8e45a7790eb03,validation_2001_2022.geojson,8397,59.97500042969974,121.92499941723862,Wildfire,High,,,,,,,,,,,,,,,"{""type"": ""Point"", ""coordinates"": [121.92499941723862, 59.97500042969974]}",,
36197d468f93288bf64534c68e80f7becae40f3a,validation_2001_2022.geojson,8398,51.484999192090015,111.23500027600964,Wildfire,High,,,,,,,,,,,,,,,"{""type"": ""Point"", ""coordinates"": [111.23500027600964, 51.484999192090015]}",,
7da9b9ff2835b2ccd696a4e9ddada1e0e8018d95,validation_2001_2022.geojson,8399,53.35500121329461,132.16499948620464,Wildfire,High,,,,,,,,,,,,,,,"{""type"": ""Point"", ""coordinates"": [132.16499948620464, 53.35500121329461]}",,
23e5532845b19bf41fb386b9f9cfde0a6410f6d2,validation_2001_2022.geojson,8400,61.57499942636685,95.2649996577377,Wildfire,High,,,,,,,,,,,,,,,"{""type"": ""Point"", ""coordinates"": [95.2649996577377, 61.57499942636685]}",,
88004353cda05aba5b07a7456ba3e71924c06eba,validation_2001_2022.geojson,8401,62.49499891868727,53.3149987460314,Wildfire,High,,,,,,,,,,,,,,,"{""type"": ""Point"", ""coordinates"": [53.3149987460314, 62.49499891868727]}",,
596a3b10df01e87b24f616fd84eab974fae81c8c,validation_2001_2022.geojson,8402,64.64499907131473,104.30499983957267,Wildfire,High,,,,,,,,,,,,,,,"{""type"": ""Point"", ""coordinates"": [104.30499983957267, 64.64499907131473]}",,
81802e785cad13875121db8b93a3c783626b904d,validation_2001_2022.geojson,8403,66.54499968783018,125.00500091919557,Wildfire,High,,,,,,,,,,,,,,,"{""type"": ""Point"", ""coordinates"": [125.00500091919557, 66.54499968783018]}",,
6414c411fced2aa1817fc6817a2ffafa449c7259,validation_2001_2022.geojson,8404,62.18500001262445,125.23500130671452,Wildfire,High,,,,,,,,,,,,,,,"{""type"": ""Point"", ""coordinates"": [125.23500130671452, 62.18500001262445]}",,
4b6f30c7ef0dc8915ed286905289187085a28006,validation_2001_2022.geojson,8405,52.31500064873824,123.5350002453505,Wildfire,Low,,,,,,,,,,,,,,,"{""type"": ""Point"", ""coordinates"": [123.5350002453505, 52.31500064873824]}",,
183e9081abc5a2e11ce6e4b1178a584fcf487f89,validation_2001_2022.geojson,8406,50.854999534225854,114.2050001383503,Wildfire,High,,,,,,,,,,,,,,,"{""type"": ""Point"", ""coordinates"": [114.2050001383503, 50.854999534225854]}",,
f672dfa250982f5e0313336707cad625e0d32fe3,validation_2001_2022.geojson,8407,51.54499863667916,129.70500043892636,Wildfire,High,,,,,,,,,,,,,,,"{""type"": ""Point"", ""coordinates"": [129.70500043892636, 51.54499863667916]}",,
367553ea95cd750dfc77263cbd92ba19cc48ae6f,validation_2001_2022.geojson,8408,51.28499959311242,136.63500083521217,Wildfire,High,,,,,,,,,,,,,,,"{""type"": ""Point"", ""coordinates"": [136.63500083521217, 51.28499959311242]}",,
034e0cfd7549d18b31368f3cf3faef6235ae07a9,validation_2001_2022.geojson,8409,64.52500020493339,113.52500062156568,Wildfire,High,,,,,,,,,,,,,,,"{""type"": ""Point"", ""coordinates"": [113.52500062156568, 64.52500020493339]}",,
2940b6eb35de2cc6da3be6dc330032e5a06feaed,validation_2001_2022.geojson,8410,64.59499915083998,84.34500008210856,Wildfire,High,,,,,,,,,,,,,,,"{""type"": ""Point"", ""coordinates"": [84.34500008210856, 64.59499915083998]}",,
2190632789c9578387c2e6c6b5699178f1994dc4,validation_2001_2022.geojson,8411,59.42499929273985,133.86500048323762,Wildfire,High,,,,,,,,,,,,,,,"{""type"": ""Point"", ""coordinates"": [133.86500048323762, 59.42499929273985]}",,
a8b8f4bb33e31170c2af12b9fe00db2592b17de8,validation_2001_2022.geojson,8413,48.70499939479779,128.60500037166295,Wildfire,Medium,,,,,,,,,,,,,,,"{""type"": ""Point"", ""coordinates"": [128.60500037166295, 48.70499939479779]}",,
b90ea5d55643d3ecb6ca65cda4e5371f212d6550,validation_2001_2022.geojson,8414,62.21499858373649,127.4050005850812,Wildfire,High,,,,,,,,,,,,,,,"{""type"": ""Point"", ""coordinates"": [127.4050005850812, 62.21499858373649]}",,
e555cd66269a152d206ac9237449de8e116c6a8a,validation_2001_2022.geojson,8415,64.6550008327199,112.7150004679631,Wildfire,Low,,,,,,,,,,,,,,,"{""type"": ""Point"", ""coordinates"": [112.7150004679631, 64.6550008327199]}",,
78bbdce8c0ac5482bc7defa2c5b473da8b779069,validation_2001_2022.geojson,8416,67.42499878980365,137.78500071474977,Wildfire,High,,,,,,,,,,,,,,,"{""type"": ""Point"", ""coordinates"": [137.78500071474977, 67.42499878980365]}",,
189aabf8e778097835d6dd7ecdc0f8df8cdb686e,validation_2001_2022.geojson,8417,52.84500046412119,119.4150004415915,Wildfire,High,,,,,,,,,,,,,,,"{""type"": ""Point"", ""coordinates"": [119.4150004415915, 52.84500046412119]}",,
bd14d34d3b9e20688cfbb82c9eee4d098e03a501,validation_2001_2022.geojson,8418,56.88499947750232,94.96500022884526,Wildfire,High,,,,,,,,,,,,,,,"{""type"": ""Point"", ""coordinates"": [94.96500022884526, 56.88499947750232]}",,
6b409a367fee50c7bc8d8dba6de9bea2f5c5cf4c,validation_2001_2022.geojson,8463,59.69500009604443,111.7249997539564,Wildfire,High,,,,,,,,,,,,,,,"{""type"": ""Point"", ""coordinates"": [111.7249997539564, 59.69500009604443]}",,
19dac5e6bef1dee1799b04cf98cb1905af394ef0,validation_2001_2022.geojson,8470,59.39500067921716,106.6250010119293,Wildfire,Medium,,,,,,,,,,,,,,,"{""type"": ""Point"", ""coordinates"": [106.6250010119293, 59.39500067921716]}",,
9b5401821af42805e36be2b2f3c02fd9a9c0d006,validation_2001_2022.geojson,8493,60.58500097217665,59.81499909841516,Wildfire,High,,,,,,,,,,,,,,,"{""type"": ""Point"", ""coordinates"": [59.81499909841516, 60.58500097217665]}",,
