{
  "type": "FeatureCollection",
  "features": [
    {
      "type": "Feature",
      "properties": {
        "sample_id": "ff28aeec3193865dda5624c729314da2666c8ef4",
        "source_file": "training_2001_2025_v1_3.csv",
        "source_id": "3162",
        "lat": 53.73499910930797,
        "lon": 31.525001666830796,
        "driver": "Logging",
        "confidence": "High",
        "source_event_year": null,
        "event_year": null,
        "total_loss_area_ha": null,
        "dominant_loss_area_ha": null,
        "dominant_year_share": null,
        "sample_status": null,
        "pre_scene_id": null,
        "pre_date": null,
        "post_scene_id": null,
        "post_date": null,
        "pre_local_cloud": null,
        "post_local_cloud": null,
        "manual_validation": null,
        "manual_notes": null,
        "event_mask_metadata": null,
        "local_raster_paths": null
      },
      "geometry": {
        "type": "Point",
        "coordinates": [
          31.525001666830796,
          53.73499910930797
        ]
      }
    },
    {
      "type": "Feature",
      "properties": {
        "sample_id": "5569e3a6c4b408e65748508f17acbd897bb4db4a",
        "source_file": "training_2001_2025_v1_3.csv",
        "source_id": "3174",
        "lat": 54.27500072177177,
        "lon": 21.10500106575032,
        "driver": "Logging",
        "confidence": "High",
        "source_event_year": null,
        "event_year": null,
        "total_loss_area_ha": null,
        "dominant_loss_area_ha": null,
        "dominant_year_share": null,
        "sample_status": null,
        "pre_scene_id": null,
        "pre_date": null,
        "post_scene_id": null,
        "post_date": null,
        "pre_local_cloud": null,
        "post_local_cloud": null,
        "manual_validation": null,
        "manual_notes": null,
        "event_mask_metadata": null,
        "local_raster_paths": null
      },
      "geometry": {
        "type": "Point",
        "coordinates": [
          21.10500106575032,
          54.27500072177177
        ]
      }
    },
    {
      "type": "Feature",
      "properties": {
        "sample_id": "42d61bd134f424c62e5dd6a910c58c3670f6d1b6",
        "source_file": "training_2001_2025_v1_3.csv",
        "source_id": "3194",
        "lat": 55.07499912717083,
        "lon": 22.354998581387697,
        "driver": "Logging",
        "confidence": "High",
        "source_event_year": null,
        "event_year": null,
        "total_loss_area_ha": null,
        "dominant_loss_area_ha": null,
        "dominant_year_share": null,
        "sample_status": null,
        "pre_scene_id": null,
        "pre_date": null,
        "post_scene_id": null,
        "post_date": null,
        "pre_local_cloud": null,
        "post_local_cloud": null,
        "manual_validation": null,
        "manual_notes": null,
        "event_mask_metadata": null,
        "local_raster_paths": null
      },
      "geometry": {
        "type": "Point",
        "coordinates": [
          22.354998581387697,
          55.07499912717083
        ]
      }
    },
    {
      "type": "Feature",
      "properties": {
        "sample_id": "993427d61838e664486b9164c3331b1f4567a559",
        "source_file": "training_2001_2025_v1_3.csv",
        "source_id": "3691",
        "lat": 68.62500082058233,
        "lon": 28.21499981981319,
        "driver": "Logging",
        "confidence": "High",
        "source_event_year": null,
        "event_year": null,
        "total_loss_area_ha": null,
        "dominant_loss_area_ha": null,
        "dominant_year_share": null,
        "sample_status": null,
        "pre_scene_id": null,
        "pre_date": null,
        "post_scene_id": null,
        "post_date": null,
        "pre_local_cloud": null,
        "post_local_cloud": null,
        "manual_validation": null,
        "manual_notes": null,
        "event_mask_metadata": null,
        "local_raster_paths": null
      },
      "geometry": {
        "type": "Point",
        "coordinates": [
          28.21499981981319,
          68.62500082058233
        ]
      }
    },
    {
      "type": "Feature",
      "properties": {
        "sample_id": "014329d954101fce4f8e96f9b51372982069c3c2",
        "source_file": "training_2001_2025_v1_3.csv",
        "source_id": "3726",
        "lat": 67.7849998581102,
        "lon": 28.86500074031399,
        "driver": "Logging",
        "confidence": "High",
        "source_event_year": null,
        "event_year": null,
        "total_loss_area_ha": null,
        "dominant_loss_area_ha": null,
        "dominant_year_share": null,
        "sample_status": null,
        "pre_scene_id": null,
        "pre_date": null,
        "post_scene_id": null,
        "post_date": null,
        "pre_local_cloud": null,
        "post_local_cloud": null,
        "manual_validation": null,
        "manual_notes": null,
        "event_mask_metadata": null,
        "local_raster_paths": null
      },
      "geometry": {
        "type": "Point",
        "coordinates": [
          28.86500074031399,
          67.7849998581102
        ]
      }
    },
    {
      "type": "Feature",
      "properties": {
        "sample_id": "7593cbb0be49f3d511015121f69332adaf938362",
        "source_file": "training_2001_2025_v1_3.csv",
        "source_id": "3728",
        "lat": 67.82500024061537,
        "lon": 29.06500032534657,
        "driver": "Logging",
        "confidence": "High",
        "source_event_year": null,
        "event_year": null,
        "total_loss_area_ha": null,
        "dominant_loss_area_ha": null,
        "dominant_year_share": null,
        "sample_status": null,
        "pre_scene_id": null,
        "pre_date": null,
        "post_scene_id": null,
        "post_date": null,
        "pre_local_cloud": null,
        "post_local_cloud": null,
        "manual_validation": null,
        "manual_notes": null,
        "event_mask_metadata": null,
        "local_raster_paths": null
      },
      "geometry": {
        "type": "Point",
        "coordinates": [
          29.06500032534657,
          67.82500024061537
        ]
      }
    },
    {
      "type": "Feature",
      "properties": {
        "sample_id": "52209bc49d0def1edda64d98d0f52a6f45a18fb1",
        "source_file": "training_2001_2025_v1_3.csv",
        "source_id": "5281",
        "lat": 58.25500031578706,
        "lon": 86.03499936062542,
        "driver": "Logging",
        "confidence": "Medium",
        "source_event_year": null,
        "event_year": null,
        "total_loss_area_ha": null,
        "dominant_loss_area_ha": null,
        "dominant_year_share": null,
        "sample_status": null,
        "pre_scene_id": null,
        "pre_date": null,
        "post_scene_id": null,
        "post_date": null,
        "pre_local_cloud": null,
        "post_local_cloud": null,
        "manual_validation": null,
        "manual_notes": null,
        "event_mask_metadata": null,
        "local_raster_paths": null
      },
      "geometry": {
        "type": "Point",
        "coordinates": [
          86.03499936062542,
          58.25500031578706
        ]
      }
    },
    {
      "type": "Feature",
      "properties": {
        "sample_id": "f70b95f139fa36889ecb5417cc0461d615a917e2",
        "source_file": "training_2001_2025_v1_3.csv",
        "source_id": "5282",
        "lat": 57.614998916730066,
        "lon": 57.16499993560383,
        "driver": "Logging",
        "confidence": "High",
        "source_event_year": null,
        "event_year": null,
        "total_loss_area_ha": null,
        "dominant_loss_area_ha": null,
        "dominant_year_share": null,
        "sample_status": null,
        "pre_scene_id": null,
        "pre_date": null,
        "post_scene_id": null,
        "post_date": null,
        "pre_local_cloud": null,
        "post_local_cloud": null,
        "manual_validation": null,
        "manual_notes": null,
        "event_mask_metadata": null,
        "local_raster_paths": null
      },
      "geometry": {
        "type": "Point",
        "coordinates": [
          57.16499993560383,
          57.614998916730066
        ]
      }
    },
    {
      "type": "Feature",
      "properties": {
        "sample_id": "6168681d4c85a4b30e8d8d42b382df063c387c20",
        "source_file": "training_2001_2025_v1_3.csv",
        "source_id": "5301",
        "lat": 53.76499993757662,
        "lon": 101.1649989943129,
        "driver": "Logging",
        "confidence": "High",
        "source_event_year": null,
        "event_year": null,
        "total_loss_area_ha": null,
        "dominant_loss_area_ha": null,
        "dominant_year_share": null,
        "sample_status": null,
        "pre_scene_id": null,
        "pre_date": null,
        "post_scene_id": null,
        "post_date": null,
        "pre_local_cloud": null,
        "post_local_cloud": null,
        "manual_validation": null,
        "manual_notes": null,
        "event_mask_metadata": null,
        "local_raster_paths": null
      },
      "geometry": {
        "type": "Point",
        "coordinates": [
          101.1649989943129,
          53.76499993757662
        ]
      }
    },
    {
      "type": "Feature",
      "properties": {
        "sample_id": "202f937d66cfdba85f6fb9ffacd47e4d56c6bee4",
        "source_file": "training_2001_2025_v1_3.csv",
        "source_id": "5306",
        "lat": 50.3150001767446,
        "lon": 136.30500060376022,
        "driver": "Logging",
        "confidence": "High",
        "source_event_year": null,
        "event_year": null,
        "total_loss_area_ha": null,
        "dominant_loss_area_ha": null,
        "dominant_year_share": null,
        "sample_status": null,
        "pre_scene_id": null,
        "pre_date": null,
        "post_scene_id": null,
        "post_date": null,
        "pre_local_cloud": null,
        "post_local_cloud": null,
        "manual_validation": null,
        "manual_notes": null,
        "event_mask_metadata": null,
        "local_raster_paths": null
      },
      "geometry": {
        "type": "Point",
        "coordinates": [
          136.30500060376022,
          50.3150001767446
        ]
      }
    },
    {
      "type": "Feature",
      "properties": {
        "sample_id": "b998dd2b482d67377ac8eff709137f60738827fd",
        "source_file": "training_2001_2025_v1_3.csv",
        "source_id": "5310",
        "lat": 56.21499949466637,
        "lon": 48.12499971666332,
        "driver": "Logging",
        "confidence": "Medium",
        "source_event_year": null,
        "event_year": null,
        "total_loss_area_ha": null,
        "dominant_loss_area_ha": null,
        "dominant_year_share": null,
        "sample_status": null,
        "pre_scene_id": null,
        "pre_date": null,
        "post_scene_id": null,
        "post_date": null,
        "pre_local_cloud": null,
        "post_local_cloud": null,
        "manual_validation": null,
        "manual_notes": null,
        "event_mask_metadata": null,
        "local_raster_paths": null
      },
      "geometry": {
        "type": "Point",
        "coordinates": [
          48.12499971666332,
          56.21499949466637
        ]
      }
    },
    {
      "type": "Feature",
      "properties": {
        "sample_id": "c5ebb8dffe9c05eb4f47f5b18338c3e0f85b37ef",
        "source_file": "training_2001_2025_v1_3.csv",
        "source_id": "5316",
        "lat": 60.274999818841934,
        "lon": 44.45500126549116,
        "driver": "Logging",
        "confidence": "High",
        "source_event_year": null,
        "event_year": null,
        "total_loss_area_ha": null,
        "dominant_loss_area_ha": null,
        "dominant_year_share": null,
        "sample_status": null,
        "pre_scene_id": null,
        "pre_date": null,
        "post_scene_id": null,
        "post_date": null,
        "pre_local_cloud": null,
        "post_local_cloud": null,
        "manual_validation": null,
        "manual_notes": null,
        "event_mask_metadata": null,
        "local_raster_paths": null
      },
      "geometry": {
        "type": "Point",
        "coordinates": [
          44.45500126549116,
          60.274999818841934
        ]
      }
    },
    {
      "type": "Feature",
      "properties": {
        "sample_id": "bf56245bc7ced86d2385f67c25d977a9c08bb2b6",
        "source_file": "training_2001_2025_v1_3.csv",
        "source_id": "5347",
        "lat": 55.264999179798735,
        "lon": 101.16500124829236,
        "driver": "Logging",
        "confidence": "High",
        "source_event_year": null,
        "event_year": null,
        "total_loss_area_ha": null,
        "dominant_loss_area_ha": null,
        "dominant_year_share": null,
        "sample_status": null,
        "pre_scene_id": null,
        "pre_date": null,
        "post_scene_id": null,
        "post_date": null,
        "pre_local_cloud": null,
        "post_local_cloud": null,
        "manual_validation": null,
        "manual_notes": null,
        "event_mask_metadata": null,
        "local_raster_paths": null
      },
      "geometry": {
        "type": "Point",
        "coordinates": [
          101.16500124829236,
          55.264999179798735
        ]
      }
    },
    {
      "type": "Feature",
      "properties": {
        "sample_id": "5aa8a75d1ab319c714361fc7ca03033cb8468e8d",
        "source_file": "training_2001_2025_v1_3.csv",
        "source_id": "5350",
        "lat": 53.89500060002054,
        "lon": 82.37500041728711,
        "driver": "Logging",
        "confidence": "Medium",
        "source_event_year": null,
        "event_year": null,
        "total_loss_area_ha": null,
        "dominant_loss_area_ha": null,
        "dominant_year_share": null,
        "sample_status": null,
        "pre_scene_id": null,
        "pre_date": null,
        "post_scene_id": null,
        "post_date": null,
        "pre_local_cloud": null,
        "post_local_cloud": null,
        "manual_validation": null,
        "manual_notes": null,
        "event_mask_metadata": null,
        "local_raster_paths": null
      },
      "geometry": {
        "type": "Point",
        "coordinates": [
          82.37500041728711,
          53.89500060002054
        ]
      }
    },
    {
      "type": "Feature",
      "properties": {
        "sample_id": "22933dd53a96f89ef2582834898ef9585f9bc340",
        "source_file": "training_2001_2025_v1_3.csv",
        "source_id": "5446",
        "lat": 56.90499859396286,
        "lon": 32.505000611706365,
        "driver": "Logging",
        "confidence": "High",
        "source_event_year": null,
        "event_year": null,
        "total_loss_area_ha": null,
        "dominant_loss_area_ha": null,
        "dominant_year_share": null,
        "sample_status": null,
        "pre_scene_id": null,
        "pre_date": null,
        "post_scene_id": null,
        "post_date": null,
        "pre_local_cloud": null,
        "post_local_cloud": null,
        "manual_validation": null,
        "manual_notes": null,
        "event_mask_metadata": null,
        "local_raster_paths": null
      },
      "geometry": {
        "type": "Point",
        "coordinates": [
          32.505000611706365,
          56.90499859396286
        ]
      }
    },
    {
      "type": "Feature",
      "properties": {
        "sample_id": "9a3701f627490623b7db1a9e039d8ddea5f969c3",
        "source_file": "training_2001_2025_v1_3.csv",
        "source_id": "5482",
        "lat": 56.81500052865657,
        "lon": 57.21499984314784,
        "driver": "Logging",
        "confidence": "High",
        "source_event_year": null,
        "event_year": null,
        "total_loss_area_ha": null,
        "dominant_loss_area_ha": null,
        "dominant_year_share": null,
        "sample_status": null,
        "pre_scene_id": null,
        "pre_date": null,
        "post_scene_id": null,
        "post_date": null,
        "pre_local_cloud": null,
        "post_local_cloud": null,
        "manual_validation": null,
        "manual_notes": null,
        "event_mask_metadata": null,
        "local_raster_paths": null
      },
      "geometry": {
        "type": "Point",
        "coordinates": [
          57.21499984314784,
          56.81500052865657
        ]
      }
    },
    {
      "type": "Feature",
      "properties": {
        "sample_id": "d033a5b4c1a46fe6fc8e4c8abacc95ecc527b252",
        "source_file": "training_2001_2025_v1_3.csv",
        "source_id": "5486",
        "lat": 59.74500001808691,
        "lon": 70.34500122175535,
        "driver": "Logging",
        "confidence": "High",
        "source_event_year": null,
        "event_year": null,
        "total_loss_area_ha": null,
        "dominant_loss_area_ha": null,
        "dominant_year_share": null,
        "sample_status": null,
        "pre_scene_id": null,
        "pre_date": null,
        "post_scene_id": null,
        "post_date": null,
        "pre_local_cloud": null,
        "post_local_cloud": null,
        "manual_validation": null,
        "manual_notes": null,
        "event_mask_metadata": null,
        "local_raster_paths": null
      },
      "geometry": {
        "type": "Point",
        "coordinates": [
          70.34500122175535,
          59.74500001808691
        ]
      }
    },
    {
      "type": "Feature",
      "properties": {
        "sample_id": "c7fae4986437d8b806bc93b11290126f65d5852a",
        "source_file": "training_2001_2025_v1_3.csv",
        "source_id": "5488",
        "lat": 57.535000421116095,
        "lon": 43.54500130943333,
        "driver": "Logging",
        "confidence": "High",
        "source_event_year": null,
        "event_year": null,
        "total_loss_area_ha": null,
        "dominant_loss_area_ha": null,
        "dominant_year_share": null,
        "sample_status": null,
        "pre_scene_id": null,
        "pre_date": null,
        "post_scene_id": null,
        "post_date": null,
        "pre_local_cloud": null,
        "post_local_cloud": null,
        "manual_validation": null,
        "manual_notes": null,
        "event_mask_metadata": null,
        "local_raster_paths": null
      },
      "geometry": {
        "type": "Point",
        "coordinates": [
          43.54500130943333,
          57.535000421116095
        ]
      }
    },
    {
      "type": "Feature",
      "properties": {
        "sample_id": "0b4533490a53e14444730b71a5b656dee4fa7166",
        "source_file": "training_2001_2025_v1_3.csv",
        "source_id": "5501",
        "lat": 58.42499907226393,
        "lon": 47.9250001441909,
        "driver": "Logging",
        "confidence": "High",
        "source_event_year": null,
        "event_year": null,
        "total_loss_area_ha": null,
        "dominant_loss_area_ha": null,
        "dominant_year_share": null,
        "sample_status": null,
        "pre_scene_id": null,
        "pre_date": null,
        "post_scene_id": null,
        "post_date": null,
        "pre_local_cloud": null,
        "post_local_cloud": null,
        "manual_validation": null,
        "manual_notes": null,
        "event_mask_metadata": null,
        "local_raster_paths": null
      },
      "geometry": {
        "type": "Point",
        "coordinates": [
          47.9250001441909,
          58.42499907226393
        ]
      }
    },
    {
      "type": "Feature",
      "properties": {
        "sample_id": "160683842cfa33ec5b9ba1d772b08a05e904b8a4",
        "source_file": "training_2001_2025_v1_3.csv",
        "source_id": "5587",
        "lat": 54.10499972160894,
        "lon": 47.09499866654773,
        "driver": "Logging",
        "confidence": "High",
        "source_event_year": null,
        "event_year": null,
        "total_loss_area_ha": null,
        "dominant_loss_area_ha": null,
        "dominant_year_share": null,
        "sample_status": null,
        "pre_scene_id": null,
        "pre_date": null,
        "post_scene_id": null,
        "post_date": null,
        "pre_local_cloud": null,
        "post_local_cloud": null,
        "manual_validation": null,
        "manual_notes": null,
        "event_mask_metadata": null,
        "local_raster_paths": null
      },
      "geometry": {
        "type": "Point",
        "coordinates": [
          47.09499866654773,
          54.10499972160894
        ]
      }
    },
    {
      "type": "Feature",
      "properties": {
        "sample_id": "6a6254f6d3558b411d8c27bdd4f421240adcc863",
        "source_file": "training_2001_2025_v1_3.csv",
        "source_id": "5589",
        "lat": 57.15500028100861,
        "lon": 107.1550008548387,
        "driver": "Logging",
        "confidence": "High",
        "source_event_year": null,
        "event_year": null,
        "total_loss_area_ha": null,
        "dominant_loss_area_ha": null,
        "dominant_year_share": null,
        "sample_status": null,
        "pre_scene_id": null,
        "pre_date": null,
        "post_scene_id": null,
        "post_date": null,
        "pre_local_cloud": null,
        "post_local_cloud": null,
        "manual_validation": null,
        "manual_notes": null,
        "event_mask_metadata": null,
        "local_raster_paths": null
      },
      "geometry": {
        "type": "Point",
        "coordinates": [
          107.1550008548387,
          57.15500028100861
        ]
      }
    },
    {
      "type": "Feature",
      "properties": {
        "sample_id": "be2446e912d7cda621e2c9f433bb8c4ffb36a64b",
        "source_file": "training_2001_2025_v1_3.csv",
        "source_id": "5695",
        "lat": 58.67499858780281,
        "lon": 92.87499951091698,
        "driver": "Logging",
        "confidence": "High",
        "source_event_year": null,
        "event_year": null,
        "total_loss_area_ha": null,
        "dominant_loss_area_ha": null,
        "dominant_year_share": null,
        "sample_status": null,
        "pre_scene_id": null,
        "pre_date": null,
        "post_scene_id": null,
        "post_date": null,
        "pre_local_cloud": null,
        "post_local_cloud": null,
        "manual_validation": null,
        "manual_notes": null,
        "event_mask_metadata": null,
        "local_raster_paths": null
      },
      "geometry": {
        "type": "Point",
        "coordinates": [
          92.87499951091698,
          58.67499858780281
        ]
      }
    },
    {
      "type": "Feature",
      "properties": {
        "sample_id": "2a671428d5cd46529232b1420bddf025caa3c45b",
        "source_file": "training_2001_2025_v1_3.csv",
        "source_id": "5708",
        "lat": 61.22500015641161,
        "lon": 55.69499930891241,
        "driver": "Logging",
        "confidence": "High",
        "source_event_year": null,
        "event_year": null,
        "total_loss_area_ha": null,
        "dominant_loss_area_ha": null,
        "dominant_year_share": null,
        "sample_status": null,
        "pre_scene_id": null,
        "pre_date": null,
        "post_scene_id": null,
        "post_date": null,
        "pre_local_cloud": null,
        "post_local_cloud": null,
        "manual_validation": null,
        "manual_notes": null,
        "event_mask_metadata": null,
        "local_raster_paths": null
      },
      "geometry": {
        "type": "Point",
        "coordinates": [
          55.69499930891241,
          61.22500015641161
        ]
      }
    },
    {
      "type": "Feature",
      "properties": {
        "sample_id": "1460cd7355fb4dfb878677df9787f4c7fef8052f",
        "source_file": "training_2001_2025_v1_3.csv",
        "source_id": "5714",
        "lat": 59.355000342632515,
        "lon": 98.455000404439,
        "driver": "Logging",
        "confidence": "High",
        "source_event_year": null,
        "event_year": null,
        "total_loss_area_ha": null,
        "dominant_loss_area_ha": null,
        "dominant_year_share": null,
        "sample_status": null,
        "pre_scene_id": null,
        "pre_date": null,
        "post_scene_id": null,
        "post_date": null,
        "pre_local_cloud": null,
        "post_local_cloud": null,
        "manual_validation": null,
        "manual_notes": null,
        "event_mask_metadata": null,
        "local_raster_paths": null
      },
      "geometry": {
        "type": "Point",
        "coordinates": [
          98.455000404439,
          59.355000342632515
        ]
      }
    },
    {
      "type": "Feature",
      "properties": {
        "sample_id": "eee926fb5cf130019e84ce4610e91cff7c8c58f6",
        "source_file": "training_2001_2025_v1_3.csv",
        "source_id": "5715",
        "lat": 62.0649989065421,
        "lon": 56.174999219066706,
        "driver": "Logging",
        "confidence": "High",
        "source_event_year": null,
        "event_year": null,
        "total_loss_area_ha": null,
        "dominant_loss_area_ha": null,
        "dominant_year_share": null,
        "sample_status": null,
        "pre_scene_id": null,
        "pre_date": null,
        "post_scene_id": null,
        "post_date": null,
        "pre_local_cloud": null,
        "post_local_cloud": null,
        "manual_validation": null,
        "manual_notes": null,
        "event_mask_metadata": null,
        "local_raster_paths": null
      },
      "geometry": {
        "type": "Point",
        "coordinates": [
          56.174999219066706,
          62.0649989065421
        ]
      }
    },
    {
      "type": "Feature",
      "properties": {
        "sample_id": "a67bde56af0d22bc93fca2c8797ca4d544cfbf99",
        "source_file": "training_2001_2025_v1_3.csv",
        "source_id": "5738",
        "lat": 55.06499956686608,
        "lon": 125.61499923382158,
        "driver": "Logging",
        "confidence": "High",
        "source_event_year": null,
        "event_year": null,
        "total_loss_area_ha": null,
        "dominant_loss_area_ha": null,
        "dominant_year_share": null,
        "sample_status": null,
        "pre_scene_id": null,
        "pre_date": null,
        "post_scene_id": null,
        "post_date": null,
        "pre_local_cloud": null,
        "post_local_cloud": null,
        "manual_validation": null,
        "manual_notes": null,
        "event_mask_metadata": null,
        "local_raster_paths": null
      },
      "geometry": {
        "type": "Point",
        "coordinates": [
          125.61499923382158,
          55.06499956686608
        ]
      }
    },
    {
      "type": "Feature",
      "properties": {
        "sample_id": "ecf33cdef381d7486dc379b2c22efc2287019782",
        "source_file": "training_2001_2025_v1_3.csv",
        "source_id": "5740",
        "lat": 60.04499938364202,
        "lon": 39.31499988638995,
        "driver": "Logging",
        "confidence": "High",
        "source_event_year": null,
        "event_year": null,
        "total_loss_area_ha": null,
        "dominant_loss_area_ha": null,
        "dominant_year_share": null,
        "sample_status": null,
        "pre_scene_id": null,
        "pre_date": null,
        "post_scene_id": null,
        "post_date": null,
        "pre_local_cloud": null,
        "post_local_cloud": null,
        "manual_validation": null,
        "manual_notes": null,
        "event_mask_metadata": null,
        "local_raster_paths": null
      },
      "geometry": {
        "type": "Point",
        "coordinates": [
          39.31499988638995,
          60.04499938364202
        ]
      }
    },
    {
      "type": "Feature",
      "properties": {
        "sample_id": "1466e502cc677f8ea386ff2bdf83f5694f98911d",
        "source_file": "training_2001_2025_v1_3.csv",
        "source_id": "5753",
        "lat": 61.34499898513653,
        "lon": 45.774999958312435,
        "driver": "Logging",
        "confidence": "High",
        "source_event_year": null,
        "event_year": null,
        "total_loss_area_ha": null,
        "dominant_loss_area_ha": null,
        "dominant_year_share": null,
        "sample_status": null,
        "pre_scene_id": null,
        "pre_date": null,
        "post_scene_id": null,
        "post_date": null,
        "pre_local_cloud": null,
        "post_local_cloud": null,
        "manual_validation": null,
        "manual_notes": null,
        "event_mask_metadata": null,
        "local_raster_paths": null
      },
      "geometry": {
        "type": "Point",
        "coordinates": [
          45.774999958312435,
          61.34499898513653
        ]
      }
    },
    {
      "type": "Feature",
      "properties": {
        "sample_id": "0d48884afde5295b6092f0341a11336537712fbd",
        "source_file": "training_2001_2025_v1_3.csv",
        "source_id": "5754",
        "lat": 60.24499900386277,
        "lon": 56.30499992085729,
        "driver": "Logging",
        "confidence": "High",
        "source_event_year": null,
        "event_year": null,
        "total_loss_area_ha": null,
        "dominant_loss_area_ha": null,
        "dominant_year_share": null,
        "sample_status": null,
        "pre_scene_id": null,
        "pre_date": null,
        "post_scene_id": null,
        "post_date": null,
        "pre_local_cloud": null,
        "post_local_cloud": null,
        "manual_validation": null,
        "manual_notes": null,
        "event_mask_metadata": null,
        "local_raster_paths": null
      },
      "geometry": {
        "type": "Point",
        "coordinates": [
          56.30499992085729,
          60.24499900386277
        ]
      }
    },
    {
      "type": "Feature",
      "properties": {
        "sample_id": "7ec2794c3e579c5d621118d33f41287fa2d319d8",
        "source_file": "training_2001_2025_v1_3.csv",
        "source_id": "5789",
        "lat": 65.2049997143022,
        "lon": 42.84500045063168,
        "driver": "Logging",
        "confidence": "High",
        "source_event_year": null,
        "event_year": null,
        "total_loss_area_ha": null,
        "dominant_loss_area_ha": null,
        "dominant_year_share": null,
        "sample_status": null,
        "pre_scene_id": null,
        "pre_date": null,
        "post_scene_id": null,
        "post_date": null,
        "pre_local_cloud": null,
        "post_local_cloud": null,
        "manual_validation": null,
        "manual_notes": null,
        "event_mask_metadata": null,
        "local_raster_paths": null
      },
      "geometry": {
        "type": "Point",
        "coordinates": [
          42.84500045063168,
          65.2049997143022
        ]
      }
    },
    {
      "type": "Feature",
      "properties": {
        "sample_id": "740d15e05b64714c8f504d6ad8ffef1b2aef58ee",
        "source_file": "training_2001_2025_v1_3.csv",
        "source_id": "5793",
        "lat": 60.85499953844309,
        "lon": 55.62500036952129,
        "driver": "Logging",
        "confidence": "High",
        "source_event_year": null,
        "event_year": null,
        "total_loss_area_ha": null,
        "dominant_loss_area_ha": null,
        "dominant_year_share": null,
        "sample_status": null,
        "pre_scene_id": null,
        "pre_date": null,
        "post_scene_id": null,
        "post_date": null,
        "pre_local_cloud": null,
        "post_local_cloud": null,
        "manual_validation": null,
        "manual_notes": null,
        "event_mask_metadata": null,
        "local_raster_paths": null
      },
      "geometry": {
        "type": "Point",
        "coordinates": [
          55.62500036952129,
          60.85499953844309
        ]
      }
    },
    {
      "type": "Feature",
      "properties": {
        "sample_id": "4ffcdaedece136eead41b08220cdfb19738e2d43",
        "source_file": "training_2001_2025_v1_3.csv",
        "source_id": "5801",
        "lat": 58.84499956632183,
        "lon": 46.86500043865136,
        "driver": "Logging",
        "confidence": "High",
        "source_event_year": null,
        "event_year": null,
        "total_loss_area_ha": null,
        "dominant_loss_area_ha": null,
        "dominant_year_share": null,
        "sample_status": null,
        "pre_scene_id": null,
        "pre_date": null,
        "post_scene_id": null,
        "post_date": null,
        "pre_local_cloud": null,
        "post_local_cloud": null,
        "manual_validation": null,
        "manual_notes": null,
        "event_mask_metadata": null,
        "local_raster_paths": null
      },
      "geometry": {
        "type": "Point",
        "coordinates": [
          46.86500043865136,
          58.84499956632183
        ]
      }
    },
    {
      "type": "Feature",
      "properties": {
        "sample_id": "6c7ea188c0db3d76867f9bab8150e3ba8919912f",
        "source_file": "training_2001_2025_v1_3.csv",
        "source_id": "5836",
        "lat": 59.48499874042798,
        "lon": 45.73499958688208,
        "driver": "Logging",
        "confidence": "High",
        "source_event_year": null,
        "event_year": null,
        "total_loss_area_ha": null,
        "dominant_loss_area_ha": null,
        "dominant_year_share": null,
        "sample_status": null,
        "pre_scene_id": null,
        "pre_date": null,
        "post_scene_id": null,
        "post_date": null,
        "pre_local_cloud": null,
        "post_local_cloud": null,
        "manual_validation": null,
        "manual_notes": null,
        "event_mask_metadata": null,
        "local_raster_paths": null
      },
      "geometry": {
        "type": "Point",
        "coordinates": [
          45.73499958688208,
          59.48499874042798
        ]
      }
    },
    {
      "type": "Feature",
      "properties": {
        "sample_id": "94ddfc64208a1b0c1f4c4070a77b4775cddeaa28",
        "source_file": "training_2001_2025_v1_3.csv",
        "source_id": "5857",
        "lat": 58.81500094627706,
        "lon": 39.78500034211526,
        "driver": "Logging",
        "confidence": "High",
        "source_event_year": null,
        "event_year": null,
        "total_loss_area_ha": null,
        "dominant_loss_area_ha": null,
        "dominant_year_share": null,
        "sample_status": null,
        "pre_scene_id": null,
        "pre_date": null,
        "post_scene_id": null,
        "post_date": null,
        "pre_local_cloud": null,
        "post_local_cloud": null,
        "manual_validation": null,
        "manual_notes": null,
        "event_mask_metadata": null,
        "local_raster_paths": null
      },
      "geometry": {
        "type": "Point",
        "coordinates": [
          39.78500034211526,
          58.81500094627706
        ]
      }
    },
    {
      "type": "Feature",
      "properties": {
        "sample_id": "5c8d7f3a70117b5a4bd2ca8371ef60dbded7245b",
        "source_file": "training_2001_2025_v1_3.csv",
        "source_id": "8527",
        "lat": 43.244999639070514,
        "lon": 145.41499978501278,
        "driver": "Logging",
        "confidence": "High",
        "source_event_year": null,
        "event_year": null,
        "total_loss_area_ha": null,
        "dominant_loss_area_ha": null,
        "dominant_year_share": null,
        "sample_status": null,
        "pre_scene_id": null,
        "pre_date": null,
        "post_scene_id": null,
        "post_date": null,
        "pre_local_cloud": null,
        "post_local_cloud": null,
        "manual_validation": null,
        "manual_notes": null,
        "event_mask_metadata": null,
        "local_raster_paths": null
      },
      "geometry": {
        "type": "Point",
        "coordinates": [
          145.41499978501278,
          43.244999639070514
        ]
      }
    },
    {
      "type": "Feature",
      "properties": {
        "sample_id": "6e17ac3f1183c4f765c05848f1c31a0af163313b",
        "source_file": "training_2001_2025_v1_3.csv",
        "source_id": "8543",
        "lat": 43.655000586212495,
        "lon": 145.01500059844312,
        "driver": "Logging",
        "confidence": "High",
        "source_event_year": null,
        "event_year": null,
        "total_loss_area_ha": null,
        "dominant_loss_area_ha": null,
        "dominant_year_share": null,
        "sample_status": null,
        "pre_scene_id": null,
        "pre_date": null,
        "post_scene_id": null,
        "post_date": null,
        "pre_local_cloud": null,
        "post_local_cloud": null,
        "manual_validation": null,
        "manual_notes": null,
        "event_mask_metadata": null,
        "local_raster_paths": null
      },
      "geometry": {
        "type": "Point",
        "coordinates": [
          145.01500059844312,
          43.655000586212495
        ]
      }
    },
    {
      "type": "Feature",
      "properties": {
        "sample_id": "68410d71ac3dc385202fa6d6e5e1abdba7e951db",
        "source_file": "training_2001_2025_v1_3.csv",
        "source_id": "8567",
        "lat": 45.75499862215593,
        "lon": 130.89499843661676,
        "driver": "Logging",
        "confidence": "Medium",
        "source_event_year": null,
        "event_year": null,
        "total_loss_area_ha": null,
        "dominant_loss_area_ha": null,
        "dominant_year_share": null,
        "sample_status": null,
        "pre_scene_id": null,
        "pre_date": null,
        "post_scene_id": null,
        "post_date": null,
        "pre_local_cloud": null,
        "post_local_cloud": null,
        "manual_validation": null,
        "manual_notes": null,
        "event_mask_metadata": null,
        "local_raster_paths": null
      },
      "geometry": {
        "type": "Point",
        "coordinates": [
          130.89499843661676,
          45.75499862215593
        ]
      }
    },
    {
      "type": "Feature",
      "properties": {
        "sample_id": "426999fb0525995e544a97c242bd5ea893eb0e6e",
        "source_file": "training_2001_2025_v1_3.csv",
        "source_id": "8573",
        "lat": 47.304999984904875,
        "lon": 125.90500130096224,
        "driver": "Logging",
        "confidence": "Medium",
        "source_event_year": null,
        "event_year": null,
        "total_loss_area_ha": null,
        "dominant_loss_area_ha": null,
        "dominant_year_share": null,
        "sample_status": null,
        "pre_scene_id": null,
        "pre_date": null,
        "post_scene_id": null,
        "post_date": null,
        "pre_local_cloud": null,
        "post_local_cloud": null,
        "manual_validation": null,
        "manual_notes": null,
        "event_mask_metadata": null,
        "local_raster_paths": null
      },
      "geometry": {
        "type": "Point",
        "coordinates": [
          125.90500130096224,
          47.304999984904875
        ]
      }
    },
    {
      "type": "Feature",
      "properties": {
        "sample_id": "dc330b8950167587ba9687cb3cfcf9d47abbcadd",
        "source_file": "training_2001_2025_v1_3.csv",
        "source_id": "8577",
        "lat": 48.03499941283959,
        "lon": 41.175000249499234,
        "driver": "Logging",
        "confidence": "Low",
        "source_event_year": null,
        "event_year": null,
        "total_loss_area_ha": null,
        "dominant_loss_area_ha": null,
        "dominant_year_share": null,
        "sample_status": null,
        "pre_scene_id": null,
        "pre_date": null,
        "post_scene_id": null,
        "post_date": null,
        "pre_local_cloud": null,
        "post_local_cloud": null,
        "manual_validation": null,
        "manual_notes": null,
        "event_mask_metadata": null,
        "local_raster_paths": null
      },
      "geometry": {
        "type": "Point",
        "coordinates": [
          41.175000249499234,
          48.03499941283959
        ]
      }
    },
    {
      "type": "Feature",
      "properties": {
        "sample_id": "144eae347a95c3953ff53dea295cca0dde0bab9f",
        "source_file": "training_2001_2025_v1_3.csv",
        "source_id": "8582",
        "lat": 48.7250006910979,
        "lon": 139.51500040320877,
        "driver": "Logging",
        "confidence": "Medium",
        "source_event_year": null,
        "event_year": null,
        "total_loss_area_ha": null,
        "dominant_loss_area_ha": null,
        "dominant_year_share": null,
        "sample_status": null,
        "pre_scene_id": null,
        "pre_date": null,
        "post_scene_id": null,
        "post_date": null,
        "pre_local_cloud": null,
        "post_local_cloud": null,
        "manual_validation": null,
        "manual_notes": null,
        "event_mask_metadata": null,
        "local_raster_paths": null
      },
      "geometry": {
        "type": "Point",
        "coordinates": [
          139.51500040320877,
          48.7250006910979
        ]
      }
    },
    {
      "type": "Feature",
      "properties": {
        "sample_id": "651f783aaf07f211b408cc7166ac5f1b826cc221",
        "source_file": "training_2001_2025_v1_3.csv",
        "source_id": "8594",
        "lat": 50.11500057143831,
        "lon": 40.35499830414525,
        "driver": "Logging",
        "confidence": "Medium",
        "source_event_year": null,
        "event_year": null,
        "total_loss_area_ha": null,
        "dominant_loss_area_ha": null,
        "dominant_year_share": null,
        "sample_status": null,
        "pre_scene_id": null,
        "pre_date": null,
        "post_scene_id": null,
        "post_date": null,
        "pre_local_cloud": null,
        "post_local_cloud": null,
        "manual_validation": null,
        "manual_notes": null,
        "event_mask_metadata": null,
        "local_raster_paths": null
      },
      "geometry": {
        "type": "Point",
        "coordinates": [
          40.35499830414525,
          50.11500057143831
        ]
      }
    },
    {
      "type": "Feature",
      "properties": {
        "sample_id": "58f9dbec725dda05389536f4d86e39682be5ad21",
        "source_file": "training_2001_2025_v1_3.csv",
        "source_id": "8601",
        "lat": 50.49500073197774,
        "lon": 37.0449986957875,
        "driver": "Logging",
        "confidence": "High",
        "source_event_year": null,
        "event_year": null,
        "total_loss_area_ha": null,
        "dominant_loss_area_ha": null,
        "dominant_year_share": null,
        "sample_status": null,
        "pre_scene_id": null,
        "pre_date": null,
        "post_scene_id": null,
        "post_date": null,
        "pre_local_cloud": null,
        "post_local_cloud": null,
        "manual_validation": null,
        "manual_notes": null,
        "event_mask_metadata": null,
        "local_raster_paths": null
      },
      "geometry": {
        "type": "Point",
        "coordinates": [
          37.0449986957875,
          50.49500073197774
        ]
      }
    },
    {
      "type": "Feature",
      "properties": {
        "sample_id": "345f78296699c22eca2a925bb46e997618e73229",
        "source_file": "training_2001_2025_v1_3.csv",
        "source_id": "8632",
        "lat": 51.824998948482715,
        "lon": 80.12499822616616,
        "driver": "Logging",
        "confidence": "High",
        "source_event_year": null,
        "event_year": null,
        "total_loss_area_ha": null,
        "dominant_loss_area_ha": null,
        "dominant_year_share": null,
        "sample_status": null,
        "pre_scene_id": null,
        "pre_date": null,
        "post_scene_id": null,
        "post_date": null,
        "pre_local_cloud": null,
        "post_local_cloud": null,
        "manual_validation": null,
        "manual_notes": null,
        "event_mask_metadata": null,
        "local_raster_paths": null
      },
      "geometry": {
        "type": "Point",
        "coordinates": [
          80.12499822616616,
          51.824998948482715
        ]
      }
    },
    {
      "type": "Feature",
      "properties": {
        "sample_id": "2ee6e24c9e894805850d4833b548cff5287d08be",
        "source_file": "training_2001_2025_v1_3.csv",
        "source_id": "8636",
        "lat": 51.94500003384681,
        "lon": 85.94499907741077,
        "driver": "Logging",
        "confidence": "Medium",
        "source_event_year": null,
        "event_year": null,
        "total_loss_area_ha": null,
        "dominant_loss_area_ha": null,
        "dominant_year_share": null,
        "sample_status": null,
        "pre_scene_id": null,
        "pre_date": null,
        "post_scene_id": null,
        "post_date": null,
        "pre_local_cloud": null,
        "post_local_cloud": null,
        "manual_validation": null,
        "manual_notes": null,
        "event_mask_metadata": null,
        "local_raster_paths": null
      },
      "geometry": {
        "type": "Point",
        "coordinates": [
          85.94499907741077,
          51.94500003384681
        ]
      }
    },
    {
      "type": "Feature",
      "properties": {
        "sample_id": "5273d7ec20d7beda65fe61b8afd22ff3897a5c2e",
        "source_file": "training_2001_2025_v1_3.csv",
        "source_id": "8639",
        "lat": 52.05499937949205,
        "lon": 71.19499957851937,
        "driver": "Logging",
        "confidence": "Medium",
        "source_event_year": null,
        "event_year": null,
        "total_loss_area_ha": null,
        "dominant_loss_area_ha": null,
        "dominant_year_share": null,
        "sample_status": null,
        "pre_scene_id": null,
        "pre_date": null,
        "post_scene_id": null,
        "post_date": null,
        "pre_local_cloud": null,
        "post_local_cloud": null,
        "manual_validation": null,
        "manual_notes": null,
        "event_mask_metadata": null,
        "local_raster_paths": null
      },
      "geometry": {
        "type": "Point",
        "coordinates": [
          71.19499957851937,
          52.05499937949205
        ]
      }
    },
    {
      "type": "Feature",
      "properties": {
        "sample_id": "6c6084a276aae62477e4377614a0e97c2789214a",
        "source_file": "training_2001_2025_v1_3.csv",
        "source_id": "8651",
        "lat": 52.284999795467186,
        "lon": 56.725000393975634,
        "driver": "Logging",
        "confidence": "Medium",
        "source_event_year": null,
        "event_year": null,
        "total_loss_area_ha": null,
        "dominant_loss_area_ha": null,
        "dominant_year_share": null,
        "sample_status": null,
        "pre_scene_id": null,
        "pre_date": null,
        "post_scene_id": null,
        "post_date": null,
        "pre_local_cloud": null,
        "post_local_cloud": null,
        "manual_validation": null,
        "manual_notes": null,
        "event_mask_metadata": null,
        "local_raster_paths": null
      },
      "geometry": {
        "type": "Point",
        "coordinates": [
          56.725000393975634,
          52.284999795467186
        ]
      }
    },
    {
      "type": "Feature",
      "properties": {
        "sample_id": "2c77699482a7cc20d573f545e160c689cd799158",
        "source_file": "training_2001_2025_v1_3.csv",
        "source_id": "8657",
        "lat": 52.354998758549215,
        "lon": 137.22500007609258,
        "driver": "Logging",
        "confidence": "High",
        "source_event_year": null,
        "event_year": null,
        "total_loss_area_ha": null,
        "dominant_loss_area_ha": null,
        "dominant_year_share": null,
        "sample_status": null,
        "pre_scene_id": null,
        "pre_date": null,
        "post_scene_id": null,
        "post_date": null,
        "pre_local_cloud": null,
        "post_local_cloud": null,
        "manual_validation": null,
        "manual_notes": null,
        "event_mask_metadata": null,
        "local_raster_paths": null
      },
      "geometry": {
        "type": "Point",
        "coordinates": [
          137.22500007609258,
          52.354998758549215
        ]
      }
    },
    {
      "type": "Feature",
      "properties": {
        "sample_id": "e05a876c162854209ee5569060061514f2c66fa2",
        "source_file": "training_2001_2025_v1_3.csv",
        "source_id": "8658",
        "lat": 52.384997385841714,
        "lon": 84.23500072340293,
        "driver": "Logging",
        "confidence": "Medium",
        "source_event_year": null,
        "event_year": null,
        "total_loss_area_ha": null,
        "dominant_loss_area_ha": null,
        "dominant_year_share": null,
        "sample_status": null,
        "pre_scene_id": null,
        "pre_date": null,
        "post_scene_id": null,
        "post_date": null,
        "pre_local_cloud": null,
        "post_local_cloud": null,
        "manual_validation": null,
        "manual_notes": null,
        "event_mask_metadata": null,
        "local_raster_paths": null
      },
      "geometry": {
        "type": "Point",
        "coordinates": [
          84.23500072340293,
          52.384997385841714
        ]
      }
    },
    {
      "type": "Feature",
      "properties": {
        "sample_id": "cf672333b8044dcf49a6005463e0d19a52796649",
        "source_file": "training_2001_2025_v1_3.csv",
        "source_id": "8661",
        "lat": 52.44499904530082,
        "lon": 84.84500125829031,
        "driver": "Logging",
        "confidence": "Low",
        "source_event_year": null,
        "event_year": null,
        "total_loss_area_ha": null,
        "dominant_loss_area_ha": null,
        "dominant_year_share": null,
        "sample_status": null,
        "pre_scene_id": null,
        "pre_date": null,
        "post_scene_id": null,
        "post_date": null,
        "pre_local_cloud": null,
        "post_local_cloud": null,
        "manual_validation": null,
        "manual_notes": null,
        "event_mask_metadata": null,
        "local_raster_paths": null
      },
      "geometry": {
        "type": "Point",
        "coordinates": [
          84.84500125829031,
          52.44499904530082
        ]
      }
    },
    {
      "type": "Feature",
      "properties": {
        "sample_id": "134c54327c530ba4c7b5ed12a08abf62af5d7584",
        "source_file": "training_2001_2025_v1_3.csv",
        "source_id": "8665",
        "lat": 52.50500070678478,
        "lon": 70.58500122488485,
        "driver": "Logging",
        "confidence": "Medium",
        "source_event_year": null,
        "event_year": null,
        "total_loss_area_ha": null,
        "dominant_loss_area_ha": null,
        "dominant_year_share": null,
        "sample_status": null,
        "pre_scene_id": null,
        "pre_date": null,
        "post_scene_id": null,
        "post_date": null,
        "pre_local_cloud": null,
        "post_local_cloud": null,
        "manual_validation": null,
        "manual_notes": null,
        "event_mask_metadata": null,
        "local_raster_paths": null
      },
      "geometry": {
        "type": "Point",
        "coordinates": [
          70.58500122488485,
          52.50500070678478
        ]
      }
    },
    {
      "type": "Feature",
      "properties": {
        "sample_id": "c822ad329aedac7fc1d057767e326954515c02db",
        "source_file": "training_2001_2025_v1_3.csv",
        "source_id": "8670",
        "lat": 52.57499964464256,
        "lon": 68.82499848995691,
        "driver": "Logging",
        "confidence": "High",
        "source_event_year": null,
        "event_year": null,
        "total_loss_area_ha": null,
        "dominant_loss_area_ha": null,
        "dominant_year_share": null,
        "sample_status": null,
        "pre_scene_id": null,
        "pre_date": null,
        "post_scene_id": null,
        "post_date": null,
        "pre_local_cloud": null,
        "post_local_cloud": null,
        "manual_validation": null,
        "manual_notes": null,
        "event_mask_metadata": null,
        "local_raster_paths": null
      },
      "geometry": {
        "type": "Point",
        "coordinates": [
          68.82499848995691,
          52.57499964464256
        ]
      }
    },
    {
      "type": "Feature",
      "properties": {
        "sample_id": "7b5ac8f2758dcb77fbf8bc44354fda38cce1b0a0",
        "source_file": "training_2001_2025_v1_3.csv",
        "source_id": "8671",
        "lat": 52.60500051079646,
        "lon": 56.75500121646704,
        "driver": "Logging",
        "confidence": "High",
        "source_event_year": null,
        "event_year": null,
        "total_loss_area_ha": null,
        "dominant_loss_area_ha": null,
        "dominant_year_share": null,
        "sample_status": null,
        "pre_scene_id": null,
        "pre_date": null,
        "post_scene_id": null,
        "post_date": null,
        "pre_local_cloud": null,
        "post_local_cloud": null,
        "manual_validation": null,
        "manual_notes": null,
        "event_mask_metadata": null,
        "local_raster_paths": null
      },
      "geometry": {
        "type": "Point",
        "coordinates": [
          56.75500121646704,
          52.60500051079646
        ]
      }
    },
    {
      "type": "Feature",
      "properties": {
        "sample_id": "5dd627e867452438a40551866975257bd6127a9e",
        "source_file": "training_2001_2025_v1_3.csv",
        "source_id": "8673",
        "lat": 52.61500006443592,
        "lon": 57.435000736339006,
        "driver": "Logging",
        "confidence": "High",
        "source_event_year": null,
        "event_year": null,
        "total_loss_area_ha": null,
        "dominant_loss_area_ha": null,
        "dominant_year_share": null,
        "sample_status": null,
        "pre_scene_id": null,
        "pre_date": null,
        "post_scene_id": null,
        "post_date": null,
        "pre_local_cloud": null,
        "post_local_cloud": null,
        "manual_validation": null,
        "manual_notes": null,
        "event_mask_metadata": null,
        "local_raster_paths": null
      },
      "geometry": {
        "type": "Point",
        "coordinates": [
          57.435000736339006,
          52.61500006443592
        ]
      }
    },
    {
      "type": "Feature",
      "properties": {
        "sample_id": "39c59ce437f66a62b5ba119a17d1aabcb3553898",
        "source_file": "training_2001_2025_v1_3.csv",
        "source_id": "8674",
        "lat": 52.64500089153489,
        "lon": 68.71500141039989,
        "driver": "Logging",
        "confidence": "Medium",
        "source_event_year": null,
        "event_year": null,
        "total_loss_area_ha": null,
        "dominant_loss_area_ha": null,
        "dominant_year_share": null,
        "sample_status": null,
        "pre_scene_id": null,
        "pre_date": null,
        "post_scene_id": null,
        "post_date": null,
        "pre_local_cloud": null,
        "post_local_cloud": null,
        "manual_validation": null,
        "manual_notes": null,
        "event_mask_metadata": null,
        "local_raster_paths": null
      },
      "geometry": {
        "type": "Point",
        "coordinates": [
          68.71500141039989,
          52.64500089153489
        ]
      }
    },
    {
      "type": "Feature",
      "properties": {
        "sample_id": "889225df6ff3e7761543e113dfdea66556b3bd31",
        "source_file": "training_2001_2025_v1_3.csv",
        "source_id": "8678",
        "lat": 52.734998912762435,
        "lon": 57.454999841378985,
        "driver": "Logging",
        "confidence": "High",
        "source_event_year": null,
        "event_year": null,
        "total_loss_area_ha": null,
        "dominant_loss_area_ha": null,
        "dominant_year_share": null,
        "sample_status": null,
        "pre_scene_id": null,
        "pre_date": null,
        "post_scene_id": null,
        "post_date": null,
        "pre_local_cloud": null,
        "post_local_cloud": null,
        "manual_validation": null,
        "manual_notes": null,
        "event_mask_metadata": null,
        "local_raster_paths": null
      },
      "geometry": {
        "type": "Point",
        "coordinates": [
          57.454999841378985,
          52.734998912762435
        ]
      }
    },
    {
      "type": "Feature",
      "properties": {
        "sample_id": "c6215ed51e7ca1b7a0f52504d1b46063f7d370db",
        "source_file": "training_2001_2025_v1_3.csv",
        "source_id": "8685",
        "lat": 52.834996492448504,
        "lon": 57.81500085684533,
        "driver": "Logging",
        "confidence": "High",
        "source_event_year": null,
        "event_year": null,
        "total_loss_area_ha": null,
        "dominant_loss_area_ha": null,
        "dominant_year_share": null,
        "sample_status": null,
        "pre_scene_id": null,
        "pre_date": null,
        "post_scene_id": null,
        "post_date": null,
        "pre_local_cloud": null,
        "post_local_cloud": null,
        "manual_validation": null,
        "manual_notes": null,
        "event_mask_metadata": null,
        "local_raster_paths": null
      },
      "geometry": {
        "type": "Point",
        "coordinates": [
          57.81500085684533,
          52.834996492448504
        ]
      }
    },
    {
      "type": "Feature",
      "properties": {
        "sample_id": "c2888af1b36a0ec6927cd1911ba893d85188462c",
        "source_file": "training_2001_2025_v1_3.csv",
        "source_id": "8687",
        "lat": 52.874999060321414,
        "lon": 101.7749996022471,
        "driver": "Logging",
        "confidence": "Medium",
        "source_event_year": null,
        "event_year": null,
        "total_loss_area_ha": null,
        "dominant_loss_area_ha": null,
        "dominant_year_share": null,
        "sample_status": null,
        "pre_scene_id": null,
        "pre_date": null,
        "post_scene_id": null,
        "post_date": null,
        "pre_local_cloud": null,
        "post_local_cloud": null,
        "manual_validation": null,
        "manual_notes": null,
        "event_mask_metadata": null,
        "local_raster_paths": null
      },
      "geometry": {
        "type": "Point",
        "coordinates": [
          101.7749996022471,
          52.874999060321414
        ]
      }
    },
    {
      "type": "Feature",
      "properties": {
        "sample_id": "2a8b3b9c4e1d3b84b34d1066d5673743522ff8ba",
        "source_file": "training_2001_2025_v1_3.csv",
        "source_id": "8695",
        "lat": 53.04500006313954,
        "lon": 41.10500126561139,
        "driver": "Logging",
        "confidence": "High",
        "source_event_year": null,
        "event_year": null,
        "total_loss_area_ha": null,
        "dominant_loss_area_ha": null,
        "dominant_year_share": null,
        "sample_status": null,
        "pre_scene_id": null,
        "pre_date": null,
        "post_scene_id": null,
        "post_date": null,
        "pre_local_cloud": null,
        "post_local_cloud": null,
        "manual_validation": null,
        "manual_notes": null,
        "event_mask_metadata": null,
        "local_raster_paths": null
      },
      "geometry": {
        "type": "Point",
        "coordinates": [
          41.10500126561139,
          53.04500006313954
        ]
      }
    },
    {
      "type": "Feature",
      "properties": {
        "sample_id": "7044d84b04df4b6f1d7ea9cee0802c9179e2079c",
        "source_file": "training_2001_2025_v1_3.csv",
        "source_id": "8698",
        "lat": 53.06499912798608,
        "lon": 58.015000459639325,
        "driver": "Logging",
        "confidence": "Medium",
        "source_event_year": null,
        "event_year": null,
        "total_loss_area_ha": null,
        "dominant_loss_area_ha": null,
        "dominant_year_share": null,
        "sample_status": null,
        "pre_scene_id": null,
        "pre_date": null,
        "post_scene_id": null,
        "post_date": null,
        "pre_local_cloud": null,
        "post_local_cloud": null,
        "manual_validation": null,
        "manual_notes": null,
        "event_mask_metadata": null,
        "local_raster_paths": null
      },
      "geometry": {
        "type": "Point",
        "coordinates": [
          58.015000459639325,
          53.06499912798608
        ]
      }
    },
    {
      "type": "Feature",
      "properties": {
        "sample_id": "da414c29b3a3c4d56d4984a4deadb72137af6e2e",
        "source_file": "training_2001_2025_v1_3.csv",
        "source_id": "8702",
        "lat": 53.09499997297401,
        "lon": 92.23500034502462,
        "driver": "Logging",
        "confidence": "Medium",
        "source_event_year": null,
        "event_year": null,
        "total_loss_area_ha": null,
        "dominant_loss_area_ha": null,
        "dominant_year_share": null,
        "sample_status": null,
        "pre_scene_id": null,
        "pre_date": null,
        "post_scene_id": null,
        "post_date": null,
        "pre_local_cloud": null,
        "post_local_cloud": null,
        "manual_validation": null,
        "manual_notes": null,
        "event_mask_metadata": null,
        "local_raster_paths": null
      },
      "geometry": {
        "type": "Point",
        "coordinates": [
          92.23500034502462,
          53.09499997297401
        ]
      }
    },
    {
      "type": "Feature",
      "properties": {
        "sample_id": "2a1e19747661d63e322ae0145741bdea4109141c",
        "source_file": "training_2001_2025_v1_3.csv",
        "source_id": "8704",
        "lat": 53.0949999738061,
        "lon": 124.26499968557202,
        "driver": "Logging",
        "confidence": "Medium",
        "source_event_year": null,
        "event_year": null,
        "total_loss_area_ha": null,
        "dominant_loss_area_ha": null,
        "dominant_year_share": null,
        "sample_status": null,
        "pre_scene_id": null,
        "pre_date": null,
        "post_scene_id": null,
        "post_date": null,
        "pre_local_cloud": null,
        "post_local_cloud": null,
        "manual_validation": null,
        "manual_notes": null,
        "event_mask_metadata": null,
        "local_raster_paths": null
      },
      "geometry": {
        "type": "Point",
        "coordinates": [
          124.26499968557202,
          53.0949999738061
        ]
      }
    },
    {
      "type": "Feature",
      "properties": {
        "sample_id": "3044614ed626dedec86b34893e794cf2edae526b",
        "source_file": "training_2001_2025_v1_3.csv",
        "source_id": "8709",
        "lat": 53.16499893747,
        "lon": 45.325000807112346,
        "driver": "Logging",
        "confidence": "High",
        "source_event_year": null,
        "event_year": null,
        "total_loss_area_ha": null,
        "dominant_loss_area_ha": null,
        "dominant_year_share": null,
        "sample_status": null,
        "pre_scene_id": null,
        "pre_date": null,
        "post_scene_id": null,
        "post_date": null,
        "pre_local_cloud": null,
        "post_local_cloud": null,
        "manual_validation": null,
        "manual_notes": null,
        "event_mask_metadata": null,
        "local_raster_paths": null
      },
      "geometry": {
        "type": "Point",
        "coordinates": [
          45.325000807112346,
          53.16499893747
        ]
      }
    },
    {
      "type": "Feature",
      "properties": {
        "sample_id": "6810b602a7f97c12c924b1033b8f09f0d4dcce58",
        "source_file": "training_2001_2025_v1_3.csv",
        "source_id": "8717",
        "lat": 53.244999655172,
        "lon": 55.19500034710087,
        "driver": "Logging",
        "confidence": "High",
        "source_event_year": null,
        "event_year": null,
        "total_loss_area_ha": null,
        "dominant_loss_area_ha": null,
        "dominant_year_share": null,
        "sample_status": null,
        "pre_scene_id": null,
        "pre_date": null,
        "post_scene_id": null,
        "post_date": null,
        "pre_local_cloud": null,
        "post_local_cloud": null,
        "manual_validation": null,
        "manual_notes": null,
        "event_mask_metadata": null,
        "local_raster_paths": null
      },
      "geometry": {
        "type": "Point",
        "coordinates": [
          55.19500034710087,
          53.244999655172
        ]
      }
    },
    {
      "type": "Feature",
      "properties": {
        "sample_id": "42e58bdbcb54d6c080a58a99d3e14db491160084",
        "source_file": "training_2001_2025_v1_3.csv",
        "source_id": "8720",
        "lat": 53.28500002427841,
        "lon": 46.70499902221967,
        "driver": "Logging",
        "confidence": "High",
        "source_event_year": null,
        "event_year": null,
        "total_loss_area_ha": null,
        "dominant_loss_area_ha": null,
        "dominant_year_share": null,
        "sample_status": null,
        "pre_scene_id": null,
        "pre_date": null,
        "post_scene_id": null,
        "post_date": null,
        "pre_local_cloud": null,
        "post_local_cloud": null,
        "manual_validation": null,
        "manual_notes": null,
        "event_mask_metadata": null,
        "local_raster_paths": null
      },
      "geometry": {
        "type": "Point",
        "coordinates": [
          46.70499902221967,
          53.28500002427841
        ]
      }
    },
    {
      "type": "Feature",
      "properties": {
        "sample_id": "ef72b6ce1c302d9c1bb026e2a3a65bbf146cbae6",
        "source_file": "training_2001_2025_v1_3.csv",
        "source_id": "8729",
        "lat": 53.39499937094129,
        "lon": 84.48500023478256,
        "driver": "Logging",
        "confidence": "Medium",
        "source_event_year": null,
        "event_year": null,
        "total_loss_area_ha": null,
        "dominant_loss_area_ha": null,
        "dominant_year_share": null,
        "sample_status": null,
        "pre_scene_id": null,
        "pre_date": null,
        "post_scene_id": null,
        "post_date": null,
        "pre_local_cloud": null,
        "post_local_cloud": null,
        "manual_validation": null,
        "manual_notes": null,
        "event_mask_metadata": null,
        "local_raster_paths": null
      },
      "geometry": {
        "type": "Point",
        "coordinates": [
          84.48500023478256,
          53.39499937094129
        ]
      }
    },
    {
      "type": "Feature",
      "properties": {
        "sample_id": "395f854d7382942b14e7cd1f2b589183e429d624",
        "source_file": "training_2001_2025_v1_3.csv",
        "source_id": "8730",
        "lat": 53.40500112283856,
        "lon": 47.805001264185705,
        "driver": "Logging",
        "confidence": "Low",
        "source_event_year": null,
        "event_year": null,
        "total_loss_area_ha": null,
        "dominant_loss_area_ha": null,
        "dominant_year_share": null,
        "sample_status": null,
        "pre_scene_id": null,
        "pre_date": null,
        "post_scene_id": null,
        "post_date": null,
        "pre_local_cloud": null,
        "post_local_cloud": null,
        "manual_validation": null,
        "manual_notes": null,
        "event_mask_metadata": null,
        "local_raster_paths": null
      },
      "geometry": {
        "type": "Point",
        "coordinates": [
          47.805001264185705,
          53.40500112283856
        ]
      }
    },
    {
      "type": "Feature",
      "properties": {
        "sample_id": "e443ac3e33699cc84624cef6499e022e72d703a9",
        "source_file": "training_2001_2025_v1_3.csv",
        "source_id": "8733",
        "lat": 53.44499924365583,
        "lon": 57.55499964324649,
        "driver": "Logging",
        "confidence": "Medium",
        "source_event_year": null,
        "event_year": null,
        "total_loss_area_ha": null,
        "dominant_loss_area_ha": null,
        "dominant_year_share": null,
        "sample_status": null,
        "pre_scene_id": null,
        "pre_date": null,
        "post_scene_id": null,
        "post_date": null,
        "pre_local_cloud": null,
        "post_local_cloud": null,
        "manual_validation": null,
        "manual_notes": null,
        "event_mask_metadata": null,
        "local_raster_paths": null
      },
      "geometry": {
        "type": "Point",
        "coordinates": [
          57.55499964324649,
          53.44499924365583
        ]
      }
    },
    {
      "type": "Feature",
      "properties": {
        "sample_id": "e3642db5fd8b61b66e63a8729e4e59572d623a99",
        "source_file": "training_2001_2025_v1_3.csv",
        "source_id": "8735",
        "lat": 53.49499919432933,
        "lon": 45.77499998964413,
        "driver": "Logging",
        "confidence": "High",
        "source_event_year": null,
        "event_year": null,
        "total_loss_area_ha": null,
        "dominant_loss_area_ha": null,
        "dominant_year_share": null,
        "sample_status": null,
        "pre_scene_id": null,
        "pre_date": null,
        "post_scene_id": null,
        "post_date": null,
        "pre_local_cloud": null,
        "post_local_cloud": null,
        "manual_validation": null,
        "manual_notes": null,
        "event_mask_metadata": null,
        "local_raster_paths": null
      },
      "geometry": {
        "type": "Point",
        "coordinates": [
          45.77499998964413,
          53.49499919432933
        ]
      }
    },
    {
      "type": "Feature",
      "properties": {
        "sample_id": "5f864e4ddba20a8fb2ca21452ed1b73cd5092185",
        "source_file": "training_2001_2025_v1_3.csv",
        "source_id": "8736",
        "lat": 53.49499919233148,
        "lon": 87.74499994417364,
        "driver": "Logging",
        "confidence": "Medium",
        "source_event_year": null,
        "event_year": null,
        "total_loss_area_ha": null,
        "dominant_loss_area_ha": null,
        "dominant_year_share": null,
        "sample_status": null,
        "pre_scene_id": null,
        "pre_date": null,
        "post_scene_id": null,
        "post_date": null,
        "pre_local_cloud": null,
        "post_local_cloud": null,
        "manual_validation": null,
        "manual_notes": null,
        "event_mask_metadata": null,
        "local_raster_paths": null
      },
      "geometry": {
        "type": "Point",
        "coordinates": [
          87.74499994417364,
          53.49499919233148
        ]
      }
    },
    {
      "type": "Feature",
      "properties": {
        "sample_id": "1e6e2e623191b022afe5cf97a27df68b43d6cb50",
        "source_file": "training_2001_2025_v1_3.csv",
        "source_id": "8739",
        "lat": 53.544999062084834,
        "lon": 54.97499940260636,
        "driver": "Logging",
        "confidence": "Medium",
        "source_event_year": null,
        "event_year": null,
        "total_loss_area_ha": null,
        "dominant_loss_area_ha": null,
        "dominant_year_share": null,
        "sample_status": null,
        "pre_scene_id": null,
        "pre_date": null,
        "post_scene_id": null,
        "post_date": null,
        "pre_local_cloud": null,
        "post_local_cloud": null,
        "manual_validation": null,
        "manual_notes": null,
        "event_mask_metadata": null,
        "local_raster_paths": null
      },
      "geometry": {
        "type": "Point",
        "coordinates": [
          54.97499940260636,
          53.544999062084834
        ]
      }
    },
    {
      "type": "Feature",
      "properties": {
        "sample_id": "b82f6d0427e69b2dee9d154e0e8b30fc8296ec56",
        "source_file": "training_2001_2025_v1_3.csv",
        "source_id": "8741",
        "lat": 53.57499991463537,
        "lon": 90.10500150367676,
        "driver": "Logging",
        "confidence": "Medium",
        "source_event_year": null,
        "event_year": null,
        "total_loss_area_ha": null,
        "dominant_loss_area_ha": null,
        "dominant_year_share": null,
        "sample_status": null,
        "pre_scene_id": null,
        "pre_date": null,
        "post_scene_id": null,
        "post_date": null,
        "pre_local_cloud": null,
        "post_local_cloud": null,
        "manual_validation": null,
        "manual_notes": null,
        "event_mask_metadata": null,
        "local_raster_paths": null
      },
      "geometry": {
        "type": "Point",
        "coordinates": [
          90.10500150367676,
          53.57499991463537
        ]
      }
    },
    {
      "type": "Feature",
      "properties": {
        "sample_id": "6c16623639f31c744d0884e19017f53ed7ee0274",
        "source_file": "training_2001_2025_v1_3.csv",
        "source_id": "8743",
        "lat": 53.584999448260874,
        "lon": 83.21499917184546,
        "driver": "Logging",
        "confidence": "High",
        "source_event_year": null,
        "event_year": null,
        "total_loss_area_ha": null,
        "dominant_loss_area_ha": null,
        "dominant_year_share": null,
        "sample_status": null,
        "pre_scene_id": null,
        "pre_date": null,
        "post_scene_id": null,
        "post_date": null,
        "pre_local_cloud": null,
        "post_local_cloud": null,
        "manual_validation": null,
        "manual_notes": null,
        "event_mask_metadata": null,
        "local_raster_paths": null
      },
      "geometry": {
        "type": "Point",
        "coordinates": [
          83.21499917184546,
          53.584999448260874
        ]
      }
    },
    {
      "type": "Feature",
      "properties": {
        "sample_id": "3e8a119cee5c3306f7071040387392e44284ef2b",
        "source_file": "training_2001_2025_v1_3.csv",
        "source_id": "8746",
        "lat": 53.634999324441594,
        "lon": 49.68499840916917,
        "driver": "Logging",
        "confidence": "Medium",
        "source_event_year": null,
        "event_year": null,
        "total_loss_area_ha": null,
        "dominant_loss_area_ha": null,
        "dominant_year_share": null,
        "sample_status": null,
        "pre_scene_id": null,
        "pre_date": null,
        "post_scene_id": null,
        "post_date": null,
        "pre_local_cloud": null,
        "post_local_cloud": null,
        "manual_validation": null,
        "manual_notes": null,
        "event_mask_metadata": null,
        "local_raster_paths": null
      },
      "geometry": {
        "type": "Point",
        "coordinates": [
          49.68499840916917,
          53.634999324441594
        ]
      }
    },
    {
      "type": "Feature",
      "properties": {
        "sample_id": "8449e61518e716f16db9b4fed88605116e26a01f",
        "source_file": "training_2001_2025_v1_3.csv",
        "source_id": "8750",
        "lat": 53.68499923851357,
        "lon": 82.74500100710607,
        "driver": "Logging",
        "confidence": "High",
        "source_event_year": null,
        "event_year": null,
        "total_loss_area_ha": null,
        "dominant_loss_area_ha": null,
        "dominant_year_share": null,
        "sample_status": null,
        "pre_scene_id": null,
        "pre_date": null,
        "post_scene_id": null,
        "post_date": null,
        "pre_local_cloud": null,
        "post_local_cloud": null,
        "manual_validation": null,
        "manual_notes": null,
        "event_mask_metadata": null,
        "local_raster_paths": null
      },
      "geometry": {
        "type": "Point",
        "coordinates": [
          82.74500100710607,
          53.68499923851357
        ]
      }
    },
    {
      "type": "Feature",
      "properties": {
        "sample_id": "cd790a3c3f557c52d0c9b077d13d8c75c4d9ba5a",
        "source_file": "training_2001_2025_v1_3.csv",
        "source_id": "8751",
        "lat": 53.6949987913517,
        "lon": 47.26499964879094,
        "driver": "Logging",
        "confidence": "High",
        "source_event_year": null,
        "event_year": null,
        "total_loss_area_ha": null,
        "dominant_loss_area_ha": null,
        "dominant_year_share": null,
        "sample_status": null,
        "pre_scene_id": null,
        "pre_date": null,
        "post_scene_id": null,
        "post_date": null,
        "pre_local_cloud": null,
        "post_local_cloud": null,
        "manual_validation": null,
        "manual_notes": null,
        "event_mask_metadata": null,
        "local_raster_paths": null
      },
      "geometry": {
        "type": "Point",
        "coordinates": [
          47.26499964879094,
          53.6949987913517
        ]
      }
    },
    {
      "type": "Feature",
      "properties": {
        "sample_id": "8527ed97c661aca6b1a6c8e05c0699f71041069c",
        "source_file": "training_2001_2025_v1_3.csv",
        "source_id": "8752",
        "lat": 53.69499875647801,
        "lon": 91.63499929090356,
        "driver": "Logging",
        "confidence": "Medium",
        "source_event_year": null,
        "event_year": null,
        "total_loss_area_ha": null,
        "dominant_loss_area_ha": null,
        "dominant_year_share": null,
        "sample_status": null,
        "pre_scene_id": null,
        "pre_date": null,
        "post_scene_id": null,
        "post_date": null,
        "pre_local_cloud": null,
        "post_local_cloud": null,
        "manual_validation": null,
        "manual_notes": null,
        "event_mask_metadata": null,
        "local_raster_paths": null
      },
      "geometry": {
        "type": "Point",
        "coordinates": [
          91.63499929090356,
          53.69499875647801
        ]
      }
    },
    {
      "type": "Feature",
      "properties": {
        "sample_id": "9967b5a92fc3e030ce17bb8e4f75aadfc6cde9f5",
        "source_file": "training_2001_2025_v1_3.csv",
        "source_id": "8753",
        "lat": 53.69499877424485,
        "lon": 91.95499999522268,
        "driver": "Logging",
        "confidence": "High",
        "source_event_year": null,
        "event_year": null,
        "total_loss_area_ha": null,
        "dominant_loss_area_ha": null,
        "dominant_year_share": null,
        "sample_status": null,
        "pre_scene_id": null,
        "pre_date": null,
        "post_scene_id": null,
        "post_date": null,
        "pre_local_cloud": null,
        "post_local_cloud": null,
        "manual_validation": null,
        "manual_notes": null,
        "event_mask_metadata": null,
        "local_raster_paths": null
      },
      "geometry": {
        "type": "Point",
        "coordinates": [
          91.95499999522268,
          53.69499877424485
        ]
      }
    },
    {
      "type": "Feature",
      "properties": {
        "sample_id": "1f1ec4d3a850986d64aec812086a105bd826a07c",
        "source_file": "training_2001_2025_v1_3.csv",
        "source_id": "8755",
        "lat": 53.71500003871399,
        "lon": 42.484999379852376,
        "driver": "Logging",
        "confidence": "Low",
        "source_event_year": null,
        "event_year": null,
        "total_loss_area_ha": null,
        "dominant_loss_area_ha": null,
        "dominant_year_share": null,
        "sample_status": null,
        "pre_scene_id": null,
        "pre_date": null,
        "post_scene_id": null,
        "post_date": null,
        "pre_local_cloud": null,
        "post_local_cloud": null,
        "manual_validation": null,
        "manual_notes": null,
        "event_mask_metadata": null,
        "local_raster_paths": null
      },
      "geometry": {
        "type": "Point",
        "coordinates": [
          42.484999379852376,
          53.71500003871399
        ]
      }
    },
    {
      "type": "Feature",
      "properties": {
        "sample_id": "9433b4dc427a6c7eb1073fbcc43d514cdd55f525",
        "source_file": "training_2001_2025_v1_3.csv",
        "source_id": "8760",
        "lat": 53.76499997817386,
        "lon": 35.195000111638585,
        "driver": "Logging",
        "confidence": "High",
        "source_event_year": null,
        "event_year": null,
        "total_loss_area_ha": null,
        "dominant_loss_area_ha": null,
        "dominant_year_share": null,
        "sample_status": null,
        "pre_scene_id": null,
        "pre_date": null,
        "post_scene_id": null,
        "post_date": null,
        "pre_local_cloud": null,
        "post_local_cloud": null,
        "manual_validation": null,
        "manual_notes": null,
        "event_mask_metadata": null,
        "local_raster_paths": null
      },
      "geometry": {
        "type": "Point",
        "coordinates": [
          35.195000111638585,
          53.76499997817386
        ]
      }
    },
    {
      "type": "Feature",
      "properties": {
        "sample_id": "ef3f7612eecda370dbab9b27d804fd20dee804dc",
        "source_file": "training_2001_2025_v1_3.csv",
        "source_id": "8762",
        "lat": 53.81499988489629,
        "lon": 57.23500112471003,
        "driver": "Logging",
        "confidence": "High",
        "source_event_year": null,
        "event_year": null,
        "total_loss_area_ha": null,
        "dominant_loss_area_ha": null,
        "dominant_year_share": null,
        "sample_status": null,
        "pre_scene_id": null,
        "pre_date": null,
        "post_scene_id": null,
        "post_date": null,
        "pre_local_cloud": null,
        "post_local_cloud": null,
        "manual_validation": null,
        "manual_notes": null,
        "event_mask_metadata": null,
        "local_raster_paths": null
      },
      "geometry": {
        "type": "Point",
        "coordinates": [
          57.23500112471003,
          53.81499988489629
        ]
      }
    },
    {
      "type": "Feature",
      "properties": {
        "sample_id": "e99376bef1b0abe57d17c67f25ec4515479753fd",
        "source_file": "training_2001_2025_v1_3.csv",
        "source_id": "8764",
        "lat": 53.82499938433365,
        "lon": 64.25499963648471,
        "driver": "Logging",
        "confidence": "High",
        "source_event_year": null,
        "event_year": null,
        "total_loss_area_ha": null,
        "dominant_loss_area_ha": null,
        "dominant_year_share": null,
        "sample_status": null,
        "pre_scene_id": null,
        "pre_date": null,
        "post_scene_id": null,
        "post_date": null,
        "pre_local_cloud": null,
        "post_local_cloud": null,
        "manual_validation": null,
        "manual_notes": null,
        "event_mask_metadata": null,
        "local_raster_paths": null
      },
      "geometry": {
        "type": "Point",
        "coordinates": [
          64.25499963648471,
          53.82499938433365
        ]
      }
    },
    {
      "type": "Feature",
      "properties": {
        "sample_id": "1881dc4cf7edd76020f3c13607408c825ca8e4e2",
        "source_file": "training_2001_2025_v1_3.csv",
        "source_id": "8767",
        "lat": 53.8850010744063,
        "lon": 42.05499935976712,
        "driver": "Logging",
        "confidence": "Medium",
        "source_event_year": null,
        "event_year": null,
        "total_loss_area_ha": null,
        "dominant_loss_area_ha": null,
        "dominant_year_share": null,
        "sample_status": null,
        "pre_scene_id": null,
        "pre_date": null,
        "post_scene_id": null,
        "post_date": null,
        "pre_local_cloud": null,
        "post_local_cloud": null,
        "manual_validation": null,
        "manual_notes": null,
        "event_mask_metadata": null,
        "local_raster_paths": null
      },
      "geometry": {
        "type": "Point",
        "coordinates": [
          42.05499935976712,
          53.8850010744063
        ]
      }
    },
    {
      "type": "Feature",
      "properties": {
        "sample_id": "bb9cf671e5a3200579d22df9fc82bffc949ac90e",
        "source_file": "training_2001_2025_v1_3.csv",
        "source_id": "8768",
        "lat": 53.88500103681119,
        "lon": 58.32500167875707,
        "driver": "Logging",
        "confidence": "High",
        "source_event_year": null,
        "event_year": null,
        "total_loss_area_ha": null,
        "dominant_loss_area_ha": null,
        "dominant_year_share": null,
        "sample_status": null,
        "pre_scene_id": null,
        "pre_date": null,
        "post_scene_id": null,
        "post_date": null,
        "pre_local_cloud": null,
        "post_local_cloud": null,
        "manual_validation": null,
        "manual_notes": null,
        "event_mask_metadata": null,
        "local_raster_paths": null
      },
      "geometry": {
        "type": "Point",
        "coordinates": [
          58.32500167875707,
          53.88500103681119
        ]
      }
    },
    {
      "type": "Feature",
      "properties": {
        "sample_id": "8574135707604b48a4477792acd980234d6bbe83",
        "source_file": "training_2001_2025_v1_3.csv",
        "source_id": "8771",
        "lat": 53.89500060852682,
        "lon": 103.66499845537024,
        "driver": "Logging",
        "confidence": "High",
        "source_event_year": null,
        "event_year": null,
        "total_loss_area_ha": null,
        "dominant_loss_area_ha": null,
        "dominant_year_share": null,
        "sample_status": null,
        "pre_scene_id": null,
        "pre_date": null,
        "post_scene_id": null,
        "post_date": null,
        "pre_local_cloud": null,
        "post_local_cloud": null,
        "manual_validation": null,
        "manual_notes": null,
        "event_mask_metadata": null,
        "local_raster_paths": null
      },
      "geometry": {
        "type": "Point",
        "coordinates": [
          103.66499845537024,
          53.89500060852682
        ]
      }
    },
    {
      "type": "Feature",
      "properties": {
        "sample_id": "32fe322028f661f8ddafc694733f7095b147500b",
        "source_file": "training_2001_2025_v1_3.csv",
        "source_id": "8774",
        "lat": 53.905000135391525,
        "lon": 48.75499938440637,
        "driver": "Logging",
        "confidence": "Low",
        "source_event_year": null,
        "event_year": null,
        "total_loss_area_ha": null,
        "dominant_loss_area_ha": null,
        "dominant_year_share": null,
        "sample_status": null,
        "pre_scene_id": null,
        "pre_date": null,
        "post_scene_id": null,
        "post_date": null,
        "pre_local_cloud": null,
        "post_local_cloud": null,
        "manual_validation": null,
        "manual_notes": null,
        "event_mask_metadata": null,
        "local_raster_paths": null
      },
      "geometry": {
        "type": "Point",
        "coordinates": [
          48.75499938440637,
          53.905000135391525
        ]
      }
    },
    {
      "type": "Feature",
      "properties": {
        "sample_id": "268862007bf8f6b224fa0c61f90103148b4789a6",
        "source_file": "training_2001_2025_v1_3.csv",
        "source_id": "8775",
        "lat": 53.90500011595981,
        "lon": 100.00499953555492,
        "driver": "Logging",
        "confidence": "Medium",
        "source_event_year": null,
        "event_year": null,
        "total_loss_area_ha": null,
        "dominant_loss_area_ha": null,
        "dominant_year_share": null,
        "sample_status": null,
        "pre_scene_id": null,
        "pre_date": null,
        "post_scene_id": null,
        "post_date": null,
        "pre_local_cloud": null,
        "post_local_cloud": null,
        "manual_validation": null,
        "manual_notes": null,
        "event_mask_metadata": null,
        "local_raster_paths": null
      },
      "geometry": {
        "type": "Point",
        "coordinates": [
          100.00499953555492,
          53.90500011595981
        ]
      }
    },
    {
      "type": "Feature",
      "properties": {
        "sample_id": "05e699844f9df7bd4b3caaf415736d678ed248ef",
        "source_file": "training_2001_2025_v1_3.csv",
        "source_id": "8779",
        "lat": 53.92499918956981,
        "lon": 57.75499919559281,
        "driver": "Logging",
        "confidence": "High",
        "source_event_year": null,
        "event_year": null,
        "total_loss_area_ha": null,
        "dominant_loss_area_ha": null,
        "dominant_year_share": null,
        "sample_status": null,
        "pre_scene_id": null,
        "pre_date": null,
        "post_scene_id": null,
        "post_date": null,
        "pre_local_cloud": null,
        "post_local_cloud": null,
        "manual_validation": null,
        "manual_notes": null,
        "event_mask_metadata": null,
        "local_raster_paths": null
      },
      "geometry": {
        "type": "Point",
        "coordinates": [
          57.75499919559281,
          53.92499918956981
        ]
      }
    },
    {
      "type": "Feature",
      "properties": {
        "sample_id": "ede2a7156cc2226f7ff059b299ee4103f0c965f8",
        "source_file": "training_2001_2025_v1_3.csv",
        "source_id": "8781",
        "lat": 53.93499870653514,
        "lon": 46.40499955679352,
        "driver": "Logging",
        "confidence": "High",
        "source_event_year": null,
        "event_year": null,
        "total_loss_area_ha": null,
        "dominant_loss_area_ha": null,
        "dominant_year_share": null,
        "sample_status": null,
        "pre_scene_id": null,
        "pre_date": null,
        "post_scene_id": null,
        "post_date": null,
        "pre_local_cloud": null,
        "post_local_cloud": null,
        "manual_validation": null,
        "manual_notes": null,
        "event_mask_metadata": null,
        "local_raster_paths": null
      },
      "geometry": {
        "type": "Point",
        "coordinates": [
          46.40499955679352,
          53.93499870653514
        ]
      }
    },
    {
      "type": "Feature",
      "properties": {
        "sample_id": "c3468d10f6ec2ceacd411e9b6010af7dba9ba8ac",
        "source_file": "training_2001_2025_v1_3.csv",
        "source_id": "8783",
        "lat": 53.945000491016856,
        "lon": 92.15499962298004,
        "driver": "Logging",
        "confidence": "High",
        "source_event_year": null,
        "event_year": null,
        "total_loss_area_ha": null,
        "dominant_loss_area_ha": null,
        "dominant_year_share": null,
        "sample_status": null,
        "pre_scene_id": null,
        "pre_date": null,
        "post_scene_id": null,
        "post_date": null,
        "pre_local_cloud": null,
        "post_local_cloud": null,
        "manual_validation": null,
        "manual_notes": null,
        "event_mask_metadata": null,
        "local_raster_paths": null
      },
      "geometry": {
        "type": "Point",
        "coordinates": [
          92.15499962298004,
          53.945000491016856
        ]
      }
    },
    {
      "type": "Feature",
      "properties": {
        "sample_id": "e57710bc350cccafcad5aa7ac8db0f6da22485fb",
        "source_file": "training_2001_2025_v1_3.csv",
        "source_id": "8790",
        "lat": 54.14500007053878,
        "lon": 36.42500082254125,
        "driver": "Logging",
        "confidence": "Medium",
        "source_event_year": null,
        "event_year": null,
        "total_loss_area_ha": null,
        "dominant_loss_area_ha": null,
        "dominant_year_share": null,
        "sample_status": null,
        "pre_scene_id": null,
        "pre_date": null,
        "post_scene_id": null,
        "post_date": null,
        "pre_local_cloud": null,
        "post_local_cloud": null,
        "manual_validation": null,
        "manual_notes": null,
        "event_mask_metadata": null,
        "local_raster_paths": null
      },
      "geometry": {
        "type": "Point",
        "coordinates": [
          36.42500082254125,
          54.14500007053878
        ]
      }
    },
    {
      "type": "Feature",
      "properties": {
        "sample_id": "ff6ae3f4b98ed0c6b0f5dc43bc32614c32043fc1",
        "source_file": "training_2001_2025_v1_3.csv",
        "source_id": "8792",
        "lat": 54.154999648826006,
        "lon": 90.71499980600088,
        "driver": "Logging",
        "confidence": "Medium",
        "source_event_year": null,
        "event_year": null,
        "total_loss_area_ha": null,
        "dominant_loss_area_ha": null,
        "dominant_year_share": null,
        "sample_status": null,
        "pre_scene_id": null,
        "pre_date": null,
        "post_scene_id": null,
        "post_date": null,
        "pre_local_cloud": null,
        "post_local_cloud": null,
        "manual_validation": null,
        "manual_notes": null,
        "event_mask_metadata": null,
        "local_raster_paths": null
      },
      "geometry": {
        "type": "Point",
        "coordinates": [
          90.71499980600088,
          54.154999648826006
        ]
      }
    },
    {
      "type": "Feature",
      "properties": {
        "sample_id": "df059d07c25c1a83c7f3274f9910897cd7edc505",
        "source_file": "training_2001_2025_v1_3.csv",
        "source_id": "8796",
        "lat": 54.20499952092832,
        "lon": 54.23499820343479,
        "driver": "Logging",
        "confidence": "High",
        "source_event_year": null,
        "event_year": null,
        "total_loss_area_ha": null,
        "dominant_loss_area_ha": null,
        "dominant_year_share": null,
        "sample_status": null,
        "pre_scene_id": null,
        "pre_date": null,
        "post_scene_id": null,
        "post_date": null,
        "pre_local_cloud": null,
        "post_local_cloud": null,
        "manual_validation": null,
        "manual_notes": null,
        "event_mask_metadata": null,
        "local_raster_paths": null
      },
      "geometry": {
        "type": "Point",
        "coordinates": [
          54.23499820343479,
          54.20499952092832
        ]
      }
    },
    {
      "type": "Feature",
      "properties": {
        "sample_id": "5b1570aa253ed32c312d66e79f389e40952f1d48",
        "source_file": "training_2001_2025_v1_3.csv",
        "source_id": "8799",
        "lat": 54.21499906554832,
        "lon": 110.17500061636308,
        "driver": "Logging",
        "confidence": "Medium",
        "source_event_year": null,
        "event_year": null,
        "total_loss_area_ha": null,
        "dominant_loss_area_ha": null,
        "dominant_year_share": null,
        "sample_status": null,
        "pre_scene_id": null,
        "pre_date": null,
        "post_scene_id": null,
        "post_date": null,
        "pre_local_cloud": null,
        "post_local_cloud": null,
        "manual_validation": null,
        "manual_notes": null,
        "event_mask_metadata": null,
        "local_raster_paths": null
      },
      "geometry": {
        "type": "Point",
        "coordinates": [
          110.17500061636308,
          54.21499906554832
        ]
      }
    },
    {
      "type": "Feature",
      "properties": {
        "sample_id": "9361ffa3fa687ab0377ecc459540abf5ad6533d3",
        "source_file": "training_2001_2025_v1_3.csv",
        "source_id": "8801",
        "lat": 54.26500120075825,
        "lon": 38.45499991337804,
        "driver": "Logging",
        "confidence": "High",
        "source_event_year": null,
        "event_year": null,
        "total_loss_area_ha": null,
        "dominant_loss_area_ha": null,
        "dominant_year_share": null,
        "sample_status": null,
        "pre_scene_id": null,
        "pre_date": null,
        "post_scene_id": null,
        "post_date": null,
        "pre_local_cloud": null,
        "post_local_cloud": null,
        "manual_validation": null,
        "manual_notes": null,
        "event_mask_metadata": null,
        "local_raster_paths": null
      },
      "geometry": {
        "type": "Point",
        "coordinates": [
          38.45499991337804,
          54.26500120075825
        ]
      }
    },
    {
      "type": "Feature",
      "properties": {
        "sample_id": "d643c29f14b693f0eec5ebf853595a322a91d4b0",
        "source_file": "training_2001_2025_v1_3.csv",
        "source_id": "8803",
        "lat": 54.2850002462661,
        "lon": 91.64500105970266,
        "driver": "Logging",
        "confidence": "High",
        "source_event_year": null,
        "event_year": null,
        "total_loss_area_ha": null,
        "dominant_loss_area_ha": null,
        "dominant_year_share": null,
        "sample_status": null,
        "pre_scene_id": null,
        "pre_date": null,
        "post_scene_id": null,
        "post_date": null,
        "pre_local_cloud": null,
        "post_local_cloud": null,
        "manual_validation": null,
        "manual_notes": null,
        "event_mask_metadata": null,
        "local_raster_paths": null
      },
      "geometry": {
        "type": "Point",
        "coordinates": [
          91.64500105970266,
          54.2850002462661
        ]
      }
    },
    {
      "type": "Feature",
      "properties": {
        "sample_id": "28e8b4f534692981b09c79c874a17dce7beee272",
        "source_file": "training_2001_2025_v1_3.csv",
        "source_id": "8810",
        "lat": 54.39499958623785,
        "lon": 110.32500029447912,
        "driver": "Logging",
        "confidence": "Medium",
        "source_event_year": null,
        "event_year": null,
        "total_loss_area_ha": null,
        "dominant_loss_area_ha": null,
        "dominant_year_share": null,
        "sample_status": null,
        "pre_scene_id": null,
        "pre_date": null,
        "post_scene_id": null,
        "post_date": null,
        "pre_local_cloud": null,
        "post_local_cloud": null,
        "manual_validation": null,
        "manual_notes": null,
        "event_mask_metadata": null,
        "local_raster_paths": null
      },
      "geometry": {
        "type": "Point",
        "coordinates": [
          110.32500029447912,
          54.39499958623785
        ]
      }
    },
    {
      "type": "Feature",
      "properties": {
        "sample_id": "97f1f0409173a86c3b521588238af6c6454d7e64",
        "source_file": "training_2001_2025_v1_3.csv",
        "source_id": "8811",
        "lat": 54.39499960867391,
        "lon": 110.33499985427792,
        "driver": "Logging",
        "confidence": "High",
        "source_event_year": null,
        "event_year": null,
        "total_loss_area_ha": null,
        "dominant_loss_area_ha": null,
        "dominant_year_share": null,
        "sample_status": null,
        "pre_scene_id": null,
        "pre_date": null,
        "post_scene_id": null,
        "post_date": null,
        "pre_local_cloud": null,
        "post_local_cloud": null,
        "manual_validation": null,
        "manual_notes": null,
        "event_mask_metadata": null,
        "local_raster_paths": null
      },
      "geometry": {
        "type": "Point",
        "coordinates": [
          110.33499985427792,
          54.39499960867391
        ]
      }
    },
    {
      "type": "Feature",
      "properties": {
        "sample_id": "06c6cd6c77f914d4078b9751dce2fc20daccdbce",
        "source_file": "training_2001_2025_v1_3.csv",
        "source_id": "8813",
        "lat": 54.404999105627425,
        "lon": 110.31499856097022,
        "driver": "Logging",
        "confidence": "Medium",
        "source_event_year": null,
        "event_year": null,
        "total_loss_area_ha": null,
        "dominant_loss_area_ha": null,
        "dominant_year_share": null,
        "sample_status": null,
        "pre_scene_id": null,
        "pre_date": null,
        "post_scene_id": null,
        "post_date": null,
        "pre_local_cloud": null,
        "post_local_cloud": null,
        "manual_validation": null,
        "manual_notes": null,
        "event_mask_metadata": null,
        "local_raster_paths": null
      },
      "geometry": {
        "type": "Point",
        "coordinates": [
          110.31499856097022,
          54.404999105627425
        ]
      }
    },
    {
      "type": "Feature",
      "properties": {
        "sample_id": "15d336068fb919c918c31ba8c3c926e6c622ce5f",
        "source_file": "training_2001_2025_v1_3.csv",
        "source_id": "8814",
        "lat": 54.425000415653095,
        "lon": 35.304999491451916,
        "driver": "Logging",
        "confidence": "High",
        "source_event_year": null,
        "event_year": null,
        "total_loss_area_ha": null,
        "dominant_loss_area_ha": null,
        "dominant_year_share": null,
        "sample_status": null,
        "pre_scene_id": null,
        "pre_date": null,
        "post_scene_id": null,
        "post_date": null,
        "pre_local_cloud": null,
        "post_local_cloud": null,
        "manual_validation": null,
        "manual_notes": null,
        "event_mask_metadata": null,
        "local_raster_paths": null
      },
      "geometry": {
        "type": "Point",
        "coordinates": [
          35.304999491451916,
          54.425000415653095
        ]
      }
    },
    {
      "type": "Feature",
      "properties": {
        "sample_id": "fe539ee1c173af056571974ba6e89ddb5a48b0ea",
        "source_file": "training_2001_2025_v1_3.csv",
        "source_id": "8817",
        "lat": 54.575000136508166,
        "lon": 39.15500069755808,
        "driver": "Logging",
        "confidence": "High",
        "source_event_year": null,
        "event_year": null,
        "total_loss_area_ha": null,
        "dominant_loss_area_ha": null,
        "dominant_year_share": null,
        "sample_status": null,
        "pre_scene_id": null,
        "pre_date": null,
        "post_scene_id": null,
        "post_date": null,
        "pre_local_cloud": null,
        "post_local_cloud": null,
        "manual_validation": null,
        "manual_notes": null,
        "event_mask_metadata": null,
        "local_raster_paths": null
      },
      "geometry": {
        "type": "Point",
        "coordinates": [
          39.15500069755808,
          54.575000136508166
        ]
      }
    },
    {
      "type": "Feature",
      "properties": {
        "sample_id": "b462db76016bbca25332bd55d35ea2b6f27fc00f",
        "source_file": "training_2001_2025_v1_3.csv",
        "source_id": "8818",
        "lat": 54.57500011823644,
        "lon": 52.77499933679146,
        "driver": "Logging",
        "confidence": "High",
        "source_event_year": null,
        "event_year": null,
        "total_loss_area_ha": null,
        "dominant_loss_area_ha": null,
        "dominant_year_share": null,
        "sample_status": null,
        "pre_scene_id": null,
        "pre_date": null,
        "post_scene_id": null,
        "post_date": null,
        "pre_local_cloud": null,
        "post_local_cloud": null,
        "manual_validation": null,
        "manual_notes": null,
        "event_mask_metadata": null,
        "local_raster_paths": null
      },
      "geometry": {
        "type": "Point",
        "coordinates": [
          52.77499933679146,
          54.57500011823644
        ]
      }
    },
    {
      "type": "Feature",
      "properties": {
        "sample_id": "2fd574184caf956ae06cf8047519ddc0a7430ace",
        "source_file": "training_2001_2025_v1_3.csv",
        "source_id": "8820",
        "lat": 54.60499872289627,
        "lon": 37.28500086706351,
        "driver": "Logging",
        "confidence": "High",
        "source_event_year": null,
        "event_year": null,
        "total_loss_area_ha": null,
        "dominant_loss_area_ha": null,
        "dominant_year_share": null,
        "sample_status": null,
        "pre_scene_id": null,
        "pre_date": null,
        "post_scene_id": null,
        "post_date": null,
        "pre_local_cloud": null,
        "post_local_cloud": null,
        "manual_validation": null,
        "manual_notes": null,
        "event_mask_metadata": null,
        "local_raster_paths": null
      },
      "geometry": {
        "type": "Point",
        "coordinates": [
          37.28500086706351,
          54.60499872289627
        ]
      }
    },
    {
      "type": "Feature",
      "properties": {
        "sample_id": "b401bd7e05937f20ad2a73f9fa9b53a9dc717fad",
        "source_file": "training_2001_2025_v1_3.csv",
        "source_id": "8822",
        "lat": 54.64499910387646,
        "lon": 83.35500159236221,
        "driver": "Logging",
        "confidence": "High",
        "source_event_year": null,
        "event_year": null,
        "total_loss_area_ha": null,
        "dominant_loss_area_ha": null,
        "dominant_year_share": null,
        "sample_status": null,
        "pre_scene_id": null,
        "pre_date": null,
        "post_scene_id": null,
        "post_date": null,
        "pre_local_cloud": null,
        "post_local_cloud": null,
        "manual_validation": null,
        "manual_notes": null,
        "event_mask_metadata": null,
        "local_raster_paths": null
      },
      "geometry": {
        "type": "Point",
        "coordinates": [
          83.35500159236221,
          54.64499910387646
        ]
      }
    },
    {
      "type": "Feature",
      "properties": {
        "sample_id": "ee83c5da4cc55c6ce9c5744da07764782cf4cd1f",
        "source_file": "training_2001_2025_v1_3.csv",
        "source_id": "8824",
        "lat": 54.72499981744224,
        "lon": 93.61500070459822,
        "driver": "Logging",
        "confidence": "High",
        "source_event_year": null,
        "event_year": null,
        "total_loss_area_ha": null,
        "dominant_loss_area_ha": null,
        "dominant_year_share": null,
        "sample_status": null,
        "pre_scene_id": null,
        "pre_date": null,
        "post_scene_id": null,
        "post_date": null,
        "pre_local_cloud": null,
        "post_local_cloud": null,
        "manual_validation": null,
        "manual_notes": null,
        "event_mask_metadata": null,
        "local_raster_paths": null
      },
      "geometry": {
        "type": "Point",
        "coordinates": [
          93.61500070459822,
          54.72499981744224
        ]
      }
    },
    {
      "type": "Feature",
      "properties": {
        "sample_id": "4d7dd931b45a301e618c22bcbcff41adfc6ba36c",
        "source_file": "training_2001_2025_v1_3.csv",
        "source_id": "8825",
        "lat": 54.734999354808465,
        "lon": 59.98500011549862,
        "driver": "Logging",
        "confidence": "Medium",
        "source_event_year": null,
        "event_year": null,
        "total_loss_area_ha": null,
        "dominant_loss_area_ha": null,
        "dominant_year_share": null,
        "sample_status": null,
        "pre_scene_id": null,
        "pre_date": null,
        "post_scene_id": null,
        "post_date": null,
        "pre_local_cloud": null,
        "post_local_cloud": null,
        "manual_validation": null,
        "manual_notes": null,
        "event_mask_metadata": null,
        "local_raster_paths": null
      },
      "geometry": {
        "type": "Point",
        "coordinates": [
          59.98500011549862,
          54.734999354808465
        ]
      }
    },
    {
      "type": "Feature",
      "properties": {
        "sample_id": "f5a4b628139e66ba784e2a7c9e57039af8255f16",
        "source_file": "training_2001_2025_v1_3.csv",
        "source_id": "8830",
        "lat": 54.795001022372055,
        "lon": 86.60499955014984,
        "driver": "Logging",
        "confidence": "Low",
        "source_event_year": null,
        "event_year": null,
        "total_loss_area_ha": null,
        "dominant_loss_area_ha": null,
        "dominant_year_share": null,
        "sample_status": null,
        "pre_scene_id": null,
        "pre_date": null,
        "post_scene_id": null,
        "post_date": null,
        "pre_local_cloud": null,
        "post_local_cloud": null,
        "manual_validation": null,
        "manual_notes": null,
        "event_mask_metadata": null,
        "local_raster_paths": null
      },
      "geometry": {
        "type": "Point",
        "coordinates": [
          86.60499955014984,
          54.795001022372055
        ]
      }
    },
    {
      "type": "Feature",
      "properties": {
        "sample_id": "ae62fb56d1fde8968e922376eb82a61c513e9bc0",
        "source_file": "training_2001_2025_v1_3.csv",
        "source_id": "8834",
        "lat": 54.914999881976506,
        "lon": 59.81500131136732,
        "driver": "Logging",
        "confidence": "Medium",
        "source_event_year": null,
        "event_year": null,
        "total_loss_area_ha": null,
        "dominant_loss_area_ha": null,
        "dominant_year_share": null,
        "sample_status": null,
        "pre_scene_id": null,
        "pre_date": null,
        "post_scene_id": null,
        "post_date": null,
        "pre_local_cloud": null,
        "post_local_cloud": null,
        "manual_validation": null,
        "manual_notes": null,
        "event_mask_metadata": null,
        "local_raster_paths": null
      },
      "geometry": {
        "type": "Point",
        "coordinates": [
          59.81500131136732,
          54.914999881976506
        ]
      }
    },
    {
      "type": "Feature",
      "properties": {
        "sample_id": "11147fc148b131b28abf7c3510e5ef0df1cae605",
        "source_file": "training_2001_2025_v1_3.csv",
        "source_id": "8838",
        "lat": 55.05500005097943,
        "lon": 82.61500039123572,
        "driver": "Logging",
        "confidence": "Medium",
        "source_event_year": null,
        "event_year": null,
        "total_loss_area_ha": null,
        "dominant_loss_area_ha": null,
        "dominant_year_share": null,
        "sample_status": null,
        "pre_scene_id": null,
        "pre_date": null,
        "post_scene_id": null,
        "post_date": null,
        "pre_local_cloud": null,
        "post_local_cloud": null,
        "manual_validation": null,
        "manual_notes": null,
        "event_mask_metadata": null,
        "local_raster_paths": null
      },
      "geometry": {
        "type": "Point",
        "coordinates": [
          82.61500039123572,
          55.05500005097943
        ]
      }
    },
    {
      "type": "Feature",
      "properties": {
        "sample_id": "ca28630a57a2d53b595cd9eced846e8023a70650",
        "source_file": "training_2001_2025_v1_3.csv",
        "source_id": "8842",
        "lat": 55.1349985661685,
        "lon": 41.865001503017,
        "driver": "Logging",
        "confidence": "High",
        "source_event_year": null,
        "event_year": null,
        "total_loss_area_ha": null,
        "dominant_loss_area_ha": null,
        "dominant_year_share": null,
        "sample_status": null,
        "pre_scene_id": null,
        "pre_date": null,
        "post_scene_id": null,
        "post_date": null,
        "pre_local_cloud": null,
        "post_local_cloud": null,
        "manual_validation": null,
        "manual_notes": null,
        "event_mask_metadata": null,
        "local_raster_paths": null
      },
      "geometry": {
        "type": "Point",
        "coordinates": [
          41.865001503017,
          55.1349985661685
        ]
      }
    },
    {
      "type": "Feature",
      "properties": {
        "sample_id": "4ef360deed1cbd0776ceeb396cbac35db072ef89",
        "source_file": "training_2001_2025_v1_3.csv",
        "source_id": "8847",
        "lat": 55.204999738239145,
        "lon": 158.96499950154666,
        "driver": "Logging",
        "confidence": "Low",
        "source_event_year": null,
        "event_year": null,
        "total_loss_area_ha": null,
        "dominant_loss_area_ha": null,
        "dominant_year_share": null,
        "sample_status": null,
        "pre_scene_id": null,
        "pre_date": null,
        "post_scene_id": null,
        "post_date": null,
        "pre_local_cloud": null,
        "post_local_cloud": null,
        "manual_validation": null,
        "manual_notes": null,
        "event_mask_metadata": null,
        "local_raster_paths": null
      },
      "geometry": {
        "type": "Point",
        "coordinates": [
          158.96499950154666,
          55.204999738239145
        ]
      }
    },
    {
      "type": "Feature",
      "properties": {
        "sample_id": "5e93e4ff5070026e4bc52476a3bf239c40cce50a",
        "source_file": "training_2001_2025_v1_3.csv",
        "source_id": "8848",
        "lat": 55.21499927376396,
        "lon": 158.97500123307515,
        "driver": "Logging",
        "confidence": "Medium",
        "source_event_year": null,
        "event_year": null,
        "total_loss_area_ha": null,
        "dominant_loss_area_ha": null,
        "dominant_year_share": null,
        "sample_status": null,
        "pre_scene_id": null,
        "pre_date": null,
        "post_scene_id": null,
        "post_date": null,
        "pre_local_cloud": null,
        "post_local_cloud": null,
        "manual_validation": null,
        "manual_notes": null,
        "event_mask_metadata": null,
        "local_raster_paths": null
      },
      "geometry": {
        "type": "Point",
        "coordinates": [
          158.97500123307515,
          55.21499927376396
        ]
      }
    },
    {
      "type": "Feature",
      "properties": {
        "sample_id": "69bf5d432554b721ceea3adb35c2a93e06282a23",
        "source_file": "training_2001_2025_v1_3.csv",
        "source_id": "8850",
        "lat": 55.24500012391057,
        "lon": 58.41499968972959,
        "driver": "Logging",
        "confidence": "High",
        "source_event_year": null,
        "event_year": null,
        "total_loss_area_ha": null,
        "dominant_loss_area_ha": null,
        "dominant_year_share": null,
        "sample_status": null,
        "pre_scene_id": null,
        "pre_date": null,
        "post_scene_id": null,
        "post_date": null,
        "pre_local_cloud": null,
        "post_local_cloud": null,
        "manual_validation": null,
        "manual_notes": null,
        "event_mask_metadata": null,
        "local_raster_paths": null
      },
      "geometry": {
        "type": "Point",
        "coordinates": [
          58.41499968972959,
          55.24500012391057
        ]
      }
    },
    {
      "type": "Feature",
      "properties": {
        "sample_id": "9f240bc5f2c884daf9b314066411c18ab1d82e5b",
        "source_file": "training_2001_2025_v1_3.csv",
        "source_id": "8851",
        "lat": 55.254999669030965,
        "lon": 36.844999080031606,
        "driver": "Logging",
        "confidence": "High",
        "source_event_year": null,
        "event_year": null,
        "total_loss_area_ha": null,
        "dominant_loss_area_ha": null,
        "dominant_year_share": null,
        "sample_status": null,
        "pre_scene_id": null,
        "pre_date": null,
        "post_scene_id": null,
        "post_date": null,
        "pre_local_cloud": null,
        "post_local_cloud": null,
        "manual_validation": null,
        "manual_notes": null,
        "event_mask_metadata": null,
        "local_raster_paths": null
      },
      "geometry": {
        "type": "Point",
        "coordinates": [
          36.844999080031606,
          55.254999669030965
        ]
      }
    },
    {
      "type": "Feature",
      "properties": {
        "sample_id": "8bea37981ea86d0fa7824a512557c90d4d3eb81b",
        "source_file": "training_2001_2025_v1_3.csv",
        "source_id": "8853",
        "lat": 55.33500037518008,
        "lon": 65.36499919615731,
        "driver": "Logging",
        "confidence": "High",
        "source_event_year": null,
        "event_year": null,
        "total_loss_area_ha": null,
        "dominant_loss_area_ha": null,
        "dominant_year_share": null,
        "sample_status": null,
        "pre_scene_id": null,
        "pre_date": null,
        "post_scene_id": null,
        "post_date": null,
        "pre_local_cloud": null,
        "post_local_cloud": null,
        "manual_validation": null,
        "manual_notes": null,
        "event_mask_metadata": null,
        "local_raster_paths": null
      },
      "geometry": {
        "type": "Point",
        "coordinates": [
          65.36499919615731,
          55.33500037518008
        ]
      }
    },
    {
      "type": "Feature",
      "properties": {
        "sample_id": "08c6d954183aaf321ac8c73072d3cbda0ef5a6c9",
        "source_file": "training_2001_2025_v1_3.csv",
        "source_id": "8856",
        "lat": 55.41499662690432,
        "lon": 41.064998666217605,
        "driver": "Logging",
        "confidence": "High",
        "source_event_year": null,
        "event_year": null,
        "total_loss_area_ha": null,
        "dominant_loss_area_ha": null,
        "dominant_year_share": null,
        "sample_status": null,
        "pre_scene_id": null,
        "pre_date": null,
        "post_scene_id": null,
        "post_date": null,
        "pre_local_cloud": null,
        "post_local_cloud": null,
        "manual_validation": null,
        "manual_notes": null,
        "event_mask_metadata": null,
        "local_raster_paths": null
      },
      "geometry": {
        "type": "Point",
        "coordinates": [
          41.064998666217605,
          55.41499662690432
        ]
      }
    },
    {
      "type": "Feature",
      "properties": {
        "sample_id": "319611fc5b1b7b63ef11dbad5031d759d015e351",
        "source_file": "training_2001_2025_v1_3.csv",
        "source_id": "8859",
        "lat": 55.485000068077085,
        "lon": 65.12500144014554,
        "driver": "Logging",
        "confidence": "High",
        "source_event_year": null,
        "event_year": null,
        "total_loss_area_ha": null,
        "dominant_loss_area_ha": null,
        "dominant_year_share": null,
        "sample_status": null,
        "pre_scene_id": null,
        "pre_date": null,
        "post_scene_id": null,
        "post_date": null,
        "pre_local_cloud": null,
        "post_local_cloud": null,
        "manual_validation": null,
        "manual_notes": null,
        "event_mask_metadata": null,
        "local_raster_paths": null
      },
      "geometry": {
        "type": "Point",
        "coordinates": [
          65.12500144014554,
          55.485000068077085
        ]
      }
    },
    {
      "type": "Feature",
      "properties": {
        "sample_id": "5362a40e10b06dc1cd9c0e31b14613d87de518e6",
        "source_file": "training_2001_2025_v1_3.csv",
        "source_id": "8862",
        "lat": 55.65500105831272,
        "lon": 36.36499913027863,
        "driver": "Logging",
        "confidence": "High",
        "source_event_year": null,
        "event_year": null,
        "total_loss_area_ha": null,
        "dominant_loss_area_ha": null,
        "dominant_year_share": null,
        "sample_status": null,
        "pre_scene_id": null,
        "pre_date": null,
        "post_scene_id": null,
        "post_date": null,
        "pre_local_cloud": null,
        "post_local_cloud": null,
        "manual_validation": null,
        "manual_notes": null,
        "event_mask_metadata": null,
        "local_raster_paths": null
      },
      "geometry": {
        "type": "Point",
        "coordinates": [
          36.36499913027863,
          55.65500105831272
        ]
      }
    },
    {
      "type": "Feature",
      "properties": {
        "sample_id": "7ed7eb480d7d72989e733f4a3e585394a4bd4c61",
        "source_file": "training_2001_2025_v1_3.csv",
        "source_id": "8866",
        "lat": 55.82499985692213,
        "lon": 49.265000166602874,
        "driver": "Logging",
        "confidence": "High",
        "source_event_year": null,
        "event_year": null,
        "total_loss_area_ha": null,
        "dominant_loss_area_ha": null,
        "dominant_year_share": null,
        "sample_status": null,
        "pre_scene_id": null,
        "pre_date": null,
        "post_scene_id": null,
        "post_date": null,
        "pre_local_cloud": null,
        "post_local_cloud": null,
        "manual_validation": null,
        "manual_notes": null,
        "event_mask_metadata": null,
        "local_raster_paths": null
      },
      "geometry": {
        "type": "Point",
        "coordinates": [
          49.265000166602874,
          55.82499985692213
        ]
      }
    },
    {
      "type": "Feature",
      "properties": {
        "sample_id": "c7c1aff8bb9c70eb42b0477bb1f5baacfc5a91e8",
        "source_file": "training_2001_2025_v1_3.csv",
        "source_id": "8870",
        "lat": 55.91500010791189,
        "lon": 48.65499952825175,
        "driver": "Logging",
        "confidence": "High",
        "source_event_year": null,
        "event_year": null,
        "total_loss_area_ha": null,
        "dominant_loss_area_ha": null,
        "dominant_year_share": null,
        "sample_status": null,
        "pre_scene_id": null,
        "pre_date": null,
        "post_scene_id": null,
        "post_date": null,
        "pre_local_cloud": null,
        "post_local_cloud": null,
        "manual_validation": null,
        "manual_notes": null,
        "event_mask_metadata": null,
        "local_raster_paths": null
      },
      "geometry": {
        "type": "Point",
        "coordinates": [
          48.65499952825175,
          55.91500010791189
        ]
      }
    },
    {
      "type": "Feature",
      "properties": {
        "sample_id": "740c5af3dbf00fbd0a9cf6b57d5bd68881bd599d",
        "source_file": "training_2001_2025_v1_3.csv",
        "source_id": "8872",
        "lat": 56.0050003781378,
        "lon": 88.63500086919079,
        "driver": "Logging",
        "confidence": "Medium",
        "source_event_year": null,
        "event_year": null,
        "total_loss_area_ha": null,
        "dominant_loss_area_ha": null,
        "dominant_year_share": null,
        "sample_status": null,
        "pre_scene_id": null,
        "pre_date": null,
        "post_scene_id": null,
        "post_date": null,
        "pre_local_cloud": null,
        "post_local_cloud": null,
        "manual_validation": null,
        "manual_notes": null,
        "event_mask_metadata": null,
        "local_raster_paths": null
      },
      "geometry": {
        "type": "Point",
        "coordinates": [
          88.63500086919079,
          56.0050003781378
        ]
      }
    },
    {
      "type": "Feature",
      "properties": {
        "sample_id": "3534b313890a877e1db1c815b41989da239451c4",
        "source_file": "training_2001_2025_v1_3.csv",
        "source_id": "8875",
        "lat": 56.01499992654599,
        "lon": 159.94499841018552,
        "driver": "Logging",
        "confidence": "High",
        "source_event_year": null,
        "event_year": null,
        "total_loss_area_ha": null,
        "dominant_loss_area_ha": null,
        "dominant_year_share": null,
        "sample_status": null,
        "pre_scene_id": null,
        "pre_date": null,
        "post_scene_id": null,
        "post_date": null,
        "pre_local_cloud": null,
        "post_local_cloud": null,
        "manual_validation": null,
        "manual_notes": null,
        "event_mask_metadata": null,
        "local_raster_paths": null
      },
      "geometry": {
        "type": "Point",
        "coordinates": [
          159.94499841018552,
          56.01499992654599
        ]
      }
    },
    {
      "type": "Feature",
      "properties": {
        "sample_id": "a1e55d6cb61eb481a736752122fa1653618ffdf6",
        "source_file": "training_2001_2025_v1_3.csv",
        "source_id": "8877",
        "lat": 56.035001180652664,
        "lon": 58.60499973740748,
        "driver": "Logging",
        "confidence": "High",
        "source_event_year": null,
        "event_year": null,
        "total_loss_area_ha": null,
        "dominant_loss_area_ha": null,
        "dominant_year_share": null,
        "sample_status": null,
        "pre_scene_id": null,
        "pre_date": null,
        "post_scene_id": null,
        "post_date": null,
        "pre_local_cloud": null,
        "post_local_cloud": null,
        "manual_validation": null,
        "manual_notes": null,
        "event_mask_metadata": null,
        "local_raster_paths": null
      },
      "geometry": {
        "type": "Point",
        "coordinates": [
          58.60499973740748,
          56.035001180652664
        ]
      }
    },
    {
      "type": "Feature",
      "properties": {
        "sample_id": "784576f5f5b84544b419431db9a51a19f60e58d2",
        "source_file": "training_2001_2025_v1_3.csv",
        "source_id": "8883",
        "lat": 56.13500099291065,
        "lon": 111.72499973435592,
        "driver": "Logging",
        "confidence": "Medium",
        "source_event_year": null,
        "event_year": null,
        "total_loss_area_ha": null,
        "dominant_loss_area_ha": null,
        "dominant_year_share": null,
        "sample_status": null,
        "pre_scene_id": null,
        "pre_date": null,
        "post_scene_id": null,
        "post_date": null,
        "pre_local_cloud": null,
        "post_local_cloud": null,
        "manual_validation": null,
        "manual_notes": null,
        "event_mask_metadata": null,
        "local_raster_paths": null
      },
      "geometry": {
        "type": "Point",
        "coordinates": [
          111.72499973435592,
          56.13500099291065
        ]
      }
    },
    {
      "type": "Feature",
      "properties": {
        "sample_id": "7a9f60c68d0ca2f1372d647b7d68a6d9dea622d1",
        "source_file": "training_2001_2025_v1_3.csv",
        "source_id": "8890",
        "lat": 56.245000331758085,
        "lon": 42.574999618269366,
        "driver": "Logging",
        "confidence": "High",
        "source_event_year": null,
        "event_year": null,
        "total_loss_area_ha": null,
        "dominant_loss_area_ha": null,
        "dominant_year_share": null,
        "sample_status": null,
        "pre_scene_id": null,
        "pre_date": null,
        "post_scene_id": null,
        "post_date": null,
        "pre_local_cloud": null,
        "post_local_cloud": null,
        "manual_validation": null,
        "manual_notes": null,
        "event_mask_metadata": null,
        "local_raster_paths": null
      },
      "geometry": {
        "type": "Point",
        "coordinates": [
          42.574999618269366,
          56.245000331758085
        ]
      }
    },
    {
      "type": "Feature",
      "properties": {
        "sample_id": "cad2421abdc65d01511b811681cfd3183d4af017",
        "source_file": "training_2001_2025_v1_3.csv",
        "source_id": "8896",
        "lat": 56.47499853144433,
        "lon": 84.82500000677967,
        "driver": "Logging",
        "confidence": "High",
        "source_event_year": null,
        "event_year": null,
        "total_loss_area_ha": null,
        "dominant_loss_area_ha": null,
        "dominant_year_share": null,
        "sample_status": null,
        "pre_scene_id": null,
        "pre_date": null,
        "post_scene_id": null,
        "post_date": null,
        "pre_local_cloud": null,
        "post_local_cloud": null,
        "manual_validation": null,
        "manual_notes": null,
        "event_mask_metadata": null,
        "local_raster_paths": null
      },
      "geometry": {
        "type": "Point",
        "coordinates": [
          84.82500000677967,
          56.47499853144433
        ]
      }
    },
    {
      "type": "Feature",
      "properties": {
        "sample_id": "ab6fa0c44b6617846d35818e089e8f088492d9aa",
        "source_file": "training_2001_2025_v1_3.csv",
        "source_id": "8897",
        "lat": 56.50499938404223,
        "lon": 61.32500009697652,
        "driver": "Logging",
        "confidence": "High",
        "source_event_year": null,
        "event_year": null,
        "total_loss_area_ha": null,
        "dominant_loss_area_ha": null,
        "dominant_year_share": null,
        "sample_status": null,
        "pre_scene_id": null,
        "pre_date": null,
        "post_scene_id": null,
        "post_date": null,
        "pre_local_cloud": null,
        "post_local_cloud": null,
        "manual_validation": null,
        "manual_notes": null,
        "event_mask_metadata": null,
        "local_raster_paths": null
      },
      "geometry": {
        "type": "Point",
        "coordinates": [
          61.32500009697652,
          56.50499938404223
        ]
      }
    },
    {
      "type": "Feature",
      "properties": {
        "sample_id": "3ee14c68e1b9f78d648003839762d25f3993601c",
        "source_file": "training_2001_2025_v1_3.csv",
        "source_id": "8902",
        "lat": 56.73499978799511,
        "lon": 59.40500037371979,
        "driver": "Logging",
        "confidence": "High",
        "source_event_year": null,
        "event_year": null,
        "total_loss_area_ha": null,
        "dominant_loss_area_ha": null,
        "dominant_year_share": null,
        "sample_status": null,
        "pre_scene_id": null,
        "pre_date": null,
        "post_scene_id": null,
        "post_date": null,
        "pre_local_cloud": null,
        "post_local_cloud": null,
        "manual_validation": null,
        "manual_notes": null,
        "event_mask_metadata": null,
        "local_raster_paths": null
      },
      "geometry": {
        "type": "Point",
        "coordinates": [
          59.40500037371979,
          56.73499978799511
        ]
      }
    },
    {
      "type": "Feature",
      "properties": {
        "sample_id": "12fb91c579cb98d698ed564cafab002a8735a4a7",
        "source_file": "training_2001_2025_v1_3.csv",
        "source_id": "8903",
        "lat": 56.74499930864824,
        "lon": 31.6149996649582,
        "driver": "Logging",
        "confidence": "High",
        "source_event_year": null,
        "event_year": null,
        "total_loss_area_ha": null,
        "dominant_loss_area_ha": null,
        "dominant_year_share": null,
        "sample_status": null,
        "pre_scene_id": null,
        "pre_date": null,
        "post_scene_id": null,
        "post_date": null,
        "pre_local_cloud": null,
        "post_local_cloud": null,
        "manual_validation": null,
        "manual_notes": null,
        "event_mask_metadata": null,
        "local_raster_paths": null
      },
      "geometry": {
        "type": "Point",
        "coordinates": [
          31.6149996649582,
          56.74499930864824
        ]
      }
    },
    {
      "type": "Feature",
      "properties": {
        "sample_id": "94fc5ddfb13f7ade7072dedf50c98410389223f3",
        "source_file": "training_2001_2025_v1_3.csv",
        "source_id": "8905",
        "lat": 56.96500022542122,
        "lon": 89.15499889793935,
        "driver": "Logging",
        "confidence": "High",
        "source_event_year": null,
        "event_year": null,
        "total_loss_area_ha": null,
        "dominant_loss_area_ha": null,
        "dominant_year_share": null,
        "sample_status": null,
        "pre_scene_id": null,
        "pre_date": null,
        "post_scene_id": null,
        "post_date": null,
        "pre_local_cloud": null,
        "post_local_cloud": null,
        "manual_validation": null,
        "manual_notes": null,
        "event_mask_metadata": null,
        "local_raster_paths": null
      },
      "geometry": {
        "type": "Point",
        "coordinates": [
          89.15499889793935,
          56.96500022542122
        ]
      }
    },
    {
      "type": "Feature",
      "properties": {
        "sample_id": "8642f31f6ebe29dbf5ad5ce15909616a7c188820",
        "source_file": "training_2001_2025_v1_3.csv",
        "source_id": "8906",
        "lat": 57.005000587346984,
        "lon": 37.89500146152176,
        "driver": "Logging",
        "confidence": "High",
        "source_event_year": null,
        "event_year": null,
        "total_loss_area_ha": null,
        "dominant_loss_area_ha": null,
        "dominant_year_share": null,
        "sample_status": null,
        "pre_scene_id": null,
        "pre_date": null,
        "post_scene_id": null,
        "post_date": null,
        "pre_local_cloud": null,
        "post_local_cloud": null,
        "manual_validation": null,
        "manual_notes": null,
        "event_mask_metadata": null,
        "local_raster_paths": null
      },
      "geometry": {
        "type": "Point",
        "coordinates": [
          37.89500146152176,
          57.005000587346984
        ]
      }
    },
    {
      "type": "Feature",
      "properties": {
        "sample_id": "dfc2cc8aaa08cc8945a54d381c557685a38fab6f",
        "source_file": "training_2001_2025_v1_3.csv",
        "source_id": "8910",
        "lat": 57.19500065867136,
        "lon": 54.134998417425585,
        "driver": "Logging",
        "confidence": "High",
        "source_event_year": null,
        "event_year": null,
        "total_loss_area_ha": null,
        "dominant_loss_area_ha": null,
        "dominant_year_share": null,
        "sample_status": null,
        "pre_scene_id": null,
        "pre_date": null,
        "post_scene_id": null,
        "post_date": null,
        "pre_local_cloud": null,
        "post_local_cloud": null,
        "manual_validation": null,
        "manual_notes": null,
        "event_mask_metadata": null,
        "local_raster_paths": null
      },
      "geometry": {
        "type": "Point",
        "coordinates": [
          54.134998417425585,
          57.19500065867136
        ]
      }
    },
    {
      "type": "Feature",
      "properties": {
        "sample_id": "a59040b8c56f0c2d9837ceda8fb921602df5e7fb",
        "source_file": "training_2001_2025_v1_3.csv",
        "source_id": "8911",
        "lat": 57.214997472580606,
        "lon": 35.51500081794494,
        "driver": "Logging",
        "confidence": "High",
        "source_event_year": null,
        "event_year": null,
        "total_loss_area_ha": null,
        "dominant_loss_area_ha": null,
        "dominant_year_share": null,
        "sample_status": null,
        "pre_scene_id": null,
        "pre_date": null,
        "post_scene_id": null,
        "post_date": null,
        "pre_local_cloud": null,
        "post_local_cloud": null,
        "manual_validation": null,
        "manual_notes": null,
        "event_mask_metadata": null,
        "local_raster_paths": null
      },
      "geometry": {
        "type": "Point",
        "coordinates": [
          35.51500081794494,
          57.214997472580606
        ]
      }
    },
    {
      "type": "Feature",
      "properties": {
        "sample_id": "8bddac9ececed0b8e0e34a4428c463cb67a15be8",
        "source_file": "training_2001_2025_v1_3.csv",
        "source_id": "8915",
        "lat": 57.54499997746444,
        "lon": 35.20499969854449,
        "driver": "Logging",
        "confidence": "High",
        "source_event_year": null,
        "event_year": null,
        "total_loss_area_ha": null,
        "dominant_loss_area_ha": null,
        "dominant_year_share": null,
        "sample_status": null,
        "pre_scene_id": null,
        "pre_date": null,
        "post_scene_id": null,
        "post_date": null,
        "pre_local_cloud": null,
        "post_local_cloud": null,
        "manual_validation": null,
        "manual_notes": null,
        "event_mask_metadata": null,
        "local_raster_paths": null
      },
      "geometry": {
        "type": "Point",
        "coordinates": [
          35.20499969854449,
          57.54499997746444
        ]
      }
    },
    {
      "type": "Feature",
      "properties": {
        "sample_id": "e4b9815f75d7e224d25e56bef2f4e6d60daa7c9a",
        "source_file": "training_2001_2025_v1_3.csv",
        "source_id": "8916",
        "lat": 57.564999010072384,
        "lon": 53.58499950771793,
        "driver": "Logging",
        "confidence": "Low",
        "source_event_year": null,
        "event_year": null,
        "total_loss_area_ha": null,
        "dominant_loss_area_ha": null,
        "dominant_year_share": null,
        "sample_status": null,
        "pre_scene_id": null,
        "pre_date": null,
        "post_scene_id": null,
        "post_date": null,
        "pre_local_cloud": null,
        "post_local_cloud": null,
        "manual_validation": null,
        "manual_notes": null,
        "event_mask_metadata": null,
        "local_raster_paths": null
      },
      "geometry": {
        "type": "Point",
        "coordinates": [
          53.58499950771793,
          57.564999010072384
        ]
      }
    },
    {
      "type": "Feature",
      "properties": {
        "sample_id": "0d87995aa8ea586b0d23e397f7db1d0722462072",
        "source_file": "training_2001_2025_v1_3.csv",
        "source_id": "8919",
        "lat": 57.6850001061044,
        "lon": 104.1550001132006,
        "driver": "Logging",
        "confidence": "High",
        "source_event_year": null,
        "event_year": null,
        "total_loss_area_ha": null,
        "dominant_loss_area_ha": null,
        "dominant_year_share": null,
        "sample_status": null,
        "pre_scene_id": null,
        "pre_date": null,
        "post_scene_id": null,
        "post_date": null,
        "pre_local_cloud": null,
        "post_local_cloud": null,
        "manual_validation": null,
        "manual_notes": null,
        "event_mask_metadata": null,
        "local_raster_paths": null
      },
      "geometry": {
        "type": "Point",
        "coordinates": [
          104.1550001132006,
          57.6850001061044
        ]
      }
    },
    {
      "type": "Feature",
      "properties": {
        "sample_id": "d0ae6ad50eebc804b61bb57ba76be556fec9dd60",
        "source_file": "training_2001_2025_v1_3.csv",
        "source_id": "8920",
        "lat": 57.71499872367423,
        "lon": 64.46500100521683,
        "driver": "Logging",
        "confidence": "High",
        "source_event_year": null,
        "event_year": null,
        "total_loss_area_ha": null,
        "dominant_loss_area_ha": null,
        "dominant_year_share": null,
        "sample_status": null,
        "pre_scene_id": null,
        "pre_date": null,
        "post_scene_id": null,
        "post_date": null,
        "pre_local_cloud": null,
        "post_local_cloud": null,
        "manual_validation": null,
        "manual_notes": null,
        "event_mask_metadata": null,
        "local_raster_paths": null
      },
      "geometry": {
        "type": "Point",
        "coordinates": [
          64.46500100521683,
          57.71499872367423
        ]
      }
    },
    {
      "type": "Feature",
      "properties": {
        "sample_id": "66c198f27d1b2f5ace028e6f4ddef7cbc4e20bde",
        "source_file": "training_2001_2025_v1_3.csv",
        "source_id": "8930",
        "lat": 58.27499937155125,
        "lon": 50.63500096365955,
        "driver": "Logging",
        "confidence": "High",
        "source_event_year": null,
        "event_year": null,
        "total_loss_area_ha": null,
        "dominant_loss_area_ha": null,
        "dominant_year_share": null,
        "sample_status": null,
        "pre_scene_id": null,
        "pre_date": null,
        "post_scene_id": null,
        "post_date": null,
        "pre_local_cloud": null,
        "post_local_cloud": null,
        "manual_validation": null,
        "manual_notes": null,
        "event_mask_metadata": null,
        "local_raster_paths": null
      },
      "geometry": {
        "type": "Point",
        "coordinates": [
          50.63500096365955,
          58.27499937155125
        ]
      }
    },
    {
      "type": "Feature",
      "properties": {
        "sample_id": "4f902ba5216cb98bcf4638d2fa9ebd4bc58fdca6",
        "source_file": "training_2001_2025_v1_3.csv",
        "source_id": "8931",
        "lat": 58.41499955576642,
        "lon": 54.36499882258753,
        "driver": "Logging",
        "confidence": "High",
        "source_event_year": null,
        "event_year": null,
        "total_loss_area_ha": null,
        "dominant_loss_area_ha": null,
        "dominant_year_share": null,
        "sample_status": null,
        "pre_scene_id": null,
        "pre_date": null,
        "post_scene_id": null,
        "post_date": null,
        "pre_local_cloud": null,
        "post_local_cloud": null,
        "manual_validation": null,
        "manual_notes": null,
        "event_mask_metadata": null,
        "local_raster_paths": null
      },
      "geometry": {
        "type": "Point",
        "coordinates": [
          54.36499882258753,
          58.41499955576642
        ]
      }
    },
    {
      "type": "Feature",
      "properties": {
        "sample_id": "0a1d1a56ea189abd64fe1ba2496178050a9a9c0f",
        "source_file": "training_2001_2025_v1_3.csv",
        "source_id": "8932",
        "lat": 58.48500076392765,
        "lon": 37.19499839684149,
        "driver": "Logging",
        "confidence": "High",
        "source_event_year": null,
        "event_year": null,
        "total_loss_area_ha": null,
        "dominant_loss_area_ha": null,
        "dominant_year_share": null,
        "sample_status": null,
        "pre_scene_id": null,
        "pre_date": null,
        "post_scene_id": null,
        "post_date": null,
        "pre_local_cloud": null,
        "post_local_cloud": null,
        "manual_validation": null,
        "manual_notes": null,
        "event_mask_metadata": null,
        "local_raster_paths": null
      },
      "geometry": {
        "type": "Point",
        "coordinates": [
          37.19499839684149,
          58.48500076392765
        ]
      }
    },
    {
      "type": "Feature",
      "properties": {
        "sample_id": "ad3f88fdce7490f42a6961c9ddcf0cb96d63d89e",
        "source_file": "training_2001_2025_v1_3.csv",
        "source_id": "8935",
        "lat": 58.52499888520328,
        "lon": 109.76499964364533,
        "driver": "Logging",
        "confidence": "Low",
        "source_event_year": null,
        "event_year": null,
        "total_loss_area_ha": null,
        "dominant_loss_area_ha": null,
        "dominant_year_share": null,
        "sample_status": null,
        "pre_scene_id": null,
        "pre_date": null,
        "post_scene_id": null,
        "post_date": null,
        "pre_local_cloud": null,
        "post_local_cloud": null,
        "manual_validation": null,
        "manual_notes": null,
        "event_mask_metadata": null,
        "local_raster_paths": null
      },
      "geometry": {
        "type": "Point",
        "coordinates": [
          109.76499964364533,
          58.52499888520328
        ]
      }
    },
    {
      "type": "Feature",
      "properties": {
        "sample_id": "7581854723aec8cce063e60dc895f72ffedccbfa",
        "source_file": "training_2001_2025_v1_3.csv",
        "source_id": "8936",
        "lat": 58.564999237164336,
        "lon": 58.96499858294233,
        "driver": "Logging",
        "confidence": "High",
        "source_event_year": null,
        "event_year": null,
        "total_loss_area_ha": null,
        "dominant_loss_area_ha": null,
        "dominant_year_share": null,
        "sample_status": null,
        "pre_scene_id": null,
        "pre_date": null,
        "post_scene_id": null,
        "post_date": null,
        "pre_local_cloud": null,
        "post_local_cloud": null,
        "manual_validation": null,
        "manual_notes": null,
        "event_mask_metadata": null,
        "local_raster_paths": null
      },
      "geometry": {
        "type": "Point",
        "coordinates": [
          58.96499858294233,
          58.564999237164336
        ]
      }
    },
    {
      "type": "Feature",
      "properties": {
        "sample_id": "8c794b946180cd5da81e772a05ed3ccbfbec98ce",
        "source_file": "training_2001_2025_v1_3.csv",
        "source_id": "8939",
        "lat": 58.635000443631455,
        "lon": 59.025000284634494,
        "driver": "Logging",
        "confidence": "High",
        "source_event_year": null,
        "event_year": null,
        "total_loss_area_ha": null,
        "dominant_loss_area_ha": null,
        "dominant_year_share": null,
        "sample_status": null,
        "pre_scene_id": null,
        "pre_date": null,
        "post_scene_id": null,
        "post_date": null,
        "pre_local_cloud": null,
        "post_local_cloud": null,
        "manual_validation": null,
        "manual_notes": null,
        "event_mask_metadata": null,
        "local_raster_paths": null
      },
      "geometry": {
        "type": "Point",
        "coordinates": [
          59.025000284634494,
          58.635000443631455
        ]
      }
    },
    {
      "type": "Feature",
      "properties": {
        "sample_id": "433fbe7263fbec3eb5e6b484092304d25d8545d1",
        "source_file": "training_2001_2025_v1_3.csv",
        "source_id": "8946",
        "lat": 58.95499890164909,
        "lon": 34.22500075087237,
        "driver": "Logging",
        "confidence": "High",
        "source_event_year": null,
        "event_year": null,
        "total_loss_area_ha": null,
        "dominant_loss_area_ha": null,
        "dominant_year_share": null,
        "sample_status": null,
        "pre_scene_id": null,
        "pre_date": null,
        "post_scene_id": null,
        "post_date": null,
        "pre_local_cloud": null,
        "post_local_cloud": null,
        "manual_validation": null,
        "manual_notes": null,
        "event_mask_metadata": null,
        "local_raster_paths": null
      },
      "geometry": {
        "type": "Point",
        "coordinates": [
          34.22500075087237,
          58.95499890164909
        ]
      }
    },
    {
      "type": "Feature",
      "properties": {
        "sample_id": "dfe95d039ed493357c842e302fdb7b99072e90c2",
        "source_file": "training_2001_2025_v1_3.csv",
        "source_id": "8947",
        "lat": 58.95499890636889,
        "lon": 42.70500028108907,
        "driver": "Logging",
        "confidence": "High",
        "source_event_year": null,
        "event_year": null,
        "total_loss_area_ha": null,
        "dominant_loss_area_ha": null,
        "dominant_year_share": null,
        "sample_status": null,
        "pre_scene_id": null,
        "pre_date": null,
        "post_scene_id": null,
        "post_date": null,
        "pre_local_cloud": null,
        "post_local_cloud": null,
        "manual_validation": null,
        "manual_notes": null,
        "event_mask_metadata": null,
        "local_raster_paths": null
      },
      "geometry": {
        "type": "Point",
        "coordinates": [
          42.70500028108907,
          58.95499890636889
        ]
      }
    },
    {
      "type": "Feature",
      "properties": {
        "sample_id": "db0e0ba5b4fd67674db4688ee9fe85e48c14794a",
        "source_file": "training_2001_2025_v1_3.csv",
        "source_id": "8951",
        "lat": 59.03499963660421,
        "lon": 34.07500106933773,
        "driver": "Logging",
        "confidence": "High",
        "source_event_year": null,
        "event_year": null,
        "total_loss_area_ha": null,
        "dominant_loss_area_ha": null,
        "dominant_year_share": null,
        "sample_status": null,
        "pre_scene_id": null,
        "pre_date": null,
        "post_scene_id": null,
        "post_date": null,
        "pre_local_cloud": null,
        "post_local_cloud": null,
        "manual_validation": null,
        "manual_notes": null,
        "event_mask_metadata": null,
        "local_raster_paths": null
      },
      "geometry": {
        "type": "Point",
        "coordinates": [
          34.07500106933773,
          59.03499963660421
        ]
      }
    },
    {
      "type": "Feature",
      "properties": {
        "sample_id": "6389867085b517648a190b555e2981589ddea2b7",
        "source_file": "training_2001_2025_v1_3.csv",
        "source_id": "8952",
        "lat": 59.224999702059854,
        "lon": 48.22499954748746,
        "driver": "Logging",
        "confidence": "High",
        "source_event_year": null,
        "event_year": null,
        "total_loss_area_ha": null,
        "dominant_loss_area_ha": null,
        "dominant_year_share": null,
        "sample_status": null,
        "pre_scene_id": null,
        "pre_date": null,
        "post_scene_id": null,
        "post_date": null,
        "pre_local_cloud": null,
        "post_local_cloud": null,
        "manual_validation": null,
        "manual_notes": null,
        "event_mask_metadata": null,
        "local_raster_paths": null
      },
      "geometry": {
        "type": "Point",
        "coordinates": [
          48.22499954748746,
          59.224999702059854
        ]
      }
    },
    {
      "type": "Feature",
      "properties": {
        "sample_id": "ac24d48901b831d895baea4185f82658a7e97f15",
        "source_file": "training_2001_2025_v1_3.csv",
        "source_id": "8955",
        "lat": 59.38499896140465,
        "lon": 42.454998553356376,
        "driver": "Logging",
        "confidence": "High",
        "source_event_year": null,
        "event_year": null,
        "total_loss_area_ha": null,
        "dominant_loss_area_ha": null,
        "dominant_year_share": null,
        "sample_status": null,
        "pre_scene_id": null,
        "pre_date": null,
        "post_scene_id": null,
        "post_date": null,
        "pre_local_cloud": null,
        "post_local_cloud": null,
        "manual_validation": null,
        "manual_notes": null,
        "event_mask_metadata": null,
        "local_raster_paths": null
      },
      "geometry": {
        "type": "Point",
        "coordinates": [
          42.454998553356376,
          59.38499896140465
        ]
      }
    },
    {
      "type": "Feature",
      "properties": {
        "sample_id": "f708e66e0e88b2e519f11baf5981c86da9594a0e",
        "source_file": "training_2001_2025_v1_3.csv",
        "source_id": "8957",
        "lat": 59.47499916361865,
        "lon": 50.8350005395275,
        "driver": "Logging",
        "confidence": "High",
        "source_event_year": null,
        "event_year": null,
        "total_loss_area_ha": null,
        "dominant_loss_area_ha": null,
        "dominant_year_share": null,
        "sample_status": null,
        "pre_scene_id": null,
        "pre_date": null,
        "post_scene_id": null,
        "post_date": null,
        "pre_local_cloud": null,
        "post_local_cloud": null,
        "manual_validation": null,
        "manual_notes": null,
        "event_mask_metadata": null,
        "local_raster_paths": null
      },
      "geometry": {
        "type": "Point",
        "coordinates": [
          50.8350005395275,
          59.47499916361865
        ]
      }
    },
    {
      "type": "Feature",
      "properties": {
        "sample_id": "e5253f34961befee7b4420dbebaa32b6367de67b",
        "source_file": "training_2001_2025_v1_3.csv",
        "source_id": "8959",
        "lat": 59.604999822612726,
        "lon": 32.435001623456586,
        "driver": "Logging",
        "confidence": "High",
        "source_event_year": null,
        "event_year": null,
        "total_loss_area_ha": null,
        "dominant_loss_area_ha": null,
        "dominant_year_share": null,
        "sample_status": null,
        "pre_scene_id": null,
        "pre_date": null,
        "post_scene_id": null,
        "post_date": null,
        "pre_local_cloud": null,
        "post_local_cloud": null,
        "manual_validation": null,
        "manual_notes": null,
        "event_mask_metadata": null,
        "local_raster_paths": null
      },
      "geometry": {
        "type": "Point",
        "coordinates": [
          32.435001623456586,
          59.604999822612726
        ]
      }
    },
    {
      "type": "Feature",
      "properties": {
        "sample_id": "09ee479b792fec74b92aaa25a65a215024f0cd6e",
        "source_file": "training_2001_2025_v1_3.csv",
        "source_id": "8964",
        "lat": 60.06500070379033,
        "lon": 30.114998280919995,
        "driver": "Logging",
        "confidence": "High",
        "source_event_year": null,
        "event_year": null,
        "total_loss_area_ha": null,
        "dominant_loss_area_ha": null,
        "dominant_year_share": null,
        "sample_status": null,
        "pre_scene_id": null,
        "pre_date": null,
        "post_scene_id": null,
        "post_date": null,
        "pre_local_cloud": null,
        "post_local_cloud": null,
        "manual_validation": null,
        "manual_notes": null,
        "event_mask_metadata": null,
        "local_raster_paths": null
      },
      "geometry": {
        "type": "Point",
        "coordinates": [
          30.114998280919995,
          60.06500070379033
        ]
      }
    },
    {
      "type": "Feature",
      "properties": {
        "sample_id": "357f259c2bf6a479c74b81b03bc80e2310cf757a",
        "source_file": "training_2001_2025_v1_3.csv",
        "source_id": "8976",
        "lat": 60.41500001575231,
        "lon": 41.644998397847154,
        "driver": "Logging",
        "confidence": "High",
        "source_event_year": null,
        "event_year": null,
        "total_loss_area_ha": null,
        "dominant_loss_area_ha": null,
        "dominant_year_share": null,
        "sample_status": null,
        "pre_scene_id": null,
        "pre_date": null,
        "post_scene_id": null,
        "post_date": null,
        "pre_local_cloud": null,
        "post_local_cloud": null,
        "manual_validation": null,
        "manual_notes": null,
        "event_mask_metadata": null,
        "local_raster_paths": null
      },
      "geometry": {
        "type": "Point",
        "coordinates": [
          41.644998397847154,
          60.41500001575231
        ]
      }
    },
    {
      "type": "Feature",
      "properties": {
        "sample_id": "f2f94a258d4491fe8d85d7a53383c4b48831b8c3",
        "source_file": "training_2001_2025_v1_3.csv",
        "source_id": "8977",
        "lat": 60.46499988061047,
        "lon": 58.39500061984844,
        "driver": "Logging",
        "confidence": "High",
        "source_event_year": null,
        "event_year": null,
        "total_loss_area_ha": null,
        "dominant_loss_area_ha": null,
        "dominant_year_share": null,
        "sample_status": null,
        "pre_scene_id": null,
        "pre_date": null,
        "post_scene_id": null,
        "post_date": null,
        "pre_local_cloud": null,
        "post_local_cloud": null,
        "manual_validation": null,
        "manual_notes": null,
        "event_mask_metadata": null,
        "local_raster_paths": null
      },
      "geometry": {
        "type": "Point",
        "coordinates": [
          58.39500061984844,
          60.46499988061047
        ]
      }
    },
    {
      "type": "Feature",
      "properties": {
        "sample_id": "b71751a6f722b9ef569db22d28bc8d7c79c3e708",
        "source_file": "training_2001_2025_v1_3.csv",
        "source_id": "8992",
        "lat": 61.19499933286056,
        "lon": 47.9050010583353,
        "driver": "Logging",
        "confidence": "High",
        "source_event_year": null,
        "event_year": null,
        "total_loss_area_ha": null,
        "dominant_loss_area_ha": null,
        "dominant_year_share": null,
        "sample_status": null,
        "pre_scene_id": null,
        "pre_date": null,
        "post_scene_id": null,
        "post_date": null,
        "pre_local_cloud": null,
        "post_local_cloud": null,
        "manual_validation": null,
        "manual_notes": null,
        "event_mask_metadata": null,
        "local_raster_paths": null
      },
      "geometry": {
        "type": "Point",
        "coordinates": [
          47.9050010583353,
          61.19499933286056
        ]
      }
    },
    {
      "type": "Feature",
      "properties": {
        "sample_id": "21e9140e47e984b128e7842b364f8dc04b6fb77d",
        "source_file": "training_2001_2025_v1_3.csv",
        "source_id": "9002",
        "lat": 61.61499979794323,
        "lon": 49.54500044715801,
        "driver": "Logging",
        "confidence": "High",
        "source_event_year": null,
        "event_year": null,
        "total_loss_area_ha": null,
        "dominant_loss_area_ha": null,
        "dominant_year_share": null,
        "sample_status": null,
        "pre_scene_id": null,
        "pre_date": null,
        "post_scene_id": null,
        "post_date": null,
        "pre_local_cloud": null,
        "post_local_cloud": null,
        "manual_validation": null,
        "manual_notes": null,
        "event_mask_metadata": null,
        "local_raster_paths": null
      },
      "geometry": {
        "type": "Point",
        "coordinates": [
          49.54500044715801,
          61.61499979794323
        ]
      }
    },
    {
      "type": "Feature",
      "properties": {
        "sample_id": "04c84bc9e8699b8912a2ff435a857a6d6ca9451b",
        "source_file": "training_2001_2025_v1_3.csv",
        "source_id": "9012",
        "lat": 61.94500001876361,
        "lon": 47.81499859462646,
        "driver": "Logging",
        "confidence": "High",
        "source_event_year": null,
        "event_year": null,
        "total_loss_area_ha": null,
        "dominant_loss_area_ha": null,
        "dominant_year_share": null,
        "sample_status": null,
        "pre_scene_id": null,
        "pre_date": null,
        "post_scene_id": null,
        "post_date": null,
        "pre_local_cloud": null,
        "post_local_cloud": null,
        "manual_validation": null,
        "manual_notes": null,
        "event_mask_metadata": null,
        "local_raster_paths": null
      },
      "geometry": {
        "type": "Point",
        "coordinates": [
          47.81499859462646,
          61.94500001876361
        ]
      }
    },
    {
      "type": "Feature",
      "properties": {
        "sample_id": "d7711f0fff813edc5e296411fb96d1a5e3bfd645",
        "source_file": "training_2001_2025_v1_3.csv",
        "source_id": "9024",
        "lat": 62.30500107769568,
        "lon": 52.724999483946974,
        "driver": "Logging",
        "confidence": "High",
        "source_event_year": null,
        "event_year": null,
        "total_loss_area_ha": null,
        "dominant_loss_area_ha": null,
        "dominant_year_share": null,
        "sample_status": null,
        "pre_scene_id": null,
        "pre_date": null,
        "post_scene_id": null,
        "post_date": null,
        "pre_local_cloud": null,
        "post_local_cloud": null,
        "manual_validation": null,
        "manual_notes": null,
        "event_mask_metadata": null,
        "local_raster_paths": null
      },
      "geometry": {
        "type": "Point",
        "coordinates": [
          52.724999483946974,
          62.30500107769568
        ]
      }
    },
    {
      "type": "Feature",
      "properties": {
        "sample_id": "eef614c2f3dd2eae824be2e61b65b2ac57c65844",
        "source_file": "training_2001_2025_v1_3.csv",
        "source_id": "9036",
        "lat": 62.745000650355585,
        "lon": 34.03499846031745,
        "driver": "Logging",
        "confidence": "High",
        "source_event_year": null,
        "event_year": null,
        "total_loss_area_ha": null,
        "dominant_loss_area_ha": null,
        "dominant_year_share": null,
        "sample_status": null,
        "pre_scene_id": null,
        "pre_date": null,
        "post_scene_id": null,
        "post_date": null,
        "pre_local_cloud": null,
        "post_local_cloud": null,
        "manual_validation": null,
        "manual_notes": null,
        "event_mask_metadata": null,
        "local_raster_paths": null
      },
      "geometry": {
        "type": "Point",
        "coordinates": [
          34.03499846031745,
          62.745000650355585
        ]
      }
    },
    {
      "type": "Feature",
      "properties": {
        "sample_id": "95b9a1a8f50b258eb7d9836ea189a733ebb43ab4",
        "source_file": "training_2001_2025_v1_3.csv",
        "source_id": "9056",
        "lat": 63.6749996523661,
        "lon": 42.84500048069023,
        "driver": "Logging",
        "confidence": "Medium",
        "source_event_year": null,
        "event_year": null,
        "total_loss_area_ha": null,
        "dominant_loss_area_ha": null,
        "dominant_year_share": null,
        "sample_status": null,
        "pre_scene_id": null,
        "pre_date": null,
        "post_scene_id": null,
        "post_date": null,
        "pre_local_cloud": null,
        "post_local_cloud": null,
        "manual_validation": null,
        "manual_notes": null,
        "event_mask_metadata": null,
        "local_raster_paths": null
      },
      "geometry": {
        "type": "Point",
        "coordinates": [
          42.84500048069023,
          63.6749996523661
        ]
      }
    },
    {
      "type": "Feature",
      "properties": {
        "sample_id": "52409f6857b778c4389f5162d495f2126606ab63",
        "source_file": "training_2001_2025_v1_3.csv",
        "source_id": "9086",
        "lat": 64.82499956951116,
        "lon": 42.54500101483031,
        "driver": "Logging",
        "confidence": "High",
        "source_event_year": null,
        "event_year": null,
        "total_loss_area_ha": null,
        "dominant_loss_area_ha": null,
        "dominant_year_share": null,
        "sample_status": null,
        "pre_scene_id": null,
        "pre_date": null,
        "post_scene_id": null,
        "post_date": null,
        "pre_local_cloud": null,
        "post_local_cloud": null,
        "manual_validation": null,
        "manual_notes": null,
        "event_mask_metadata": null,
        "local_raster_paths": null
      },
      "geometry": {
        "type": "Point",
        "coordinates": [
          42.54500101483031,
          64.82499956951116
        ]
      }
    },
    {
      "type": "Feature",
      "properties": {
        "sample_id": "4f954e8d267f80aa2cd5f1f449a286b08dadffd7",
        "source_file": "training_2001_2025_v1_3.csv",
        "source_id": "9196",
        "lat": 57.94499916370541,
        "lon": 65.36499918883224,
        "driver": "Logging",
        "confidence": "High",
        "source_event_year": null,
        "event_year": null,
        "total_loss_area_ha": null,
        "dominant_loss_area_ha": null,
        "dominant_year_share": null,
        "sample_status": null,
        "pre_scene_id": null,
        "pre_date": null,
        "post_scene_id": null,
        "post_date": null,
        "pre_local_cloud": null,
        "post_local_cloud": null,
        "manual_validation": null,
        "manual_notes": null,
        "event_mask_metadata": null,
        "local_raster_paths": null
      },
      "geometry": {
        "type": "Point",
        "coordinates": [
          65.36499918883224,
          57.94499916370541
        ]
      }
    },
    {
      "type": "Feature",
      "properties": {
        "sample_id": "95c1800fa23611de7bcd003e2cbde07a9fb95d79",
        "source_file": "training_2001_2025_v1_3.csv",
        "source_id": "9235",
        "lat": 62.56500012688828,
        "lon": 33.99500033066924,
        "driver": "Logging",
        "confidence": "High",
        "source_event_year": null,
        "event_year": null,
        "total_loss_area_ha": null,
        "dominant_loss_area_ha": null,
        "dominant_year_share": null,
        "sample_status": null,
        "pre_scene_id": null,
        "pre_date": null,
        "post_scene_id": null,
        "post_date": null,
        "pre_local_cloud": null,
        "post_local_cloud": null,
        "manual_validation": null,
        "manual_notes": null,
        "event_mask_metadata": null,
        "local_raster_paths": null
      },
      "geometry": {
        "type": "Point",
        "coordinates": [
          33.99500033066924,
          62.56500012688828
        ]
      }
    },
    {
      "type": "Feature",
      "properties": {
        "sample_id": "7828bee0cc63865f27bde34103f78b52a93d1ac4",
        "source_file": "training_2001_2025_v1_3.csv",
        "source_id": "9253",
        "lat": 60.065000701237885,
        "lon": 46.44500000943355,
        "driver": "Logging",
        "confidence": "High",
        "source_event_year": null,
        "event_year": null,
        "total_loss_area_ha": null,
        "dominant_loss_area_ha": null,
        "dominant_year_share": null,
        "sample_status": null,
        "pre_scene_id": null,
        "pre_date": null,
        "post_scene_id": null,
        "post_date": null,
        "pre_local_cloud": null,
        "post_local_cloud": null,
        "manual_validation": null,
        "manual_notes": null,
        "event_mask_metadata": null,
        "local_raster_paths": null
      },
      "geometry": {
        "type": "Point",
        "coordinates": [
          46.44500000943355,
          60.065000701237885
        ]
      }
    },
    {
      "type": "Feature",
      "properties": {
        "sample_id": "1e5b47c4236f8382ea90568474422410c293a515",
        "source_file": "training_2001_2025_v1_3.csv",
        "source_id": "9258",
        "lat": 59.52499908019031,
        "lon": 31.745000328585004,
        "driver": "Logging",
        "confidence": "High",
        "source_event_year": null,
        "event_year": null,
        "total_loss_area_ha": null,
        "dominant_loss_area_ha": null,
        "dominant_year_share": null,
        "sample_status": null,
        "pre_scene_id": null,
        "pre_date": null,
        "post_scene_id": null,
        "post_date": null,
        "pre_local_cloud": null,
        "post_local_cloud": null,
        "manual_validation": null,
        "manual_notes": null,
        "event_mask_metadata": null,
        "local_raster_paths": null
      },
      "geometry": {
        "type": "Point",
        "coordinates": [
          31.745000328585004,
          59.52499908019031
        ]
      }
    },
    {
      "type": "Feature",
      "properties": {
        "sample_id": "ec084a2e9d9112cbfbc573d33a3ed9f978753799",
        "source_file": "training_2001_2025_v1_3.csv",
        "source_id": "9267",
        "lat": 58.00500081569637,
        "lon": 104.30499986052332,
        "driver": "Logging",
        "confidence": "High",
        "source_event_year": null,
        "event_year": null,
        "total_loss_area_ha": null,
        "dominant_loss_area_ha": null,
        "dominant_year_share": null,
        "sample_status": null,
        "pre_scene_id": null,
        "pre_date": null,
        "post_scene_id": null,
        "post_date": null,
        "pre_local_cloud": null,
        "post_local_cloud": null,
        "manual_validation": null,
        "manual_notes": null,
        "event_mask_metadata": null,
        "local_raster_paths": null
      },
      "geometry": {
        "type": "Point",
        "coordinates": [
          104.30499986052332,
          58.00500081569637
        ]
      }
    },
    {
      "type": "Feature",
      "properties": {
        "sample_id": "ab55a0b673690586016f96dcc8f5aee8affa9fd2",
        "source_file": "training_2001_2025_v1_3.csv",
        "source_id": "9268",
        "lat": 54.344999670640235,
        "lon": 110.83499886423492,
        "driver": "Logging",
        "confidence": "Medium",
        "source_event_year": null,
        "event_year": null,
        "total_loss_area_ha": null,
        "dominant_loss_area_ha": null,
        "dominant_year_share": null,
        "sample_status": null,
        "pre_scene_id": null,
        "pre_date": null,
        "post_scene_id": null,
        "post_date": null,
        "pre_local_cloud": null,
        "post_local_cloud": null,
        "manual_validation": null,
        "manual_notes": null,
        "event_mask_metadata": null,
        "local_raster_paths": null
      },
      "geometry": {
        "type": "Point",
        "coordinates": [
          110.83499886423492,
          54.344999670640235
        ]
      }
    },
    {
      "type": "Feature",
      "properties": {
        "sample_id": "8f9ce62bde7fcc414fdcd4460ddb43ada427ba7d",
        "source_file": "training_2001_2025_v1_3.csv",
        "source_id": "9276",
        "lat": 48.74499977764198,
        "lon": 138.365000455407,
        "driver": "Logging",
        "confidence": "Medium",
        "source_event_year": null,
        "event_year": null,
        "total_loss_area_ha": null,
        "dominant_loss_area_ha": null,
        "dominant_year_share": null,
        "sample_status": null,
        "pre_scene_id": null,
        "pre_date": null,
        "post_scene_id": null,
        "post_date": null,
        "pre_local_cloud": null,
        "post_local_cloud": null,
        "manual_validation": null,
        "manual_notes": null,
        "event_mask_metadata": null,
        "local_raster_paths": null
      },
      "geometry": {
        "type": "Point",
        "coordinates": [
          138.365000455407,
          48.74499977764198
        ]
      }
    },
    {
      "type": "Feature",
      "properties": {
        "sample_id": "322ebc2e7911d596d34f29c90831df6f7d1bef74",
        "source_file": "training_2001_2025_v1_3.csv",
        "source_id": "9283",
        "lat": 64.04500027478267,
        "lon": 32.695000617669656,
        "driver": "Logging",
        "confidence": "Medium",
        "source_event_year": null,
        "event_year": null,
        "total_loss_area_ha": null,
        "dominant_loss_area_ha": null,
        "dominant_year_share": null,
        "sample_status": null,
        "pre_scene_id": null,
        "pre_date": null,
        "post_scene_id": null,
        "post_date": null,
        "pre_local_cloud": null,
        "post_local_cloud": null,
        "manual_validation": null,
        "manual_notes": null,
        "event_mask_metadata": null,
        "local_raster_paths": null
      },
      "geometry": {
        "type": "Point",
        "coordinates": [
          32.695000617669656,
          64.04500027478267
        ]
      }
    },
    {
      "type": "Feature",
      "properties": {
        "sample_id": "ca5ca9cbf57f1f00a6a85b7c6085408cfdfc762f",
        "source_file": "training_2001_2025_v1_3.csv",
        "source_id": "9289",
        "lat": 57.19500066237216,
        "lon": 60.514999956487294,
        "driver": "Logging",
        "confidence": "High",
        "source_event_year": null,
        "event_year": null,
        "total_loss_area_ha": null,
        "dominant_loss_area_ha": null,
        "dominant_year_share": null,
        "sample_status": null,
        "pre_scene_id": null,
        "pre_date": null,
        "post_scene_id": null,
        "post_date": null,
        "pre_local_cloud": null,
        "post_local_cloud": null,
        "manual_validation": null,
        "manual_notes": null,
        "event_mask_metadata": null,
        "local_raster_paths": null
      },
      "geometry": {
        "type": "Point",
        "coordinates": [
          60.514999956487294,
          57.19500066237216
        ]
      }
    },
    {
      "type": "Feature",
      "properties": {
        "sample_id": "548eae1ac5f57b33f7c91f6de5b5e315e549356c",
        "source_file": "training_2001_2025_v1_3.csv",
        "source_id": "9292",
        "lat": 52.5749996603074,
        "lon": 122.34499997147066,
        "driver": "Logging",
        "confidence": "Medium",
        "source_event_year": null,
        "event_year": null,
        "total_loss_area_ha": null,
        "dominant_loss_area_ha": null,
        "dominant_year_share": null,
        "sample_status": null,
        "pre_scene_id": null,
        "pre_date": null,
        "post_scene_id": null,
        "post_date": null,
        "pre_local_cloud": null,
        "post_local_cloud": null,
        "manual_validation": null,
        "manual_notes": null,
        "event_mask_metadata": null,
        "local_raster_paths": null
      },
      "geometry": {
        "type": "Point",
        "coordinates": [
          122.34499997147066,
          52.5749996603074
        ]
      }
    },
    {
      "type": "Feature",
      "properties": {
        "sample_id": "9d62cb1a29e04c88b77f6815d42c650aab6e69b0",
        "source_file": "training_2001_2025_v1_3.csv",
        "source_id": "9293",
        "lat": 58.18499912645557,
        "lon": 102.7949988474852,
        "driver": "Logging",
        "confidence": "High",
        "source_event_year": null,
        "event_year": null,
        "total_loss_area_ha": null,
        "dominant_loss_area_ha": null,
        "dominant_year_share": null,
        "sample_status": null,
        "pre_scene_id": null,
        "pre_date": null,
        "post_scene_id": null,
        "post_date": null,
        "pre_local_cloud": null,
        "post_local_cloud": null,
        "manual_validation": null,
        "manual_notes": null,
        "event_mask_metadata": null,
        "local_raster_paths": null
      },
      "geometry": {
        "type": "Point",
        "coordinates": [
          102.7949988474852,
          58.18499912645557
        ]
      }
    },
    {
      "type": "Feature",
      "properties": {
        "sample_id": "2e602816c95a0e1e77297a4d57eefa947107b43f",
        "source_file": "training_2001_2025_v1_3.csv",
        "source_id": "9302",
        "lat": 51.65500020317528,
        "lon": 124.19500070447523,
        "driver": "Logging",
        "confidence": "Medium",
        "source_event_year": null,
        "event_year": null,
        "total_loss_area_ha": null,
        "dominant_loss_area_ha": null,
        "dominant_year_share": null,
        "sample_status": null,
        "pre_scene_id": null,
        "pre_date": null,
        "post_scene_id": null,
        "post_date": null,
        "pre_local_cloud": null,
        "post_local_cloud": null,
        "manual_validation": null,
        "manual_notes": null,
        "event_mask_metadata": null,
        "local_raster_paths": null
      },
      "geometry": {
        "type": "Point",
        "coordinates": [
          124.19500070447523,
          51.65500020317528
        ]
      }
    },
    {
      "type": "Feature",
      "properties": {
        "sample_id": "d98394b67cab3e49f7edefbc03036b0cb7dfb526",
        "source_file": "training_2001_2025_v1_3.csv",
        "source_id": "9303",
        "lat": 52.165000930382014,
        "lon": 138.05499929821158,
        "driver": "Logging",
        "confidence": "High",
        "source_event_year": null,
        "event_year": null,
        "total_loss_area_ha": null,
        "dominant_loss_area_ha": null,
        "dominant_year_share": null,
        "sample_status": null,
        "pre_scene_id": null,
        "pre_date": null,
        "post_scene_id": null,
        "post_date": null,
        "pre_local_cloud": null,
        "post_local_cloud": null,
        "manual_validation": null,
        "manual_notes": null,
        "event_mask_metadata": null,
        "local_raster_paths": null
      },
      "geometry": {
        "type": "Point",
        "coordinates": [
          138.05499929821158,
          52.165000930382014
        ]
      }
    },
    {
      "type": "Feature",
      "properties": {
        "sample_id": "cc9f44f48c85643a4d9cfc546e0accc08d9562b7",
        "source_file": "training_2001_2025_v1_3.csv",
        "source_id": "9304",
        "lat": 61.994999952891646,
        "lon": 63.024998938254996,
        "driver": "Logging",
        "confidence": "High",
        "source_event_year": null,
        "event_year": null,
        "total_loss_area_ha": null,
        "dominant_loss_area_ha": null,
        "dominant_year_share": null,
        "sample_status": null,
        "pre_scene_id": null,
        "pre_date": null,
        "post_scene_id": null,
        "post_date": null,
        "pre_local_cloud": null,
        "post_local_cloud": null,
        "manual_validation": null,
        "manual_notes": null,
        "event_mask_metadata": null,
        "local_raster_paths": null
      },
      "geometry": {
        "type": "Point",
        "coordinates": [
          63.024998938254996,
          61.994999952891646
        ]
      }
    },
    {
      "type": "Feature",
      "properties": {
        "sample_id": "9ee818e3163c9e833bb704f32838cf6a0c9212a1",
        "source_file": "training_2001_2025_v1_3.csv",
        "source_id": "9305",
        "lat": 51.21500061994277,
        "lon": 107.22499983968808,
        "driver": "Logging",
        "confidence": "High",
        "source_event_year": null,
        "event_year": null,
        "total_loss_area_ha": null,
        "dominant_loss_area_ha": null,
        "dominant_year_share": null,
        "sample_status": null,
        "pre_scene_id": null,
        "pre_date": null,
        "post_scene_id": null,
        "post_date": null,
        "pre_local_cloud": null,
        "post_local_cloud": null,
        "manual_validation": null,
        "manual_notes": null,
        "event_mask_metadata": null,
        "local_raster_paths": null
      },
      "geometry": {
        "type": "Point",
        "coordinates": [
          107.22499983968808,
          51.21500061994277
        ]
      }
    },
    {
      "type": "Feature",
      "properties": {
        "sample_id": "468db2e4b7d79b9e4de281c5738880108b5b3568",
        "source_file": "training_2001_2025_v1_3.csv",
        "source_id": "9324",
        "lat": 61.66499970367543,
        "lon": 31.724998975258032,
        "driver": "Logging",
        "confidence": "High",
        "source_event_year": null,
        "event_year": null,
        "total_loss_area_ha": null,
        "dominant_loss_area_ha": null,
        "dominant_year_share": null,
        "sample_status": null,
        "pre_scene_id": null,
        "pre_date": null,
        "post_scene_id": null,
        "post_date": null,
        "pre_local_cloud": null,
        "post_local_cloud": null,
        "manual_validation": null,
        "manual_notes": null,
        "event_mask_metadata": null,
        "local_raster_paths": null
      },
      "geometry": {
        "type": "Point",
        "coordinates": [
          31.724998975258032,
          61.66499970367543
        ]
      }
    },
    {
      "type": "Feature",
      "properties": {
        "sample_id": "755881974c3c44adb17c792ebdcb8bd73935ea66",
        "source_file": "training_2001_2025_v1_3.csv",
        "source_id": "9330",
        "lat": 59.22499968912623,
        "lon": 46.75500111452072,
        "driver": "Logging",
        "confidence": "High",
        "source_event_year": null,
        "event_year": null,
        "total_loss_area_ha": null,
        "dominant_loss_area_ha": null,
        "dominant_year_share": null,
        "sample_status": null,
        "pre_scene_id": null,
        "pre_date": null,
        "post_scene_id": null,
        "post_date": null,
        "pre_local_cloud": null,
        "post_local_cloud": null,
        "manual_validation": null,
        "manual_notes": null,
        "event_mask_metadata": null,
        "local_raster_paths": null
      },
      "geometry": {
        "type": "Point",
        "coordinates": [
          46.75500111452072,
          59.22499968912623
        ]
      }
    },
    {
      "type": "Feature",
      "properties": {
        "sample_id": "c48529f4c36bf755324d845e1843e02f19480e3e",
        "source_file": "training_2001_2025_v1_3.csv",
        "source_id": "9331",
        "lat": 56.12499926091893,
        "lon": 65.35499960698989,
        "driver": "Logging",
        "confidence": "Low",
        "source_event_year": null,
        "event_year": null,
        "total_loss_area_ha": null,
        "dominant_loss_area_ha": null,
        "dominant_year_share": null,
        "sample_status": null,
        "pre_scene_id": null,
        "pre_date": null,
        "post_scene_id": null,
        "post_date": null,
        "pre_local_cloud": null,
        "post_local_cloud": null,
        "manual_validation": null,
        "manual_notes": null,
        "event_mask_metadata": null,
        "local_raster_paths": null
      },
      "geometry": {
        "type": "Point",
        "coordinates": [
          65.35499960698989,
          56.12499926091893
        ]
      }
    },
    {
      "type": "Feature",
      "properties": {
        "sample_id": "63098d6479c59bc052118f5784f7fcf70604bdc3",
        "source_file": "training_2001_2025_v1_3.csv",
        "source_id": "9332",
        "lat": 55.815000312128674,
        "lon": 104.28500077507904,
        "driver": "Logging",
        "confidence": "High",
        "source_event_year": null,
        "event_year": null,
        "total_loss_area_ha": null,
        "dominant_loss_area_ha": null,
        "dominant_year_share": null,
        "sample_status": null,
        "pre_scene_id": null,
        "pre_date": null,
        "post_scene_id": null,
        "post_date": null,
        "pre_local_cloud": null,
        "post_local_cloud": null,
        "manual_validation": null,
        "manual_notes": null,
        "event_mask_metadata": null,
        "local_raster_paths": null
      },
      "geometry": {
        "type": "Point",
        "coordinates": [
          104.28500077507904,
          55.815000312128674
        ]
      }
    },
    {
      "type": "Feature",
      "properties": {
        "sample_id": "b825d017943ad6e40af23b401b2501dd303d209a",
        "source_file": "training_2001_2025_v1_3.csv",
        "source_id": "9334",
        "lat": 65.28500044164616,
        "lon": 43.504998722755275,
        "driver": "Logging",
        "confidence": "High",
        "source_event_year": null,
        "event_year": null,
        "total_loss_area_ha": null,
        "dominant_loss_area_ha": null,
        "dominant_year_share": null,
        "sample_status": null,
        "pre_scene_id": null,
        "pre_date": null,
        "post_scene_id": null,
        "post_date": null,
        "pre_local_cloud": null,
        "post_local_cloud": null,
        "manual_validation": null,
        "manual_notes": null,
        "event_mask_metadata": null,
        "local_raster_paths": null
      },
      "geometry": {
        "type": "Point",
        "coordinates": [
          43.504998722755275,
          65.28500044164616
        ]
      }
    },
    {
      "type": "Feature",
      "properties": {
        "sample_id": "9a6c2fb739bfa06035a714790727a3f91f541153",
        "source_file": "training_2001_2025_v1_3.csv",
        "source_id": "9337",
        "lat": 54.9050003371917,
        "lon": 43.525000023999226,
        "driver": "Logging",
        "confidence": "High",
        "source_event_year": null,
        "event_year": null,
        "total_loss_area_ha": null,
        "dominant_loss_area_ha": null,
        "dominant_year_share": null,
        "sample_status": null,
        "pre_scene_id": null,
        "pre_date": null,
        "post_scene_id": null,
        "post_date": null,
        "pre_local_cloud": null,
        "post_local_cloud": null,
        "manual_validation": null,
        "manual_notes": null,
        "event_mask_metadata": null,
        "local_raster_paths": null
      },
      "geometry": {
        "type": "Point",
        "coordinates": [
          43.525000023999226,
          54.9050003371917
        ]
      }
    },
    {
      "type": "Feature",
      "properties": {
        "sample_id": "9e921a48ab14422dc80584d9e6a1a9464db6cc48",
        "source_file": "training_2001_2025_v1_3.csv",
        "source_id": "9338",
        "lat": 52.3049988867411,
        "lon": 108.80499981636314,
        "driver": "Logging",
        "confidence": "High",
        "source_event_year": null,
        "event_year": null,
        "total_loss_area_ha": null,
        "dominant_loss_area_ha": null,
        "dominant_year_share": null,
        "sample_status": null,
        "pre_scene_id": null,
        "pre_date": null,
        "post_scene_id": null,
        "post_date": null,
        "pre_local_cloud": null,
        "post_local_cloud": null,
        "manual_validation": null,
        "manual_notes": null,
        "event_mask_metadata": null,
        "local_raster_paths": null
      },
      "geometry": {
        "type": "Point",
        "coordinates": [
          108.80499981636314,
          52.3049988867411
        ]
      }
    },
    {
      "type": "Feature",
      "properties": {
        "sample_id": "9a2d0d8d9cab91bf8325966f233d351f84279ed7",
        "source_file": "training_2001_2025_v1_3.csv",
        "source_id": "9339",
        "lat": 63.204999286112795,
        "lon": 33.03500047802643,
        "driver": "Logging",
        "confidence": "High",
        "source_event_year": null,
        "event_year": null,
        "total_loss_area_ha": null,
        "dominant_loss_area_ha": null,
        "dominant_year_share": null,
        "sample_status": null,
        "pre_scene_id": null,
        "pre_date": null,
        "post_scene_id": null,
        "post_date": null,
        "pre_local_cloud": null,
        "post_local_cloud": null,
        "manual_validation": null,
        "manual_notes": null,
        "event_mask_metadata": null,
        "local_raster_paths": null
      },
      "geometry": {
        "type": "Point",
        "coordinates": [
          33.03500047802643,
          63.204999286112795
        ]
      }
    },
    {
      "type": "Feature",
      "properties": {
        "sample_id": "978afdff0963706f91abd0ef87bb95ca2362bdb7",
        "source_file": "training_2001_2025_v1_3.csv",
        "source_id": "9340",
        "lat": 57.53500040993778,
        "lon": 34.73499926585427,
        "driver": "Logging",
        "confidence": "High",
        "source_event_year": null,
        "event_year": null,
        "total_loss_area_ha": null,
        "dominant_loss_area_ha": null,
        "dominant_year_share": null,
        "sample_status": null,
        "pre_scene_id": null,
        "pre_date": null,
        "post_scene_id": null,
        "post_date": null,
        "pre_local_cloud": null,
        "post_local_cloud": null,
        "manual_validation": null,
        "manual_notes": null,
        "event_mask_metadata": null,
        "local_raster_paths": null
      },
      "geometry": {
        "type": "Point",
        "coordinates": [
          34.73499926585427,
          57.53500040993778
        ]
      }
    },
    {
      "type": "Feature",
      "properties": {
        "sample_id": "503fb914bfc9a6ad6a26886689e85261a329e599",
        "source_file": "training_2001_2025_v1_3.csv",
        "source_id": "9361",
        "lat": 55.83499936653111,
        "lon": 103.65499889775262,
        "driver": "Logging",
        "confidence": "High",
        "source_event_year": null,
        "event_year": null,
        "total_loss_area_ha": null,
        "dominant_loss_area_ha": null,
        "dominant_year_share": null,
        "sample_status": null,
        "pre_scene_id": null,
        "pre_date": null,
        "post_scene_id": null,
        "post_date": null,
        "pre_local_cloud": null,
        "post_local_cloud": null,
        "manual_validation": null,
        "manual_notes": null,
        "event_mask_metadata": null,
        "local_raster_paths": null
      },
      "geometry": {
        "type": "Point",
        "coordinates": [
          103.65499889775262,
          55.83499936653111
        ]
      }
    },
    {
      "type": "Feature",
      "properties": {
        "sample_id": "bd570224d292a029703f4dab5ca02d45b19a3f3a",
        "source_file": "training_2001_2025_v1_3.csv",
        "source_id": "9379",
        "lat": 53.78499904495912,
        "lon": 46.19500044612811,
        "driver": "Logging",
        "confidence": "High",
        "source_event_year": null,
        "event_year": null,
        "total_loss_area_ha": null,
        "dominant_loss_area_ha": null,
        "dominant_year_share": null,
        "sample_status": null,
        "pre_scene_id": null,
        "pre_date": null,
        "post_scene_id": null,
        "post_date": null,
        "pre_local_cloud": null,
        "post_local_cloud": null,
        "manual_validation": null,
        "manual_notes": null,
        "event_mask_metadata": null,
        "local_raster_paths": null
      },
      "geometry": {
        "type": "Point",
        "coordinates": [
          46.19500044612811,
          53.78499904495912
        ]
      }
    },
    {
      "type": "Feature",
      "properties": {
        "sample_id": "ed65f63b3b96e77d69905ccd071188a797b3b601",
        "source_file": "training_2001_2025_v1_3.csv",
        "source_id": "9380",
        "lat": 61.27500004333263,
        "lon": 37.264999532448904,
        "driver": "Logging",
        "confidence": "High",
        "source_event_year": null,
        "event_year": null,
        "total_loss_area_ha": null,
        "dominant_loss_area_ha": null,
        "dominant_year_share": null,
        "sample_status": null,
        "pre_scene_id": null,
        "pre_date": null,
        "post_scene_id": null,
        "post_date": null,
        "pre_local_cloud": null,
        "post_local_cloud": null,
        "manual_validation": null,
        "manual_notes": null,
        "event_mask_metadata": null,
        "local_raster_paths": null
      },
      "geometry": {
        "type": "Point",
        "coordinates": [
          37.264999532448904,
          61.27500004333263
        ]
      }
    },
    {
      "type": "Feature",
      "properties": {
        "sample_id": "e3102a596a34ba2012cef2e1646e9880b27c48f9",
        "source_file": "training_2001_2025_v1_3.csv",
        "source_id": "9382",
        "lat": 52.42499997928686,
        "lon": 104.71500085687867,
        "driver": "Logging",
        "confidence": "Low",
        "source_event_year": null,
        "event_year": null,
        "total_loss_area_ha": null,
        "dominant_loss_area_ha": null,
        "dominant_year_share": null,
        "sample_status": null,
        "pre_scene_id": null,
        "pre_date": null,
        "post_scene_id": null,
        "post_date": null,
        "pre_local_cloud": null,
        "post_local_cloud": null,
        "manual_validation": null,
        "manual_notes": null,
        "event_mask_metadata": null,
        "local_raster_paths": null
      },
      "geometry": {
        "type": "Point",
        "coordinates": [
          104.71500085687867,
          52.42499997928686
        ]
      }
    },
    {
      "type": "Feature",
      "properties": {
        "sample_id": "fc97b4b48524ed98b833da03c9b861b002c83629",
        "source_file": "training_2001_2025_v1_3.csv",
        "source_id": "9383",
        "lat": 55.38500027789819,
        "lon": 98.72499897048796,
        "driver": "Logging",
        "confidence": "High",
        "source_event_year": null,
        "event_year": null,
        "total_loss_area_ha": null,
        "dominant_loss_area_ha": null,
        "dominant_year_share": null,
        "sample_status": null,
        "pre_scene_id": null,
        "pre_date": null,
        "post_scene_id": null,
        "post_date": null,
        "pre_local_cloud": null,
        "post_local_cloud": null,
        "manual_validation": null,
        "manual_notes": null,
        "event_mask_metadata": null,
        "local_raster_paths": null
      },
      "geometry": {
        "type": "Point",
        "coordinates": [
          98.72499897048796,
          55.38500027789819
        ]
      }
    },
    {
      "type": "Feature",
      "properties": {
        "sample_id": "f99bba795be7f633fceba57e68afd4e5f1fe5ee9",
        "source_file": "training_2001_2025_v1_3.csv",
        "source_id": "9384",
        "lat": 48.48500071845503,
        "lon": 137.47499960129323,
        "driver": "Logging",
        "confidence": "Medium",
        "source_event_year": null,
        "event_year": null,
        "total_loss_area_ha": null,
        "dominant_loss_area_ha": null,
        "dominant_year_share": null,
        "sample_status": null,
        "pre_scene_id": null,
        "pre_date": null,
        "post_scene_id": null,
        "post_date": null,
        "pre_local_cloud": null,
        "post_local_cloud": null,
        "manual_validation": null,
        "manual_notes": null,
        "event_mask_metadata": null,
        "local_raster_paths": null
      },
      "geometry": {
        "type": "Point",
        "coordinates": [
          137.47499960129323,
          48.48500071845503
        ]
      }
    },
    {
      "type": "Feature",
      "properties": {
        "sample_id": "09eeeacac1c270cb22e0f2b9ff6e36e8274aaca3",
        "source_file": "training_2001_2025_v1_3.csv",
        "source_id": "9385",
        "lat": 54.10499971667122,
        "lon": 124.654999336236,
        "driver": "Logging",
        "confidence": "Low",
        "source_event_year": null,
        "event_year": null,
        "total_loss_area_ha": null,
        "dominant_loss_area_ha": null,
        "dominant_year_share": null,
        "sample_status": null,
        "pre_scene_id": null,
        "pre_date": null,
        "post_scene_id": null,
        "post_date": null,
        "pre_local_cloud": null,
        "post_local_cloud": null,
        "manual_validation": null,
        "manual_notes": null,
        "event_mask_metadata": null,
        "local_raster_paths": null
      },
      "geometry": {
        "type": "Point",
        "coordinates": [
          124.654999336236,
          54.10499971667122
        ]
      }
    },
    {
      "type": "Feature",
      "properties": {
        "sample_id": "0b49a5519513086f4d453b24abf8962fc7cbba56",
        "source_file": "training_2001_2025_v1_3.csv",
        "source_id": "9389",
        "lat": 58.18499913018203,
        "lon": 100.35500107360828,
        "driver": "Logging",
        "confidence": "High",
        "source_event_year": null,
        "event_year": null,
        "total_loss_area_ha": null,
        "dominant_loss_area_ha": null,
        "dominant_year_share": null,
        "sample_status": null,
        "pre_scene_id": null,
        "pre_date": null,
        "post_scene_id": null,
        "post_date": null,
        "pre_local_cloud": null,
        "post_local_cloud": null,
        "manual_validation": null,
        "manual_notes": null,
        "event_mask_metadata": null,
        "local_raster_paths": null
      },
      "geometry": {
        "type": "Point",
        "coordinates": [
          100.35500107360828,
          58.18499913018203
        ]
      }
    },
    {
      "type": "Feature",
      "properties": {
        "sample_id": "c69ab40d62a8e6755888bbec15c53584cc6ab82b",
        "source_file": "training_2001_2025_v1_3.csv",
        "source_id": "9390",
        "lat": 48.804999193101445,
        "lon": 139.72499955875762,
        "driver": "Logging",
        "confidence": "High",
        "source_event_year": null,
        "event_year": null,
        "total_loss_area_ha": null,
        "dominant_loss_area_ha": null,
        "dominant_year_share": null,
        "sample_status": null,
        "pre_scene_id": null,
        "pre_date": null,
        "post_scene_id": null,
        "post_date": null,
        "pre_local_cloud": null,
        "post_local_cloud": null,
        "manual_validation": null,
        "manual_notes": null,
        "event_mask_metadata": null,
        "local_raster_paths": null
      },
      "geometry": {
        "type": "Point",
        "coordinates": [
          139.72499955875762,
          48.804999193101445
        ]
      }
    },
    {
      "type": "Feature",
      "properties": {
        "sample_id": "e4a6a87fe4ae3ad89aa4548c0668ae76dc14d012",
        "source_file": "training_2001_2025_v1_3.csv",
        "source_id": "9395",
        "lat": 59.26500007077558,
        "lon": 98.38499922422014,
        "driver": "Logging",
        "confidence": "High",
        "source_event_year": null,
        "event_year": null,
        "total_loss_area_ha": null,
        "dominant_loss_area_ha": null,
        "dominant_year_share": null,
        "sample_status": null,
        "pre_scene_id": null,
        "pre_date": null,
        "post_scene_id": null,
        "post_date": null,
        "pre_local_cloud": null,
        "post_local_cloud": null,
        "manual_validation": null,
        "manual_notes": null,
        "event_mask_metadata": null,
        "local_raster_paths": null
      },
      "geometry": {
        "type": "Point",
        "coordinates": [
          98.38499922422014,
          59.26500007077558
        ]
      }
    },
    {
      "type": "Feature",
      "properties": {
        "sample_id": "af5c4c5a9dc7a0dde1698666c1c6073a76d4f1b2",
        "source_file": "training_2001_2025_v1_3.csv",
        "source_id": "9398",
        "lat": 56.74499932437923,
        "lon": 101.55499865558936,
        "driver": "Logging",
        "confidence": "High",
        "source_event_year": null,
        "event_year": null,
        "total_loss_area_ha": null,
        "dominant_loss_area_ha": null,
        "dominant_year_share": null,
        "sample_status": null,
        "pre_scene_id": null,
        "pre_date": null,
        "post_scene_id": null,
        "post_date": null,
        "pre_local_cloud": null,
        "post_local_cloud": null,
        "manual_validation": null,
        "manual_notes": null,
        "event_mask_metadata": null,
        "local_raster_paths": null
      },
      "geometry": {
        "type": "Point",
        "coordinates": [
          101.55499865558936,
          56.74499932437923
        ]
      }
    },
    {
      "type": "Feature",
      "properties": {
        "sample_id": "fd816163b242734191f5f5c79b0534d987ed7493",
        "source_file": "training_2001_2025_v1_3.csv",
        "source_id": "9408",
        "lat": 53.594998962891985,
        "lon": 104.78499980463008,
        "driver": "Logging",
        "confidence": "High",
        "source_event_year": null,
        "event_year": null,
        "total_loss_area_ha": null,
        "dominant_loss_area_ha": null,
        "dominant_year_share": null,
        "sample_status": null,
        "pre_scene_id": null,
        "pre_date": null,
        "post_scene_id": null,
        "post_date": null,
        "pre_local_cloud": null,
        "post_local_cloud": null,
        "manual_validation": null,
        "manual_notes": null,
        "event_mask_metadata": null,
        "local_raster_paths": null
      },
      "geometry": {
        "type": "Point",
        "coordinates": [
          104.78499980463008,
          53.594998962891985
        ]
      }
    },
    {
      "type": "Feature",
      "properties": {
        "sample_id": "6c93671bd753418bf850dd6f73bfd03608603f80",
        "source_file": "training_2001_2025_v1_3.csv",
        "source_id": "9409",
        "lat": 50.61499960064597,
        "lon": 110.70500044215976,
        "driver": "Logging",
        "confidence": "High",
        "source_event_year": null,
        "event_year": null,
        "total_loss_area_ha": null,
        "dominant_loss_area_ha": null,
        "dominant_year_share": null,
        "sample_status": null,
        "pre_scene_id": null,
        "pre_date": null,
        "post_scene_id": null,
        "post_date": null,
        "pre_local_cloud": null,
        "post_local_cloud": null,
        "manual_validation": null,
        "manual_notes": null,
        "event_mask_metadata": null,
        "local_raster_paths": null
      },
      "geometry": {
        "type": "Point",
        "coordinates": [
          110.70500044215976,
          50.61499960064597
        ]
      }
    },
    {
      "type": "Feature",
      "properties": {
        "sample_id": "16bf6274af7fbb52b3123e313e1d2ebf3495e8a1",
        "source_file": "training_2001_2025_v1_3.csv",
        "source_id": "9410",
        "lat": 52.45499859073653,
        "lon": 109.97499880726389,
        "driver": "Logging",
        "confidence": "High",
        "source_event_year": null,
        "event_year": null,
        "total_loss_area_ha": null,
        "dominant_loss_area_ha": null,
        "dominant_year_share": null,
        "sample_status": null,
        "pre_scene_id": null,
        "pre_date": null,
        "post_scene_id": null,
        "post_date": null,
        "pre_local_cloud": null,
        "post_local_cloud": null,
        "manual_validation": null,
        "manual_notes": null,
        "event_mask_metadata": null,
        "local_raster_paths": null
      },
      "geometry": {
        "type": "Point",
        "coordinates": [
          109.97499880726389,
          52.45499859073653
        ]
      }
    },
    {
      "type": "Feature",
      "properties": {
        "sample_id": "cc3fbd201544c1b0a9f04e792ff17c2de7838718",
        "source_file": "training_2001_2025_v1_3.csv",
        "source_id": "9431",
        "lat": 52.874999080759906,
        "lon": 133.5649988903454,
        "driver": "Logging",
        "confidence": "High",
        "source_event_year": null,
        "event_year": null,
        "total_loss_area_ha": null,
        "dominant_loss_area_ha": null,
        "dominant_year_share": null,
        "sample_status": null,
        "pre_scene_id": null,
        "pre_date": null,
        "post_scene_id": null,
        "post_date": null,
        "pre_local_cloud": null,
        "post_local_cloud": null,
        "manual_validation": null,
        "manual_notes": null,
        "event_mask_metadata": null,
        "local_raster_paths": null
      },
      "geometry": {
        "type": "Point",
        "coordinates": [
          133.5649988903454,
          52.874999080759906
        ]
      }
    },
    {
      "type": "Feature",
      "properties": {
        "sample_id": "612c810113da662e4121337161cc3c60ae02f640",
        "source_file": "training_2001_2025_v1_3.csv",
        "source_id": "9432",
        "lat": 52.6749994807058,
        "lon": 122.58499992517038,
        "driver": "Logging",
        "confidence": "High",
        "source_event_year": null,
        "event_year": null,
        "total_loss_area_ha": null,
        "dominant_loss_area_ha": null,
        "dominant_year_share": null,
        "sample_status": null,
        "pre_scene_id": null,
        "pre_date": null,
        "post_scene_id": null,
        "post_date": null,
        "pre_local_cloud": null,
        "post_local_cloud": null,
        "manual_validation": null,
        "manual_notes": null,
        "event_mask_metadata": null,
        "local_raster_paths": null
      },
      "geometry": {
        "type": "Point",
        "coordinates": [
          122.58499992517038,
          52.6749994807058
        ]
      }
    },
    {
      "type": "Feature",
      "properties": {
        "sample_id": "c1fad63bc5a637aa860958f82b2a8022596f53f5",
        "source_file": "training_2001_2025_v1_3.csv",
        "source_id": "9457",
        "lat": 58.95499892581834,
        "lon": 51.444998930778375,
        "driver": "Logging",
        "confidence": "High",
        "source_event_year": null,
        "event_year": null,
        "total_loss_area_ha": null,
        "dominant_loss_area_ha": null,
        "dominant_year_share": null,
        "sample_status": null,
        "pre_scene_id": null,
        "pre_date": null,
        "post_scene_id": null,
        "post_date": null,
        "pre_local_cloud": null,
        "post_local_cloud": null,
        "manual_validation": null,
        "manual_notes": null,
        "event_mask_metadata": null,
        "local_raster_paths": null
      },
      "geometry": {
        "type": "Point",
        "coordinates": [
          51.444998930778375,
          58.95499892581834
        ]
      }
    },
    {
      "type": "Feature",
      "properties": {
        "sample_id": "de78c9423af32df7507551de60c04100fd254532",
        "source_file": "training_2001_2025_v1_3.csv",
        "source_id": "9460",
        "lat": 64.624997765662,
        "lon": 47.29500044954406,
        "driver": "Logging",
        "confidence": "High",
        "source_event_year": null,
        "event_year": null,
        "total_loss_area_ha": null,
        "dominant_loss_area_ha": null,
        "dominant_year_share": null,
        "sample_status": null,
        "pre_scene_id": null,
        "pre_date": null,
        "post_scene_id": null,
        "post_date": null,
        "pre_local_cloud": null,
        "post_local_cloud": null,
        "manual_validation": null,
        "manual_notes": null,
        "event_mask_metadata": null,
        "local_raster_paths": null
      },
      "geometry": {
        "type": "Point",
        "coordinates": [
          47.29500044954406,
          64.624997765662
        ]
      }
    },
    {
      "type": "Feature",
      "properties": {
        "sample_id": "ebadf99387c4ea4d1144ea979cb3dbe40f3d1b4f",
        "source_file": "training_2001_2025_v1_3.csv",
        "source_id": "9474",
        "lat": 60.334999242296355,
        "lon": 36.715000671693566,
        "driver": "Logging",
        "confidence": "High",
        "source_event_year": null,
        "event_year": null,
        "total_loss_area_ha": null,
        "dominant_loss_area_ha": null,
        "dominant_year_share": null,
        "sample_status": null,
        "pre_scene_id": null,
        "pre_date": null,
        "post_scene_id": null,
        "post_date": null,
        "pre_local_cloud": null,
        "post_local_cloud": null,
        "manual_validation": null,
        "manual_notes": null,
        "event_mask_metadata": null,
        "local_raster_paths": null
      },
      "geometry": {
        "type": "Point",
        "coordinates": [
          36.715000671693566,
          60.334999242296355
        ]
      }
    },
    {
      "type": "Feature",
      "properties": {
        "sample_id": "fdbfb1dec940754358e59396d9f6a6bc4ec78629",
        "source_file": "training_2001_2025_v1_3.csv",
        "source_id": "9481",
        "lat": 59.74500001047227,
        "lon": 53.434999767871815,
        "driver": "Logging",
        "confidence": "High",
        "source_event_year": null,
        "event_year": null,
        "total_loss_area_ha": null,
        "dominant_loss_area_ha": null,
        "dominant_year_share": null,
        "sample_status": null,
        "pre_scene_id": null,
        "pre_date": null,
        "post_scene_id": null,
        "post_date": null,
        "pre_local_cloud": null,
        "post_local_cloud": null,
        "manual_validation": null,
        "manual_notes": null,
        "event_mask_metadata": null,
        "local_raster_paths": null
      },
      "geometry": {
        "type": "Point",
        "coordinates": [
          53.434999767871815,
          59.74500001047227
        ]
      }
    },
    {
      "type": "Feature",
      "properties": {
        "sample_id": "1e9e55efd9aaf31d63fcbbe6f7410f7b3d833f90",
        "source_file": "training_2001_2025_v1_3.csv",
        "source_id": "9483",
        "lat": 60.07500022953444,
        "lon": 102.92499948650148,
        "driver": "Logging",
        "confidence": "High",
        "source_event_year": null,
        "event_year": null,
        "total_loss_area_ha": null,
        "dominant_loss_area_ha": null,
        "dominant_year_share": null,
        "sample_status": null,
        "pre_scene_id": null,
        "pre_date": null,
        "post_scene_id": null,
        "post_date": null,
        "pre_local_cloud": null,
        "post_local_cloud": null,
        "manual_validation": null,
        "manual_notes": null,
        "event_mask_metadata": null,
        "local_raster_paths": null
      },
      "geometry": {
        "type": "Point",
        "coordinates": [
          102.92499948650148,
          60.07500022953444
        ]
      }
    },
    {
      "type": "Feature",
      "properties": {
        "sample_id": "12efad8f18bb42fd28a7e793cac4c5de6b1a7094",
        "source_file": "training_2001_2025_v1_3.csv",
        "source_id": "9484",
        "lat": 59.524999115525034,
        "lon": 31.52499947270935,
        "driver": "Logging",
        "confidence": "High",
        "source_event_year": null,
        "event_year": null,
        "total_loss_area_ha": null,
        "dominant_loss_area_ha": null,
        "dominant_year_share": null,
        "sample_status": null,
        "pre_scene_id": null,
        "pre_date": null,
        "post_scene_id": null,
        "post_date": null,
        "pre_local_cloud": null,
        "post_local_cloud": null,
        "manual_validation": null,
        "manual_notes": null,
        "event_mask_metadata": null,
        "local_raster_paths": null
      },
      "geometry": {
        "type": "Point",
        "coordinates": [
          31.52499947270935,
          59.524999115525034
        ]
      }
    },
    {
      "type": "Feature",
      "properties": {
        "sample_id": "cda9d02409e5c77e008b788e98f3473129ed7dd9",
        "source_file": "training_2001_2025_v1_3.csv",
        "source_id": "9485",
        "lat": 59.23499924655865,
        "lon": 34.9050002400714,
        "driver": "Logging",
        "confidence": "High",
        "source_event_year": null,
        "event_year": null,
        "total_loss_area_ha": null,
        "dominant_loss_area_ha": null,
        "dominant_year_share": null,
        "sample_status": null,
        "pre_scene_id": null,
        "pre_date": null,
        "post_scene_id": null,
        "post_date": null,
        "pre_local_cloud": null,
        "post_local_cloud": null,
        "manual_validation": null,
        "manual_notes": null,
        "event_mask_metadata": null,
        "local_raster_paths": null
      },
      "geometry": {
        "type": "Point",
        "coordinates": [
          34.9050002400714,
          59.23499924655865
        ]
      }
    },
    {
      "type": "Feature",
      "properties": {
        "sample_id": "631973435fa381f9470adce8d7430e8a45df96ef",
        "source_file": "training_2001_2025_v1_3.csv",
        "source_id": "9487",
        "lat": 59.20500065196178,
        "lon": 87.47499916789256,
        "driver": "Logging",
        "confidence": "High",
        "source_event_year": null,
        "event_year": null,
        "total_loss_area_ha": null,
        "dominant_loss_area_ha": null,
        "dominant_year_share": null,
        "sample_status": null,
        "pre_scene_id": null,
        "pre_date": null,
        "post_scene_id": null,
        "post_date": null,
        "pre_local_cloud": null,
        "post_local_cloud": null,
        "manual_validation": null,
        "manual_notes": null,
        "event_mask_metadata": null,
        "local_raster_paths": null
      },
      "geometry": {
        "type": "Point",
        "coordinates": [
          87.47499916789256,
          59.20500065196178
        ]
      }
    },
    {
      "type": "Feature",
      "properties": {
        "sample_id": "290e963ffad98f099dbaec7b4ec502150bd0a51a",
        "source_file": "training_2001_2025_v1_3.csv",
        "source_id": "9498",
        "lat": 56.46499901945117,
        "lon": 42.04499979744804,
        "driver": "Logging",
        "confidence": "High",
        "source_event_year": null,
        "event_year": null,
        "total_loss_area_ha": null,
        "dominant_loss_area_ha": null,
        "dominant_year_share": null,
        "sample_status": null,
        "pre_scene_id": null,
        "pre_date": null,
        "post_scene_id": null,
        "post_date": null,
        "pre_local_cloud": null,
        "post_local_cloud": null,
        "manual_validation": null,
        "manual_notes": null,
        "event_mask_metadata": null,
        "local_raster_paths": null
      },
      "geometry": {
        "type": "Point",
        "coordinates": [
          42.04499979744804,
          56.46499901945117
        ]
      }
    },
    {
      "type": "Feature",
      "properties": {
        "sample_id": "6f1521487f5832615b5673bdc3ca76eeb6543c44",
        "source_file": "training_2001_2025_v1_3.csv",
        "source_id": "9501",
        "lat": 56.9749997671429,
        "lon": 82.8350013040082,
        "driver": "Logging",
        "confidence": "High",
        "source_event_year": null,
        "event_year": null,
        "total_loss_area_ha": null,
        "dominant_loss_area_ha": null,
        "dominant_year_share": null,
        "sample_status": null,
        "pre_scene_id": null,
        "pre_date": null,
        "post_scene_id": null,
        "post_date": null,
        "pre_local_cloud": null,
        "post_local_cloud": null,
        "manual_validation": null,
        "manual_notes": null,
        "event_mask_metadata": null,
        "local_raster_paths": null
      },
      "geometry": {
        "type": "Point",
        "coordinates": [
          82.8350013040082,
          56.9749997671429
        ]
      }
    },
    {
      "type": "Feature",
      "properties": {
        "sample_id": "fc6d6c0878fbf12902445910f1d29bdda67c6482",
        "source_file": "training_2001_2025_v1_3.csv",
        "source_id": "9503",
        "lat": 55.05500006205458,
        "lon": 86.07499973748291,
        "driver": "Logging",
        "confidence": "High",
        "source_event_year": null,
        "event_year": null,
        "total_loss_area_ha": null,
        "dominant_loss_area_ha": null,
        "dominant_year_share": null,
        "sample_status": null,
        "pre_scene_id": null,
        "pre_date": null,
        "post_scene_id": null,
        "post_date": null,
        "pre_local_cloud": null,
        "post_local_cloud": null,
        "manual_validation": null,
        "manual_notes": null,
        "event_mask_metadata": null,
        "local_raster_paths": null
      },
      "geometry": {
        "type": "Point",
        "coordinates": [
          86.07499973748291,
          55.05500006205458
        ]
      }
    },
    {
      "type": "Feature",
      "properties": {
        "sample_id": "24bfaa5788620d70e3d00794e15a701059a6fb01",
        "source_file": "validation_2001_2022.geojson",
        "source_id": "3084",
        "lat": 67.9749999270286,
        "lon": 28.485000632812184,
        "driver": "Logging",
        "confidence": "Medium",
        "source_event_year": null,
        "event_year": null,
        "total_loss_area_ha": null,
        "dominant_loss_area_ha": null,
        "dominant_year_share": null,
        "sample_status": null,
        "pre_scene_id": null,
        "pre_date": null,
        "post_scene_id": null,
        "post_date": null,
        "pre_local_cloud": null,
        "post_local_cloud": null,
        "manual_validation": null,
        "manual_notes": null,
        "event_mask_metadata": null,
        "local_raster_paths": null
      },
      "geometry": {
        "type": "Point",
        "coordinates": [
          28.485000632812184,
          67.9749999270286
        ]
      }
    },
    {
      "type": "Feature",
      "properties": {
        "sample_id": "9f4621e318075653c3059cb23ea0ac1ad1dc0e02",
        "source_file": "validation_2001_2022.geojson",
        "source_id": "3252",
        "lat": 68.84499950787534,
        "lon": 28.095001004806058,
        "driver": "Logging",
        "confidence": "High",
        "source_event_year": null,
        "event_year": null,
        "total_loss_area_ha": null,
        "dominant_loss_area_ha": null,
        "dominant_year_share": null,
        "sample_status": null,
        "pre_scene_id": null,
        "pre_date": null,
        "post_scene_id": null,
        "post_date": null,
        "pre_local_cloud": null,
        "post_local_cloud": null,
        "manual_validation": null,
        "manual_notes": null,
        "event_mask_metadata": null,
        "local_raster_paths": null
      },
      "geometry": {
        "type": "Point",
        "coordinates": [
          28.095001004806058,
          68.84499950787534
        ]
      }
    },
    {
      "type": "Feature",
      "properties": {
        "sample_id": "f29d058d6ece793b9e670d9920e7a32784ad755b",
        "source_file": "validation_2001_2022.geojson",
        "source_id": "3392",
        "lat": 69.3849988332587,
        "lon": 29.474999040309545,
        "driver": "Logging",
        "confidence": "Low",
        "source_event_year": null,
        "event_year": null,
        "total_loss_area_ha": null,
        "dominant_loss_area_ha": null,
        "dominant_year_share": null,
        "sample_status": null,
        "pre_scene_id": null,
        "pre_date": null,
        "post_scene_id": null,
        "post_date": null,
        "pre_local_cloud": null,
        "post_local_cloud": null,
        "manual_validation": null,
        "manual_notes": null,
        "event_mask_metadata": null,
        "local_raster_paths": null
      },
      "geometry": {
        "type": "Point",
        "coordinates": [
          29.474999040309545,
          69.3849988332587
        ]
      }
    },
    {
      "type": "Feature",
      "properties": {
        "sample_id": "367b32fbe9069f84d625766510fab4f332851bed",
        "source_file": "validation_2001_2022.geojson",
        "source_id": "8005",
        "lat": 58.89499949595226,
        "lon": 47.65499931683456,
        "driver": "Logging",
        "confidence": "High",
        "source_event_year": null,
        "event_year": null,
        "total_loss_area_ha": null,
        "dominant_loss_area_ha": null,
        "dominant_year_share": null,
        "sample_status": null,
        "pre_scene_id": null,
        "pre_date": null,
        "post_scene_id": null,
        "post_date": null,
        "pre_local_cloud": null,
        "post_local_cloud": null,
        "manual_validation": null,
        "manual_notes": null,
        "event_mask_metadata": null,
        "local_raster_paths": null
      },
      "geometry": {
        "type": "Point",
        "coordinates": [
          47.65499931683456,
          58.89499949595226
        ]
      }
    },
    {
      "type": "Feature",
      "properties": {
        "sample_id": "ee2949194fd94fb03d8c36dbf671c71c3a90b3b9",
        "source_file": "validation_2001_2022.geojson",
        "source_id": "8019",
        "lat": 53.8550002058566,
        "lon": 54.63499967662924,
        "driver": "Logging",
        "confidence": "Medium",
        "source_event_year": null,
        "event_year": null,
        "total_loss_area_ha": null,
        "dominant_loss_area_ha": null,
        "dominant_year_share": null,
        "sample_status": null,
        "pre_scene_id": null,
        "pre_date": null,
        "post_scene_id": null,
        "post_date": null,
        "pre_local_cloud": null,
        "post_local_cloud": null,
        "manual_validation": null,
        "manual_notes": null,
        "event_mask_metadata": null,
        "local_raster_paths": null
      },
      "geometry": {
        "type": "Point",
        "coordinates": [
          54.63499967662924,
          53.8550002058566
        ]
      }
    },
    {
      "type": "Feature",
      "properties": {
        "sample_id": "ed619b2678c2008d7bbc2798c365cfc5ba2580a4",
        "source_file": "validation_2001_2022.geojson",
        "source_id": "8040",
        "lat": 54.275000727293424,
        "lon": 53.24499975558231,
        "driver": "Logging",
        "confidence": "Medium",
        "source_event_year": null,
        "event_year": null,
        "total_loss_area_ha": null,
        "dominant_loss_area_ha": null,
        "dominant_year_share": null,
        "sample_status": null,
        "pre_scene_id": null,
        "pre_date": null,
        "post_scene_id": null,
        "post_date": null,
        "pre_local_cloud": null,
        "post_local_cloud": null,
        "manual_validation": null,
        "manual_notes": null,
        "event_mask_metadata": null,
        "local_raster_paths": null
      },
      "geometry": {
        "type": "Point",
        "coordinates": [
          53.24499975558231,
          54.275000727293424
        ]
      }
    },
    {
      "type": "Feature",
      "properties": {
        "sample_id": "d4ab81a20336b0898df6f70c84a1f69cd1766a6a",
        "source_file": "validation_2001_2022.geojson",
        "source_id": "8043",
        "lat": 64.3449996391074,
        "lon": 32.10499915728377,
        "driver": "Logging",
        "confidence": "High",
        "source_event_year": null,
        "event_year": null,
        "total_loss_area_ha": null,
        "dominant_loss_area_ha": null,
        "dominant_year_share": null,
        "sample_status": null,
        "pre_scene_id": null,
        "pre_date": null,
        "post_scene_id": null,
        "post_date": null,
        "pre_local_cloud": null,
        "post_local_cloud": null,
        "manual_validation": null,
        "manual_notes": null,
        "event_mask_metadata": null,
        "local_raster_paths": null
      },
      "geometry": {
        "type": "Point",
        "coordinates": [
          32.10499915728377,
          64.3449996391074
        ]
      }
    },
    {
      "type": "Feature",
      "properties": {
        "sample_id": "23e1127d62884f4d72f1af80a17a254458f380e0",
        "source_file": "validation_2001_2022.geojson",
        "source_id": "8049",
        "lat": 57.49500006543481,
        "lon": 72.30499913630075,
        "driver": "Logging",
        "confidence": "High",
        "source_event_year": null,
        "event_year": null,
        "total_loss_area_ha": null,
        "dominant_loss_area_ha": null,
        "dominant_year_share": null,
        "sample_status": null,
        "pre_scene_id": null,
        "pre_date": null,
        "post_scene_id": null,
        "post_date": null,
        "pre_local_cloud": null,
        "post_local_cloud": null,
        "manual_validation": null,
        "manual_notes": null,
        "event_mask_metadata": null,
        "local_raster_paths": null
      },
      "geometry": {
        "type": "Point",
        "coordinates": [
          72.30499913630075,
          57.49500006543481
        ]
      }
    },
    {
      "type": "Feature",
      "properties": {
        "sample_id": "24439c15b16544bc33c5223eb914be0aa6482a94",
        "source_file": "validation_2001_2022.geojson",
        "source_id": "8056",
        "lat": 50.274999816365934,
        "lon": 121.34499970865124,
        "driver": "Logging",
        "confidence": "Medium",
        "source_event_year": null,
        "event_year": null,
        "total_loss_area_ha": null,
        "dominant_loss_area_ha": null,
        "dominant_year_share": null,
        "sample_status": null,
        "pre_scene_id": null,
        "pre_date": null,
        "post_scene_id": null,
        "post_date": null,
        "pre_local_cloud": null,
        "post_local_cloud": null,
        "manual_validation": null,
        "manual_notes": null,
        "event_mask_metadata": null,
        "local_raster_paths": null
      },
      "geometry": {
        "type": "Point",
        "coordinates": [
          121.34499970865124,
          50.274999816365934
        ]
      }
    },
    {
      "type": "Feature",
      "properties": {
        "sample_id": "d666bbe5347e6b1a66b28aa64a0a451ad3992a00",
        "source_file": "validation_2001_2022.geojson",
        "source_id": "8145",
        "lat": 61.83500072474719,
        "lon": 57.79499957653242,
        "driver": "Logging",
        "confidence": "Low",
        "source_event_year": null,
        "event_year": null,
        "total_loss_area_ha": null,
        "dominant_loss_area_ha": null,
        "dominant_year_share": null,
        "sample_status": null,
        "pre_scene_id": null,
        "pre_date": null,
        "post_scene_id": null,
        "post_date": null,
        "pre_local_cloud": null,
        "post_local_cloud": null,
        "manual_validation": null,
        "manual_notes": null,
        "event_mask_metadata": null,
        "local_raster_paths": null
      },
      "geometry": {
        "type": "Point",
        "coordinates": [
          57.79499957653242,
          61.83500072474719
        ]
      }
    },
    {
      "type": "Feature",
      "properties": {
        "sample_id": "e320d493cb4e708833fd690eb0446e3dd509e590",
        "source_file": "validation_2001_2022.geojson",
        "source_id": "8146",
        "lat": 61.59500074045502,
        "lon": 34.404999111783134,
        "driver": "Logging",
        "confidence": "High",
        "source_event_year": null,
        "event_year": null,
        "total_loss_area_ha": null,
        "dominant_loss_area_ha": null,
        "dominant_year_share": null,
        "sample_status": null,
        "pre_scene_id": null,
        "pre_date": null,
        "post_scene_id": null,
        "post_date": null,
        "pre_local_cloud": null,
        "post_local_cloud": null,
        "manual_validation": null,
        "manual_notes": null,
        "event_mask_metadata": null,
        "local_raster_paths": null
      },
      "geometry": {
        "type": "Point",
        "coordinates": [
          34.404999111783134,
          61.59500074045502
        ]
      }
    },
    {
      "type": "Feature",
      "properties": {
        "sample_id": "3bf38f91472bef021ff29a3a4a38d269a10d29d8",
        "source_file": "validation_2001_2022.geojson",
        "source_id": "8147",
        "lat": 59.39500069262997,
        "lon": 101.05499966052923,
        "driver": "Logging",
        "confidence": "High",
        "source_event_year": null,
        "event_year": null,
        "total_loss_area_ha": null,
        "dominant_loss_area_ha": null,
        "dominant_year_share": null,
        "sample_status": null,
        "pre_scene_id": null,
        "pre_date": null,
        "post_scene_id": null,
        "post_date": null,
        "pre_local_cloud": null,
        "post_local_cloud": null,
        "manual_validation": null,
        "manual_notes": null,
        "event_mask_metadata": null,
        "local_raster_paths": null
      },
      "geometry": {
        "type": "Point",
        "coordinates": [
          101.05499966052923,
          59.39500069262997
        ]
      }
    },
    {
      "type": "Feature",
      "properties": {
        "sample_id": "646b282089c7d90d4571f29bc1293f9f844194f4",
        "source_file": "validation_2001_2022.geojson",
        "source_id": "8148",
        "lat": 57.41499932347348,
        "lon": 52.95499989647108,
        "driver": "Logging",
        "confidence": "High",
        "source_event_year": null,
        "event_year": null,
        "total_loss_area_ha": null,
        "dominant_loss_area_ha": null,
        "dominant_year_share": null,
        "sample_status": null,
        "pre_scene_id": null,
        "pre_date": null,
        "post_scene_id": null,
        "post_date": null,
        "pre_local_cloud": null,
        "post_local_cloud": null,
        "manual_validation": null,
        "manual_notes": null,
        "event_mask_metadata": null,
        "local_raster_paths": null
      },
      "geometry": {
        "type": "Point",
        "coordinates": [
          52.95499989647108,
          57.41499932347348
        ]
      }
    },
    {
      "type": "Feature",
      "properties": {
        "sample_id": "1f10d6642ca91230c5096512d3e8dca2fd02d62a",
        "source_file": "validation_2001_2022.geojson",
        "source_id": "8149",
        "lat": 53.064999167547896,
        "lon": 104.60499923883472,
        "driver": "Logging",
        "confidence": "High",
        "source_event_year": null,
        "event_year": null,
        "total_loss_area_ha": null,
        "dominant_loss_area_ha": null,
        "dominant_year_share": null,
        "sample_status": null,
        "pre_scene_id": null,
        "pre_date": null,
        "post_scene_id": null,
        "post_date": null,
        "pre_local_cloud": null,
        "post_local_cloud": null,
        "manual_validation": null,
        "manual_notes": null,
        "event_mask_metadata": null,
        "local_raster_paths": null
      },
      "geometry": {
        "type": "Point",
        "coordinates": [
          104.60499923883472,
          53.064999167547896
        ]
      }
    },
    {
      "type": "Feature",
      "properties": {
        "sample_id": "e488d1363478bd188fe060d39e1fcc322a40961b",
        "source_file": "validation_2001_2022.geojson",
        "source_id": "8153",
        "lat": 58.445000359519895,
        "lon": 100.94500033101552,
        "driver": "Logging",
        "confidence": "High",
        "source_event_year": null,
        "event_year": null,
        "total_loss_area_ha": null,
        "dominant_loss_area_ha": null,
        "dominant_year_share": null,
        "sample_status": null,
        "pre_scene_id": null,
        "pre_date": null,
        "post_scene_id": null,
        "post_date": null,
        "pre_local_cloud": null,
        "post_local_cloud": null,
        "manual_validation": null,
        "manual_notes": null,
        "event_mask_metadata": null,
        "local_raster_paths": null
      },
      "geometry": {
        "type": "Point",
        "coordinates": [
          100.94500033101552,
          58.445000359519895
        ]
      }
    },
    {
      "type": "Feature",
      "properties": {
        "sample_id": "126577701f85f0d3cba9e94c4782d57da27f4378",
        "source_file": "validation_2001_2022.geojson",
        "source_id": "8155",
        "lat": 55.924999657801614,
        "lon": 99.86499934698917,
        "driver": "Logging",
        "confidence": "High",
        "source_event_year": null,
        "event_year": null,
        "total_loss_area_ha": null,
        "dominant_loss_area_ha": null,
        "dominant_year_share": null,
        "sample_status": null,
        "pre_scene_id": null,
        "pre_date": null,
        "post_scene_id": null,
        "post_date": null,
        "pre_local_cloud": null,
        "post_local_cloud": null,
        "manual_validation": null,
        "manual_notes": null,
        "event_mask_metadata": null,
        "local_raster_paths": null
      },
      "geometry": {
        "type": "Point",
        "coordinates": [
          99.86499934698917,
          55.924999657801614
        ]
      }
    },
    {
      "type": "Feature",
      "properties": {
        "sample_id": "8ff0f3c1336bcc18572b7fc11dd2023f25219631",
        "source_file": "validation_2001_2022.geojson",
        "source_id": "8156",
        "lat": 60.54500062130851,
        "lon": 74.91500017810675,
        "driver": "Logging",
        "confidence": "High",
        "source_event_year": null,
        "event_year": null,
        "total_loss_area_ha": null,
        "dominant_loss_area_ha": null,
        "dominant_year_share": null,
        "sample_status": null,
        "pre_scene_id": null,
        "pre_date": null,
        "post_scene_id": null,
        "post_date": null,
        "pre_local_cloud": null,
        "post_local_cloud": null,
        "manual_validation": null,
        "manual_notes": null,
        "event_mask_metadata": null,
        "local_raster_paths": null
      },
      "geometry": {
        "type": "Point",
        "coordinates": [
          74.91500017810675,
          60.54500062130851
        ]
      }
    },
    {
      "type": "Feature",
      "properties": {
        "sample_id": "2312e46bad8f2c9da4339770c0f8eee0b3dc8479",
        "source_file": "validation_2001_2022.geojson",
        "source_id": "8158",
        "lat": 63.59499891114948,
        "lon": 36.425000771620695,
        "driver": "Logging",
        "confidence": "High",
        "source_event_year": null,
        "event_year": null,
        "total_loss_area_ha": null,
        "dominant_loss_area_ha": null,
        "dominant_year_share": null,
        "sample_status": null,
        "pre_scene_id": null,
        "pre_date": null,
        "post_scene_id": null,
        "post_date": null,
        "pre_local_cloud": null,
        "post_local_cloud": null,
        "manual_validation": null,
        "manual_notes": null,
        "event_mask_metadata": null,
        "local_raster_paths": null
      },
      "geometry": {
        "type": "Point",
        "coordinates": [
          36.425000771620695,
          63.59499891114948
        ]
      }
    },
    {
      "type": "Feature",
      "properties": {
        "sample_id": "fddf007b9e9d7edebb0e84e6c97ed59211defa30",
        "source_file": "validation_2001_2022.geojson",
        "source_id": "8159",
        "lat": 59.01500059471348,
        "lon": 55.61500083391783,
        "driver": "Logging",
        "confidence": "High",
        "source_event_year": null,
        "event_year": null,
        "total_loss_area_ha": null,
        "dominant_loss_area_ha": null,
        "dominant_year_share": null,
        "sample_status": null,
        "pre_scene_id": null,
        "pre_date": null,
        "post_scene_id": null,
        "post_date": null,
        "pre_local_cloud": null,
        "post_local_cloud": null,
        "manual_validation": null,
        "manual_notes": null,
        "event_mask_metadata": null,
        "local_raster_paths": null
      },
      "geometry": {
        "type": "Point",
        "coordinates": [
          55.61500083391783,
          59.01500059471348
        ]
      }
    },
    {
      "type": "Feature",
      "properties": {
        "sample_id": "0000a473e1352b468ce2eb4d2211f6055c58ebe2",
        "source_file": "validation_2001_2022.geojson",
        "source_id": "8161",
        "lat": 47.725000487512006,
        "lon": 138.33499967065984,
        "driver": "Logging",
        "confidence": "High",
        "source_event_year": null,
        "event_year": null,
        "total_loss_area_ha": null,
        "dominant_loss_area_ha": null,
        "dominant_year_share": null,
        "sample_status": null,
        "pre_scene_id": null,
        "pre_date": null,
        "post_scene_id": null,
        "post_date": null,
        "pre_local_cloud": null,
        "post_local_cloud": null,
        "manual_validation": null,
        "manual_notes": null,
        "event_mask_metadata": null,
        "local_raster_paths": null
      },
      "geometry": {
        "type": "Point",
        "coordinates": [
          138.33499967065984,
          47.725000487512006
        ]
      }
    },
    {
      "type": "Feature",
      "properties": {
        "sample_id": "186e06cc8e3a8016e4fd15a19bc202e16b7048ee",
        "source_file": "validation_2001_2022.geojson",
        "source_id": "8163",
        "lat": 60.60500008926421,
        "lon": 45.95500050840117,
        "driver": "Logging",
        "confidence": "High",
        "source_event_year": null,
        "event_year": null,
        "total_loss_area_ha": null,
        "dominant_loss_area_ha": null,
        "dominant_year_share": null,
        "sample_status": null,
        "pre_scene_id": null,
        "pre_date": null,
        "post_scene_id": null,
        "post_date": null,
        "pre_local_cloud": null,
        "post_local_cloud": null,
        "manual_validation": null,
        "manual_notes": null,
        "event_mask_metadata": null,
        "local_raster_paths": null
      },
      "geometry": {
        "type": "Point",
        "coordinates": [
          45.95500050840117,
          60.60500008926421
        ]
      }
    },
    {
      "type": "Feature",
      "properties": {
        "sample_id": "a41222d0d9833bd7e4514e372a5f930d13060368",
        "source_file": "validation_2001_2022.geojson",
        "source_id": "8165",
        "lat": 58.09499884953895,
        "lon": 99.12500040883876,
        "driver": "Logging",
        "confidence": "High",
        "source_event_year": null,
        "event_year": null,
        "total_loss_area_ha": null,
        "dominant_loss_area_ha": null,
        "dominant_year_share": null,
        "sample_status": null,
        "pre_scene_id": null,
        "pre_date": null,
        "post_scene_id": null,
        "post_date": null,
        "pre_local_cloud": null,
        "post_local_cloud": null,
        "manual_validation": null,
        "manual_notes": null,
        "event_mask_metadata": null,
        "local_raster_paths": null
      },
      "geometry": {
        "type": "Point",
        "coordinates": [
          99.12500040883876,
          58.09499884953895
        ]
      }
    },
    {
      "type": "Feature",
      "properties": {
        "sample_id": "9d72e6495a2a55a6c820f028102a85f679bbb923",
        "source_file": "validation_2001_2022.geojson",
        "source_id": "8168",
        "lat": 58.32499926473588,
        "lon": 64.3850002433694,
        "driver": "Logging",
        "confidence": "High",
        "source_event_year": null,
        "event_year": null,
        "total_loss_area_ha": null,
        "dominant_loss_area_ha": null,
        "dominant_year_share": null,
        "sample_status": null,
        "pre_scene_id": null,
        "pre_date": null,
        "post_scene_id": null,
        "post_date": null,
        "pre_local_cloud": null,
        "post_local_cloud": null,
        "manual_validation": null,
        "manual_notes": null,
        "event_mask_metadata": null,
        "local_raster_paths": null
      },
      "geometry": {
        "type": "Point",
        "coordinates": [
          64.3850002433694,
          58.32499926473588
        ]
      }
    },
    {
      "type": "Feature",
      "properties": {
        "sample_id": "1c0f7fe0447a083619e550d1a965560fa0d76e41",
        "source_file": "validation_2001_2022.geojson",
        "source_id": "8170",
        "lat": 57.264999619788576,
        "lon": 44.15499963939656,
        "driver": "Logging",
        "confidence": "High",
        "source_event_year": null,
        "event_year": null,
        "total_loss_area_ha": null,
        "dominant_loss_area_ha": null,
        "dominant_year_share": null,
        "sample_status": null,
        "pre_scene_id": null,
        "pre_date": null,
        "post_scene_id": null,
        "post_date": null,
        "pre_local_cloud": null,
        "post_local_cloud": null,
        "manual_validation": null,
        "manual_notes": null,
        "event_mask_metadata": null,
        "local_raster_paths": null
      },
      "geometry": {
        "type": "Point",
        "coordinates": [
          44.15499963939656,
          57.264999619788576
        ]
      }
    },
    {
      "type": "Feature",
      "properties": {
        "sample_id": "000988f293d2283806419046cf24b6343603a5eb",
        "source_file": "validation_2001_2022.geojson",
        "source_id": "8172",
        "lat": 51.25500097529776,
        "lon": 135.71499910658903,
        "driver": "Logging",
        "confidence": "High",
        "source_event_year": null,
        "event_year": null,
        "total_loss_area_ha": null,
        "dominant_loss_area_ha": null,
        "dominant_year_share": null,
        "sample_status": null,
        "pre_scene_id": null,
        "pre_date": null,
        "post_scene_id": null,
        "post_date": null,
        "pre_local_cloud": null,
        "post_local_cloud": null,
        "manual_validation": null,
        "manual_notes": null,
        "event_mask_metadata": null,
        "local_raster_paths": null
      },
      "geometry": {
        "type": "Point",
        "coordinates": [
          135.71499910658903,
          51.25500097529776
        ]
      }
    },
    {
      "type": "Feature",
      "properties": {
        "sample_id": "f37aaf1ef774f2ab1b386566b59fd4726f1dbcd8",
        "source_file": "validation_2001_2022.geojson",
        "source_id": "8174",
        "lat": 59.66499924024896,
        "lon": 100.84500054123087,
        "driver": "Logging",
        "confidence": "High",
        "source_event_year": null,
        "event_year": null,
        "total_loss_area_ha": null,
        "dominant_loss_area_ha": null,
        "dominant_year_share": null,
        "sample_status": null,
        "pre_scene_id": null,
        "pre_date": null,
        "post_scene_id": null,
        "post_date": null,
        "pre_local_cloud": null,
        "post_local_cloud": null,
        "manual_validation": null,
        "manual_notes": null,
        "event_mask_metadata": null,
        "local_raster_paths": null
      },
      "geometry": {
        "type": "Point",
        "coordinates": [
          100.84500054123087,
          59.66499924024896
        ]
      }
    },
    {
      "type": "Feature",
      "properties": {
        "sample_id": "845b171a65947c560bcd00d339cc8d73ffc85347",
        "source_file": "validation_2001_2022.geojson",
        "source_id": "8177",
        "lat": 59.49500047714829,
        "lon": 29.40500013026834,
        "driver": "Logging",
        "confidence": "High",
        "source_event_year": null,
        "event_year": null,
        "total_loss_area_ha": null,
        "dominant_loss_area_ha": null,
        "dominant_year_share": null,
        "sample_status": null,
        "pre_scene_id": null,
        "pre_date": null,
        "post_scene_id": null,
        "post_date": null,
        "pre_local_cloud": null,
        "post_local_cloud": null,
        "manual_validation": null,
        "manual_notes": null,
        "event_mask_metadata": null,
        "local_raster_paths": null
      },
      "geometry": {
        "type": "Point",
        "coordinates": [
          29.40500013026834,
          59.49500047714829
        ]
      }
    },
    {
      "type": "Feature",
      "properties": {
        "sample_id": "3962261dc0e5c3b7f773dac0388c335394374ab1",
        "source_file": "validation_2001_2022.geojson",
        "source_id": "8179",
        "lat": 59.91499874871328,
        "lon": 59.70499978259881,
        "driver": "Logging",
        "confidence": "High",
        "source_event_year": null,
        "event_year": null,
        "total_loss_area_ha": null,
        "dominant_loss_area_ha": null,
        "dominant_year_share": null,
        "sample_status": null,
        "pre_scene_id": null,
        "pre_date": null,
        "post_scene_id": null,
        "post_date": null,
        "pre_local_cloud": null,
        "post_local_cloud": null,
        "manual_validation": null,
        "manual_notes": null,
        "event_mask_metadata": null,
        "local_raster_paths": null
      },
      "geometry": {
        "type": "Point",
        "coordinates": [
          59.70499978259881,
          59.91499874871328
        ]
      }
    },
    {
      "type": "Feature",
      "properties": {
        "sample_id": "49fb3af396ca625f6d8408217c0b04ef479315cb",
        "source_file": "validation_2001_2022.geojson",
        "source_id": "8182",
        "lat": 56.32499883226041,
        "lon": 102.69499907921048,
        "driver": "Logging",
        "confidence": "High",
        "source_event_year": null,
        "event_year": null,
        "total_loss_area_ha": null,
        "dominant_loss_area_ha": null,
        "dominant_year_share": null,
        "sample_status": null,
        "pre_scene_id": null,
        "pre_date": null,
        "post_scene_id": null,
        "post_date": null,
        "pre_local_cloud": null,
        "post_local_cloud": null,
        "manual_validation": null,
        "manual_notes": null,
        "event_mask_metadata": null,
        "local_raster_paths": null
      },
      "geometry": {
        "type": "Point",
        "coordinates": [
          102.69499907921048,
          56.32499883226041
        ]
      }
    },
    {
      "type": "Feature",
      "properties": {
        "sample_id": "84a7b1ecc26b2af1faa1c55dea71858c4a710b45",
        "source_file": "validation_2001_2022.geojson",
        "source_id": "8184",
        "lat": 57.08499906666174,
        "lon": 41.02500054110827,
        "driver": "Logging",
        "confidence": "Medium",
        "source_event_year": null,
        "event_year": null,
        "total_loss_area_ha": null,
        "dominant_loss_area_ha": null,
        "dominant_year_share": null,
        "sample_status": null,
        "pre_scene_id": null,
        "pre_date": null,
        "post_scene_id": null,
        "post_date": null,
        "pre_local_cloud": null,
        "post_local_cloud": null,
        "manual_validation": null,
        "manual_notes": null,
        "event_mask_metadata": null,
        "local_raster_paths": null
      },
      "geometry": {
        "type": "Point",
        "coordinates": [
          41.02500054110827,
          57.08499906666174
        ]
      }
    },
    {
      "type": "Feature",
      "properties": {
        "sample_id": "048b90a8d3b2014d1ad0226db90b1b16ae42191e",
        "source_file": "validation_2001_2022.geojson",
        "source_id": "8185",
        "lat": 60.54500060617507,
        "lon": 57.14500083273512,
        "driver": "Logging",
        "confidence": "High",
        "source_event_year": null,
        "event_year": null,
        "total_loss_area_ha": null,
        "dominant_loss_area_ha": null,
        "dominant_year_share": null,
        "sample_status": null,
        "pre_scene_id": null,
        "pre_date": null,
        "post_scene_id": null,
        "post_date": null,
        "pre_local_cloud": null,
        "post_local_cloud": null,
        "manual_validation": null,
        "manual_notes": null,
        "event_mask_metadata": null,
        "local_raster_paths": null
      },
      "geometry": {
        "type": "Point",
        "coordinates": [
          57.14500083273512,
          60.54500060617507
        ]
      }
    },
    {
      "type": "Feature",
      "properties": {
        "sample_id": "ba0cbcdd4cd23ee1df0c05a85a801df3f04430cc",
        "source_file": "validation_2001_2022.geojson",
        "source_id": "8187",
        "lat": 55.1349985543508,
        "lon": 44.23500040213636,
        "driver": "Logging",
        "confidence": "High",
        "source_event_year": null,
        "event_year": null,
        "total_loss_area_ha": null,
        "dominant_loss_area_ha": null,
        "dominant_year_share": null,
        "sample_status": null,
        "pre_scene_id": null,
        "pre_date": null,
        "post_scene_id": null,
        "post_date": null,
        "pre_local_cloud": null,
        "post_local_cloud": null,
        "manual_validation": null,
        "manual_notes": null,
        "event_mask_metadata": null,
        "local_raster_paths": null
      },
      "geometry": {
        "type": "Point",
        "coordinates": [
          44.23500040213636,
          55.1349985543508
        ]
      }
    },
    {
      "type": "Feature",
      "properties": {
        "sample_id": "2ded701e288ac5ace1f1992ceffb97e0ee946f85",
        "source_file": "validation_2001_2022.geojson",
        "source_id": "8188",
        "lat": 43.45499875727415,
        "lon": 128.1449995253436,
        "driver": "Logging",
        "confidence": "Medium",
        "source_event_year": null,
        "event_year": null,
        "total_loss_area_ha": null,
        "dominant_loss_area_ha": null,
        "dominant_year_share": null,
        "sample_status": null,
        "pre_scene_id": null,
        "pre_date": null,
        "post_scene_id": null,
        "post_date": null,
        "pre_local_cloud": null,
        "post_local_cloud": null,
        "manual_validation": null,
        "manual_notes": null,
        "event_mask_metadata": null,
        "local_raster_paths": null
      },
      "geometry": {
        "type": "Point",
        "coordinates": [
          128.1449995253436,
          43.45499875727415
        ]
      }
    },
    {
      "type": "Feature",
      "properties": {
        "sample_id": "ebc67eb9a690a300e58141c0b992b948d984e629",
        "source_file": "validation_2001_2022.geojson",
        "source_id": "8192",
        "lat": 44.47500031149934,
        "lon": 127.9250008223927,
        "driver": "Logging",
        "confidence": "Low",
        "source_event_year": null,
        "event_year": null,
        "total_loss_area_ha": null,
        "dominant_loss_area_ha": null,
        "dominant_year_share": null,
        "sample_status": null,
        "pre_scene_id": null,
        "pre_date": null,
        "post_scene_id": null,
        "post_date": null,
        "pre_local_cloud": null,
        "post_local_cloud": null,
        "manual_validation": null,
        "manual_notes": null,
        "event_mask_metadata": null,
        "local_raster_paths": null
      },
      "geometry": {
        "type": "Point",
        "coordinates": [
          127.9250008223927,
          44.47500031149934
        ]
      }
    },
    {
      "type": "Feature",
      "properties": {
        "sample_id": "a98a44d55c90ddc22120ac092579b6fa44f6d641",
        "source_file": "validation_2001_2022.geojson",
        "source_id": "8194",
        "lat": 58.88499993049851,
        "lon": 29.904999113376324,
        "driver": "Logging",
        "confidence": "High",
        "source_event_year": null,
        "event_year": null,
        "total_loss_area_ha": null,
        "dominant_loss_area_ha": null,
        "dominant_year_share": null,
        "sample_status": null,
        "pre_scene_id": null,
        "pre_date": null,
        "post_scene_id": null,
        "post_date": null,
        "pre_local_cloud": null,
        "post_local_cloud": null,
        "manual_validation": null,
        "manual_notes": null,
        "event_mask_metadata": null,
        "local_raster_paths": null
      },
      "geometry": {
        "type": "Point",
        "coordinates": [
          29.904999113376324,
          58.88499993049851
        ]
      }
    },
    {
      "type": "Feature",
      "properties": {
        "sample_id": "483025959447bd8e0199ad5d195419e18bfe44bf",
        "source_file": "validation_2001_2022.geojson",
        "source_id": "8196",
        "lat": 51.33499948170331,
        "lon": 138.55500056086473,
        "driver": "Logging",
        "confidence": "High",
        "source_event_year": null,
        "event_year": null,
        "total_loss_area_ha": null,
        "dominant_loss_area_ha": null,
        "dominant_year_share": null,
        "sample_status": null,
        "pre_scene_id": null,
        "pre_date": null,
        "post_scene_id": null,
        "post_date": null,
        "pre_local_cloud": null,
        "post_local_cloud": null,
        "manual_validation": null,
        "manual_notes": null,
        "event_mask_metadata": null,
        "local_raster_paths": null
      },
      "geometry": {
        "type": "Point",
        "coordinates": [
          138.55500056086473,
          51.33499948170331
        ]
      }
    },
    {
      "type": "Feature",
      "properties": {
        "sample_id": "6ee619d4d309c1e79ad43e3f3f1534deee9c7a15",
        "source_file": "validation_2001_2022.geojson",
        "source_id": "8202",
        "lat": 59.10499859787169,
        "lon": 48.00500087767151,
        "driver": "Logging",
        "confidence": "High",
        "source_event_year": null,
        "event_year": null,
        "total_loss_area_ha": null,
        "dominant_loss_area_ha": null,
        "dominant_year_share": null,
        "sample_status": null,
        "pre_scene_id": null,
        "pre_date": null,
        "post_scene_id": null,
        "post_date": null,
        "pre_local_cloud": null,
        "post_local_cloud": null,
        "manual_validation": null,
        "manual_notes": null,
        "event_mask_metadata": null,
        "local_raster_paths": null
      },
      "geometry": {
        "type": "Point",
        "coordinates": [
          48.00500087767151,
          59.10499859787169
        ]
      }
    },
    {
      "type": "Feature",
      "properties": {
        "sample_id": "6dcda13d0af6cae01c639b8a2beb4897ad534b08",
        "source_file": "validation_2001_2022.geojson",
        "source_id": "8204",
        "lat": 53.91499965952852,
        "lon": 103.72500010672964,
        "driver": "Logging",
        "confidence": "Medium",
        "source_event_year": null,
        "event_year": null,
        "total_loss_area_ha": null,
        "dominant_loss_area_ha": null,
        "dominant_year_share": null,
        "sample_status": null,
        "pre_scene_id": null,
        "pre_date": null,
        "post_scene_id": null,
        "post_date": null,
        "pre_local_cloud": null,
        "post_local_cloud": null,
        "manual_validation": null,
        "manual_notes": null,
        "event_mask_metadata": null,
        "local_raster_paths": null
      },
      "geometry": {
        "type": "Point",
        "coordinates": [
          103.72500010672964,
          53.91499965952852
        ]
      }
    },
    {
      "type": "Feature",
      "properties": {
        "sample_id": "211f55cdcec318e3df4c89fd8b411f12a8933864",
        "source_file": "validation_2001_2022.geojson",
        "source_id": "8205",
        "lat": 52.02500075804733,
        "lon": 123.41499912186232,
        "driver": "Logging",
        "confidence": "Medium",
        "source_event_year": null,
        "event_year": null,
        "total_loss_area_ha": null,
        "dominant_loss_area_ha": null,
        "dominant_year_share": null,
        "sample_status": null,
        "pre_scene_id": null,
        "pre_date": null,
        "post_scene_id": null,
        "post_date": null,
        "pre_local_cloud": null,
        "post_local_cloud": null,
        "manual_validation": null,
        "manual_notes": null,
        "event_mask_metadata": null,
        "local_raster_paths": null
      },
      "geometry": {
        "type": "Point",
        "coordinates": [
          123.41499912186232,
          52.02500075804733
        ]
      }
    },
    {
      "type": "Feature",
      "properties": {
        "sample_id": "374a1c472c7809f8245343ee4c9cfe7d4620230c",
        "source_file": "validation_2001_2022.geojson",
        "source_id": "8206",
        "lat": 58.58500052593386,
        "lon": 40.63500086816483,
        "driver": "Logging",
        "confidence": "High",
        "source_event_year": null,
        "event_year": null,
        "total_loss_area_ha": null,
        "dominant_loss_area_ha": null,
        "dominant_year_share": null,
        "sample_status": null,
        "pre_scene_id": null,
        "pre_date": null,
        "post_scene_id": null,
        "post_date": null,
        "pre_local_cloud": null,
        "post_local_cloud": null,
        "manual_validation": null,
        "manual_notes": null,
        "event_mask_metadata": null,
        "local_raster_paths": null
      },
      "geometry": {
        "type": "Point",
        "coordinates": [
          40.63500086816483,
          58.58500052593386
        ]
      }
    },
    {
      "type": "Feature",
      "properties": {
        "sample_id": "09874044ce6b7df3c6805197fcb6b2afd1d8b249",
        "source_file": "validation_2001_2022.geojson",
        "source_id": "8208",
        "lat": 57.01500011936494,
        "lon": 100.32500023621913,
        "driver": "Logging",
        "confidence": "High",
        "source_event_year": null,
        "event_year": null,
        "total_loss_area_ha": null,
        "dominant_loss_area_ha": null,
        "dominant_year_share": null,
        "sample_status": null,
        "pre_scene_id": null,
        "pre_date": null,
        "post_scene_id": null,
        "post_date": null,
        "pre_local_cloud": null,
        "post_local_cloud": null,
        "manual_validation": null,
        "manual_notes": null,
        "event_mask_metadata": null,
        "local_raster_paths": null
      },
      "geometry": {
        "type": "Point",
        "coordinates": [
          100.32500023621913,
          57.01500011936494
        ]
      }
    },
    {
      "type": "Feature",
      "properties": {
        "sample_id": "f0b61391755eac6cd47ea3a72405523dd5db6961",
        "source_file": "validation_2001_2022.geojson",
        "source_id": "8213",
        "lat": 51.93500052434559,
        "lon": 87.70499958079486,
        "driver": "Logging",
        "confidence": "High",
        "source_event_year": null,
        "event_year": null,
        "total_loss_area_ha": null,
        "dominant_loss_area_ha": null,
        "dominant_year_share": null,
        "sample_status": null,
        "pre_scene_id": null,
        "pre_date": null,
        "post_scene_id": null,
        "post_date": null,
        "pre_local_cloud": null,
        "post_local_cloud": null,
        "manual_validation": null,
        "manual_notes": null,
        "event_mask_metadata": null,
        "local_raster_paths": null
      },
      "geometry": {
        "type": "Point",
        "coordinates": [
          87.70499958079486,
          51.93500052434559
        ]
      }
    },
    {
      "type": "Feature",
      "properties": {
        "sample_id": "9a9768a02abb148ba156f044648024a26cd6b29e",
        "source_file": "validation_2001_2022.geojson",
        "source_id": "8216",
        "lat": 56.684999901895225,
        "lon": 58.30500034609988,
        "driver": "Logging",
        "confidence": "Medium",
        "source_event_year": null,
        "event_year": null,
        "total_loss_area_ha": null,
        "dominant_loss_area_ha": null,
        "dominant_year_share": null,
        "sample_status": null,
        "pre_scene_id": null,
        "pre_date": null,
        "post_scene_id": null,
        "post_date": null,
        "pre_local_cloud": null,
        "post_local_cloud": null,
        "manual_validation": null,
        "manual_notes": null,
        "event_mask_metadata": null,
        "local_raster_paths": null
      },
      "geometry": {
        "type": "Point",
        "coordinates": [
          58.30500034609988,
          56.684999901895225
        ]
      }
    },
    {
      "type": "Feature",
      "properties": {
        "sample_id": "0cbc8eb5124a47477b3e1f7f7f46432502a96583",
        "source_file": "validation_2001_2022.geojson",
        "source_id": "8217",
        "lat": 61.76499950921675,
        "lon": 52.12500064368938,
        "driver": "Logging",
        "confidence": "High",
        "source_event_year": null,
        "event_year": null,
        "total_loss_area_ha": null,
        "dominant_loss_area_ha": null,
        "dominant_year_share": null,
        "sample_status": null,
        "pre_scene_id": null,
        "pre_date": null,
        "post_scene_id": null,
        "post_date": null,
        "pre_local_cloud": null,
        "post_local_cloud": null,
        "manual_validation": null,
        "manual_notes": null,
        "event_mask_metadata": null,
        "local_raster_paths": null
      },
      "geometry": {
        "type": "Point",
        "coordinates": [
          52.12500064368938,
          61.76499950921675
        ]
      }
    },
    {
      "type": "Feature",
      "properties": {
        "sample_id": "3290cefb6f5266df99c60c2173e22c3f65c595af",
        "source_file": "validation_2001_2022.geojson",
        "source_id": "8218",
        "lat": 57.234998808313,
        "lon": 48.1849991670506,
        "driver": "Logging",
        "confidence": "High",
        "source_event_year": null,
        "event_year": null,
        "total_loss_area_ha": null,
        "dominant_loss_area_ha": null,
        "dominant_year_share": null,
        "sample_status": null,
        "pre_scene_id": null,
        "pre_date": null,
        "post_scene_id": null,
        "post_date": null,
        "pre_local_cloud": null,
        "post_local_cloud": null,
        "manual_validation": null,
        "manual_notes": null,
        "event_mask_metadata": null,
        "local_raster_paths": null
      },
      "geometry": {
        "type": "Point",
        "coordinates": [
          48.1849991670506,
          57.234998808313
        ]
      }
    },
    {
      "type": "Feature",
      "properties": {
        "sample_id": "8ff59b659e356fa14e08620c0705fa78e951ba18",
        "source_file": "validation_2001_2022.geojson",
        "source_id": "8219",
        "lat": 56.46499897621211,
        "lon": 38.92500028232581,
        "driver": "Logging",
        "confidence": "High",
        "source_event_year": null,
        "event_year": null,
        "total_loss_area_ha": null,
        "dominant_loss_area_ha": null,
        "dominant_year_share": null,
        "sample_status": null,
        "pre_scene_id": null,
        "pre_date": null,
        "post_scene_id": null,
        "post_date": null,
        "pre_local_cloud": null,
        "post_local_cloud": null,
        "manual_validation": null,
        "manual_notes": null,
        "event_mask_metadata": null,
        "local_raster_paths": null
      },
      "geometry": {
        "type": "Point",
        "coordinates": [
          38.92500028232581,
          56.46499897621211
        ]
      }
    },
    {
      "type": "Feature",
      "properties": {
        "sample_id": "a7ee2c378463c4363b062e162f4365c83b61618a",
        "source_file": "validation_2001_2022.geojson",
        "source_id": "8220",
        "lat": 57.27499914102946,
        "lon": 59.32499963798936,
        "driver": "Logging",
        "confidence": "High",
        "source_event_year": null,
        "event_year": null,
        "total_loss_area_ha": null,
        "dominant_loss_area_ha": null,
        "dominant_year_share": null,
        "sample_status": null,
        "pre_scene_id": null,
        "pre_date": null,
        "post_scene_id": null,
        "post_date": null,
        "pre_local_cloud": null,
        "post_local_cloud": null,
        "manual_validation": null,
        "manual_notes": null,
        "event_mask_metadata": null,
        "local_raster_paths": null
      },
      "geometry": {
        "type": "Point",
        "coordinates": [
          59.32499963798936,
          57.27499914102946
        ]
      }
    },
    {
      "type": "Feature",
      "properties": {
        "sample_id": "665fe0a4810b0677082e13f2fd47de69d4302bb9",
        "source_file": "validation_2001_2022.geojson",
        "source_id": "8222",
        "lat": 54.145000093066926,
        "lon": 103.27499880926077,
        "driver": "Logging",
        "confidence": "High",
        "source_event_year": null,
        "event_year": null,
        "total_loss_area_ha": null,
        "dominant_loss_area_ha": null,
        "dominant_year_share": null,
        "sample_status": null,
        "pre_scene_id": null,
        "pre_date": null,
        "post_scene_id": null,
        "post_date": null,
        "pre_local_cloud": null,
        "post_local_cloud": null,
        "manual_validation": null,
        "manual_notes": null,
        "event_mask_metadata": null,
        "local_raster_paths": null
      },
      "geometry": {
        "type": "Point",
        "coordinates": [
          103.27499880926077,
          54.145000093066926
        ]
      }
    },
    {
      "type": "Feature",
      "properties": {
        "sample_id": "98439800d35d5624dd429fc4115a4a8bea965473",
        "source_file": "validation_2001_2022.geojson",
        "source_id": "8223",
        "lat": 57.10500039238008,
        "lon": 42.42499995903808,
        "driver": "Logging",
        "confidence": "High",
        "source_event_year": null,
        "event_year": null,
        "total_loss_area_ha": null,
        "dominant_loss_area_ha": null,
        "dominant_year_share": null,
        "sample_status": null,
        "pre_scene_id": null,
        "pre_date": null,
        "post_scene_id": null,
        "post_date": null,
        "pre_local_cloud": null,
        "post_local_cloud": null,
        "manual_validation": null,
        "manual_notes": null,
        "event_mask_metadata": null,
        "local_raster_paths": null
      },
      "geometry": {
        "type": "Point",
        "coordinates": [
          42.42499995903808,
          57.10500039238008
        ]
      }
    },
    {
      "type": "Feature",
      "properties": {
        "sample_id": "06218ff6a9f611de8c89cc3700ba89e91f533614",
        "source_file": "validation_2001_2022.geojson",
        "source_id": "8224",
        "lat": 51.785000812967965,
        "lon": 103.14500036921956,
        "driver": "Logging",
        "confidence": "High",
        "source_event_year": null,
        "event_year": null,
        "total_loss_area_ha": null,
        "dominant_loss_area_ha": null,
        "dominant_year_share": null,
        "sample_status": null,
        "pre_scene_id": null,
        "pre_date": null,
        "post_scene_id": null,
        "post_date": null,
        "pre_local_cloud": null,
        "post_local_cloud": null,
        "manual_validation": null,
        "manual_notes": null,
        "event_mask_metadata": null,
        "local_raster_paths": null
      },
      "geometry": {
        "type": "Point",
        "coordinates": [
          103.14500036921956,
          51.785000812967965
        ]
      }
    },
    {
      "type": "Feature",
      "properties": {
        "sample_id": "2995836b63ed2c368cd3fd6e142b8db09cf0c9a5",
        "source_file": "validation_2001_2022.geojson",
        "source_id": "8225",
        "lat": 57.06500003942742,
        "lon": 31.21500052990427,
        "driver": "Logging",
        "confidence": "High",
        "source_event_year": null,
        "event_year": null,
        "total_loss_area_ha": null,
        "dominant_loss_area_ha": null,
        "dominant_year_share": null,
        "sample_status": null,
        "pre_scene_id": null,
        "pre_date": null,
        "post_scene_id": null,
        "post_date": null,
        "pre_local_cloud": null,
        "post_local_cloud": null,
        "manual_validation": null,
        "manual_notes": null,
        "event_mask_metadata": null,
        "local_raster_paths": null
      },
      "geometry": {
        "type": "Point",
        "coordinates": [
          31.21500052990427,
          57.06500003942742
        ]
      }
    },
    {
      "type": "Feature",
      "properties": {
        "sample_id": "9df0183063e9538dbe38271865c40af9e980e1ab",
        "source_file": "validation_2001_2022.geojson",
        "source_id": "8227",
        "lat": 63.55499857941621,
        "lon": 44.38500005742006,
        "driver": "Logging",
        "confidence": "Low",
        "source_event_year": null,
        "event_year": null,
        "total_loss_area_ha": null,
        "dominant_loss_area_ha": null,
        "dominant_year_share": null,
        "sample_status": null,
        "pre_scene_id": null,
        "pre_date": null,
        "post_scene_id": null,
        "post_date": null,
        "pre_local_cloud": null,
        "post_local_cloud": null,
        "manual_validation": null,
        "manual_notes": null,
        "event_mask_metadata": null,
        "local_raster_paths": null
      },
      "geometry": {
        "type": "Point",
        "coordinates": [
          44.38500005742006,
          63.55499857941621
        ]
      }
    },
    {
      "type": "Feature",
      "properties": {
        "sample_id": "23cd42a53ae79d4fcec056b7d379e2cb3c7225a9",
        "source_file": "validation_2001_2022.geojson",
        "source_id": "8228",
        "lat": 62.225000365242366,
        "lon": 46.67500035512712,
        "driver": "Logging",
        "confidence": "High",
        "source_event_year": null,
        "event_year": null,
        "total_loss_area_ha": null,
        "dominant_loss_area_ha": null,
        "dominant_year_share": null,
        "sample_status": null,
        "pre_scene_id": null,
        "pre_date": null,
        "post_scene_id": null,
        "post_date": null,
        "pre_local_cloud": null,
        "post_local_cloud": null,
        "manual_validation": null,
        "manual_notes": null,
        "event_mask_metadata": null,
        "local_raster_paths": null
      },
      "geometry": {
        "type": "Point",
        "coordinates": [
          46.67500035512712,
          62.225000365242366
        ]
      }
    },
    {
      "type": "Feature",
      "properties": {
        "sample_id": "90554eae82df7c0ea60fee1e676a7db04d237917",
        "source_file": "validation_2001_2022.geojson",
        "source_id": "8229",
        "lat": 59.17499979320523,
        "lon": 42.42500001013747,
        "driver": "Logging",
        "confidence": "High",
        "source_event_year": null,
        "event_year": null,
        "total_loss_area_ha": null,
        "dominant_loss_area_ha": null,
        "dominant_year_share": null,
        "sample_status": null,
        "pre_scene_id": null,
        "pre_date": null,
        "post_scene_id": null,
        "post_date": null,
        "pre_local_cloud": null,
        "post_local_cloud": null,
        "manual_validation": null,
        "manual_notes": null,
        "event_mask_metadata": null,
        "local_raster_paths": null
      },
      "geometry": {
        "type": "Point",
        "coordinates": [
          42.42500001013747,
          59.17499979320523
        ]
      }
    },
    {
      "type": "Feature",
      "properties": {
        "sample_id": "7007ad15fcf0a4463642de8791fb1a734339a291",
        "source_file": "validation_2001_2022.geojson",
        "source_id": "8233",
        "lat": 57.42500108230864,
        "lon": 47.39500031190771,
        "driver": "Logging",
        "confidence": "High",
        "source_event_year": null,
        "event_year": null,
        "total_loss_area_ha": null,
        "dominant_loss_area_ha": null,
        "dominant_year_share": null,
        "sample_status": null,
        "pre_scene_id": null,
        "pre_date": null,
        "post_scene_id": null,
        "post_date": null,
        "pre_local_cloud": null,
        "post_local_cloud": null,
        "manual_validation": null,
        "manual_notes": null,
        "event_mask_metadata": null,
        "local_raster_paths": null
      },
      "geometry": {
        "type": "Point",
        "coordinates": [
          47.39500031190771,
          57.42500108230864
        ]
      }
    },
    {
      "type": "Feature",
      "properties": {
        "sample_id": "949bcf5079f42b5c3c726d8843666ed880a9a6c3",
        "source_file": "validation_2001_2022.geojson",
        "source_id": "8234",
        "lat": 54.08500066888716,
        "lon": 102.46500084499851,
        "driver": "Logging",
        "confidence": "Medium",
        "source_event_year": null,
        "event_year": null,
        "total_loss_area_ha": null,
        "dominant_loss_area_ha": null,
        "dominant_year_share": null,
        "sample_status": null,
        "pre_scene_id": null,
        "pre_date": null,
        "post_scene_id": null,
        "post_date": null,
        "pre_local_cloud": null,
        "post_local_cloud": null,
        "manual_validation": null,
        "manual_notes": null,
        "event_mask_metadata": null,
        "local_raster_paths": null
      },
      "geometry": {
        "type": "Point",
        "coordinates": [
          102.46500084499851,
          54.08500066888716
        ]
      }
    },
    {
      "type": "Feature",
      "properties": {
        "sample_id": "a77b3fb9cac95747be8dd21cb7ed8d140c4d1cdf",
        "source_file": "validation_2001_2022.geojson",
        "source_id": "8236",
        "lat": 58.45499987895548,
        "lon": 98.39499873171816,
        "driver": "Logging",
        "confidence": "High",
        "source_event_year": null,
        "event_year": null,
        "total_loss_area_ha": null,
        "dominant_loss_area_ha": null,
        "dominant_year_share": null,
        "sample_status": null,
        "pre_scene_id": null,
        "pre_date": null,
        "post_scene_id": null,
        "post_date": null,
        "pre_local_cloud": null,
        "post_local_cloud": null,
        "manual_validation": null,
        "manual_notes": null,
        "event_mask_metadata": null,
        "local_raster_paths": null
      },
      "geometry": {
        "type": "Point",
        "coordinates": [
          98.39499873171816,
          58.45499987895548
        ]
      }
    },
    {
      "type": "Feature",
      "properties": {
        "sample_id": "d1e109beef2f3a9767247ec04fbf83e673b1ca07",
        "source_file": "validation_2001_2022.geojson",
        "source_id": "8238",
        "lat": 58.64499999102887,
        "lon": 41.6349988670923,
        "driver": "Logging",
        "confidence": "High",
        "source_event_year": null,
        "event_year": null,
        "total_loss_area_ha": null,
        "dominant_loss_area_ha": null,
        "dominant_year_share": null,
        "sample_status": null,
        "pre_scene_id": null,
        "pre_date": null,
        "post_scene_id": null,
        "post_date": null,
        "pre_local_cloud": null,
        "post_local_cloud": null,
        "manual_validation": null,
        "manual_notes": null,
        "event_mask_metadata": null,
        "local_raster_paths": null
      },
      "geometry": {
        "type": "Point",
        "coordinates": [
          41.6349988670923,
          58.64499999102887
        ]
      }
    },
    {
      "type": "Feature",
      "properties": {
        "sample_id": "ccaa5da35d2d5b48d1cf38c4f7bf3c430e7e09d3",
        "source_file": "validation_2001_2022.geojson",
        "source_id": "8240",
        "lat": 52.59500099730285,
        "lon": 57.42500117075706,
        "driver": "Logging",
        "confidence": "High",
        "source_event_year": null,
        "event_year": null,
        "total_loss_area_ha": null,
        "dominant_loss_area_ha": null,
        "dominant_year_share": null,
        "sample_status": null,
        "pre_scene_id": null,
        "pre_date": null,
        "post_scene_id": null,
        "post_date": null,
        "pre_local_cloud": null,
        "post_local_cloud": null,
        "manual_validation": null,
        "manual_notes": null,
        "event_mask_metadata": null,
        "local_raster_paths": null
      },
      "geometry": {
        "type": "Point",
        "coordinates": [
          57.42500117075706,
          52.59500099730285
        ]
      }
    },
    {
      "type": "Feature",
      "properties": {
        "sample_id": "17bfe7b933cdeb51f30511d4634f00f891bdd58b",
        "source_file": "validation_2001_2022.geojson",
        "source_id": "8243",
        "lat": 55.93499918803294,
        "lon": 31.864999254684225,
        "driver": "Logging",
        "confidence": "High",
        "source_event_year": null,
        "event_year": null,
        "total_loss_area_ha": null,
        "dominant_loss_area_ha": null,
        "dominant_year_share": null,
        "sample_status": null,
        "pre_scene_id": null,
        "pre_date": null,
        "post_scene_id": null,
        "post_date": null,
        "pre_local_cloud": null,
        "post_local_cloud": null,
        "manual_validation": null,
        "manual_notes": null,
        "event_mask_metadata": null,
        "local_raster_paths": null
      },
      "geometry": {
        "type": "Point",
        "coordinates": [
          31.864999254684225,
          55.93499918803294
        ]
      }
    },
    {
      "type": "Feature",
      "properties": {
        "sample_id": "e27a164d7d4a66df04599c4b9cbbeca31db4e502",
        "source_file": "validation_2001_2022.geojson",
        "source_id": "8244",
        "lat": 53.80500032628372,
        "lon": 84.4350002753691,
        "driver": "Logging",
        "confidence": "High",
        "source_event_year": null,
        "event_year": null,
        "total_loss_area_ha": null,
        "dominant_loss_area_ha": null,
        "dominant_year_share": null,
        "sample_status": null,
        "pre_scene_id": null,
        "pre_date": null,
        "post_scene_id": null,
        "post_date": null,
        "pre_local_cloud": null,
        "post_local_cloud": null,
        "manual_validation": null,
        "manual_notes": null,
        "event_mask_metadata": null,
        "local_raster_paths": null
      },
      "geometry": {
        "type": "Point",
        "coordinates": [
          84.4350002753691,
          53.80500032628372
        ]
      }
    },
    {
      "type": "Feature",
      "properties": {
        "sample_id": "524df59e60c0cda50548294cd3d7c107515126a5",
        "source_file": "validation_2001_2022.geojson",
        "source_id": "8245",
        "lat": 61.65500017905861,
        "lon": 52.46500048845713,
        "driver": "Logging",
        "confidence": "High",
        "source_event_year": null,
        "event_year": null,
        "total_loss_area_ha": null,
        "dominant_loss_area_ha": null,
        "dominant_year_share": null,
        "sample_status": null,
        "pre_scene_id": null,
        "pre_date": null,
        "post_scene_id": null,
        "post_date": null,
        "pre_local_cloud": null,
        "post_local_cloud": null,
        "manual_validation": null,
        "manual_notes": null,
        "event_mask_metadata": null,
        "local_raster_paths": null
      },
      "geometry": {
        "type": "Point",
        "coordinates": [
          52.46500048845713,
          61.65500017905861
        ]
      }
    },
    {
      "type": "Feature",
      "properties": {
        "sample_id": "ae4d4a0f5e744b3e792d9dcf0ebd5a9ad82c4175",
        "source_file": "validation_2001_2022.geojson",
        "source_id": "8247",
        "lat": 60.72499891603884,
        "lon": 50.65500004931236,
        "driver": "Logging",
        "confidence": "High",
        "source_event_year": null,
        "event_year": null,
        "total_loss_area_ha": null,
        "dominant_loss_area_ha": null,
        "dominant_year_share": null,
        "sample_status": null,
        "pre_scene_id": null,
        "pre_date": null,
        "post_scene_id": null,
        "post_date": null,
        "pre_local_cloud": null,
        "post_local_cloud": null,
        "manual_validation": null,
        "manual_notes": null,
        "event_mask_metadata": null,
        "local_raster_paths": null
      },
      "geometry": {
        "type": "Point",
        "coordinates": [
          50.65500004931236,
          60.72499891603884
        ]
      }
    },
    {
      "type": "Feature",
      "properties": {
        "sample_id": "af277c315a610f130a3744412fc514049e8cbdbc",
        "source_file": "validation_2001_2022.geojson",
        "source_id": "8248",
        "lat": 54.75500064766359,
        "lon": 104.99499894258534,
        "driver": "Logging",
        "confidence": "High",
        "source_event_year": null,
        "event_year": null,
        "total_loss_area_ha": null,
        "dominant_loss_area_ha": null,
        "dominant_year_share": null,
        "sample_status": null,
        "pre_scene_id": null,
        "pre_date": null,
        "post_scene_id": null,
        "post_date": null,
        "pre_local_cloud": null,
        "post_local_cloud": null,
        "manual_validation": null,
        "manual_notes": null,
        "event_mask_metadata": null,
        "local_raster_paths": null
      },
      "geometry": {
        "type": "Point",
        "coordinates": [
          104.99499894258534,
          54.75500064766359
        ]
      }
    },
    {
      "type": "Feature",
      "properties": {
        "sample_id": "c3d4e9dc9600b859e4ea4bd444408bb5dbf007f3",
        "source_file": "validation_2001_2022.geojson",
        "source_id": "8249",
        "lat": 49.59500028674874,
        "lon": 138.27500024261005,
        "driver": "Logging",
        "confidence": "High",
        "source_event_year": null,
        "event_year": null,
        "total_loss_area_ha": null,
        "dominant_loss_area_ha": null,
        "dominant_year_share": null,
        "sample_status": null,
        "pre_scene_id": null,
        "pre_date": null,
        "post_scene_id": null,
        "post_date": null,
        "pre_local_cloud": null,
        "post_local_cloud": null,
        "manual_validation": null,
        "manual_notes": null,
        "event_mask_metadata": null,
        "local_raster_paths": null
      },
      "geometry": {
        "type": "Point",
        "coordinates": [
          138.27500024261005,
          49.59500028674874
        ]
      }
    },
    {
      "type": "Feature",
      "properties": {
        "sample_id": "db7340ae8311db6dbf01c065b6b514fdf49211cd",
        "source_file": "validation_2001_2022.geojson",
        "source_id": "8250",
        "lat": 58.28500113867635,
        "lon": 43.79500082745492,
        "driver": "Logging",
        "confidence": "High",
        "source_event_year": null,
        "event_year": null,
        "total_loss_area_ha": null,
        "dominant_loss_area_ha": null,
        "dominant_year_share": null,
        "sample_status": null,
        "pre_scene_id": null,
        "pre_date": null,
        "post_scene_id": null,
        "post_date": null,
        "pre_local_cloud": null,
        "post_local_cloud": null,
        "manual_validation": null,
        "manual_notes": null,
        "event_mask_metadata": null,
        "local_raster_paths": null
      },
      "geometry": {
        "type": "Point",
        "coordinates": [
          43.79500082745492,
          58.28500113867635
        ]
      }
    },
    {
      "type": "Feature",
      "properties": {
        "sample_id": "af4e1c83a985b1a600ad4ae3f11d2c317190615e",
        "source_file": "validation_2001_2022.geojson",
        "source_id": "8255",
        "lat": 54.86499999325395,
        "lon": 102.8749996408699,
        "driver": "Logging",
        "confidence": "High",
        "source_event_year": null,
        "event_year": null,
        "total_loss_area_ha": null,
        "dominant_loss_area_ha": null,
        "dominant_year_share": null,
        "sample_status": null,
        "pre_scene_id": null,
        "pre_date": null,
        "post_scene_id": null,
        "post_date": null,
        "pre_local_cloud": null,
        "post_local_cloud": null,
        "manual_validation": null,
        "manual_notes": null,
        "event_mask_metadata": null,
        "local_raster_paths": null
      },
      "geometry": {
        "type": "Point",
        "coordinates": [
          102.8749996408699,
          54.86499999325395
        ]
      }
    },
    {
      "type": "Feature",
      "properties": {
        "sample_id": "c971164fba89f0bfd510bc6f38a2a309ba123849",
        "source_file": "validation_2001_2022.geojson",
        "source_id": "8256",
        "lat": 59.66499923646344,
        "lon": 48.4850008100912,
        "driver": "Logging",
        "confidence": "High",
        "source_event_year": null,
        "event_year": null,
        "total_loss_area_ha": null,
        "dominant_loss_area_ha": null,
        "dominant_year_share": null,
        "sample_status": null,
        "pre_scene_id": null,
        "pre_date": null,
        "post_scene_id": null,
        "post_date": null,
        "pre_local_cloud": null,
        "post_local_cloud": null,
        "manual_validation": null,
        "manual_notes": null,
        "event_mask_metadata": null,
        "local_raster_paths": null
      },
      "geometry": {
        "type": "Point",
        "coordinates": [
          48.4850008100912,
          59.66499923646344
        ]
      }
    },
    {
      "type": "Feature",
      "properties": {
        "sample_id": "d6d9ea082d3bac743786fd2e2035c6ba960f0d0d",
        "source_file": "validation_2001_2022.geojson",
        "source_id": "8258",
        "lat": 57.75499910444115,
        "lon": 99.63499893394894,
        "driver": "Logging",
        "confidence": "High",
        "source_event_year": null,
        "event_year": null,
        "total_loss_area_ha": null,
        "dominant_loss_area_ha": null,
        "dominant_year_share": null,
        "sample_status": null,
        "pre_scene_id": null,
        "pre_date": null,
        "post_scene_id": null,
        "post_date": null,
        "pre_local_cloud": null,
        "post_local_cloud": null,
        "manual_validation": null,
        "manual_notes": null,
        "event_mask_metadata": null,
        "local_raster_paths": null
      },
      "geometry": {
        "type": "Point",
        "coordinates": [
          99.63499893394894,
          57.75499910444115
        ]
      }
    },
    {
      "type": "Feature",
      "properties": {
        "sample_id": "a0c64b5014668b949b48d86d9927872fe32b20e5",
        "source_file": "validation_2001_2022.geojson",
        "source_id": "8260",
        "lat": 54.74500110105912,
        "lon": 103.7549987390591,
        "driver": "Logging",
        "confidence": "High",
        "source_event_year": null,
        "event_year": null,
        "total_loss_area_ha": null,
        "dominant_loss_area_ha": null,
        "dominant_year_share": null,
        "sample_status": null,
        "pre_scene_id": null,
        "pre_date": null,
        "post_scene_id": null,
        "post_date": null,
        "pre_local_cloud": null,
        "post_local_cloud": null,
        "manual_validation": null,
        "manual_notes": null,
        "event_mask_metadata": null,
        "local_raster_paths": null
      },
      "geometry": {
        "type": "Point",
        "coordinates": [
          103.7549987390591,
          54.74500110105912
        ]
      }
    },
    {
      "type": "Feature",
      "properties": {
        "sample_id": "69c947f9897c87fad19fe27ad7508c87dda70f60",
        "source_file": "validation_2001_2022.geojson",
        "source_id": "8262",
        "lat": 57.54499996663623,
        "lon": 90.94500027662434,
        "driver": "Logging",
        "confidence": "High",
        "source_event_year": null,
        "event_year": null,
        "total_loss_area_ha": null,
        "dominant_loss_area_ha": null,
        "dominant_year_share": null,
        "sample_status": null,
        "pre_scene_id": null,
        "pre_date": null,
        "post_scene_id": null,
        "post_date": null,
        "pre_local_cloud": null,
        "post_local_cloud": null,
        "manual_validation": null,
        "manual_notes": null,
        "event_mask_metadata": null,
        "local_raster_paths": null
      },
      "geometry": {
        "type": "Point",
        "coordinates": [
          90.94500027662434,
          57.54499996663623
        ]
      }
    },
    {
      "type": "Feature",
      "properties": {
        "sample_id": "e5a0a34ffa2e673dfe63386abeb5c621ff11b264",
        "source_file": "validation_2001_2022.geojson",
        "source_id": "8265",
        "lat": 57.654999269456326,
        "lon": 99.20499887778232,
        "driver": "Logging",
        "confidence": "High",
        "source_event_year": null,
        "event_year": null,
        "total_loss_area_ha": null,
        "dominant_loss_area_ha": null,
        "dominant_year_share": null,
        "sample_status": null,
        "pre_scene_id": null,
        "pre_date": null,
        "post_scene_id": null,
        "post_date": null,
        "pre_local_cloud": null,
        "post_local_cloud": null,
        "manual_validation": null,
        "manual_notes": null,
        "event_mask_metadata": null,
        "local_raster_paths": null
      },
      "geometry": {
        "type": "Point",
        "coordinates": [
          99.20499887778232,
          57.654999269456326
        ]
      }
    },
    {
      "type": "Feature",
      "properties": {
        "sample_id": "704d691d134a95e2ccc0282429f299b394779a51",
        "source_file": "validation_2001_2022.geojson",
        "source_id": "8266",
        "lat": 53.79499857901343,
        "lon": 101.6050008229759,
        "driver": "Logging",
        "confidence": "Medium",
        "source_event_year": null,
        "event_year": null,
        "total_loss_area_ha": null,
        "dominant_loss_area_ha": null,
        "dominant_year_share": null,
        "sample_status": null,
        "pre_scene_id": null,
        "pre_date": null,
        "post_scene_id": null,
        "post_date": null,
        "pre_local_cloud": null,
        "post_local_cloud": null,
        "manual_validation": null,
        "manual_notes": null,
        "event_mask_metadata": null,
        "local_raster_paths": null
      },
      "geometry": {
        "type": "Point",
        "coordinates": [
          101.6050008229759,
          53.79499857901343
        ]
      }
    },
    {
      "type": "Feature",
      "properties": {
        "sample_id": "4105a881ea617ab57e60964dcb07547bc1b5535c",
        "source_file": "validation_2001_2022.geojson",
        "source_id": "8269",
        "lat": 62.67499944364918,
        "lon": 53.55500091887574,
        "driver": "Logging",
        "confidence": "High",
        "source_event_year": null,
        "event_year": null,
        "total_loss_area_ha": null,
        "dominant_loss_area_ha": null,
        "dominant_year_share": null,
        "sample_status": null,
        "pre_scene_id": null,
        "pre_date": null,
        "post_scene_id": null,
        "post_date": null,
        "pre_local_cloud": null,
        "post_local_cloud": null,
        "manual_validation": null,
        "manual_notes": null,
        "event_mask_metadata": null,
        "local_raster_paths": null
      },
      "geometry": {
        "type": "Point",
        "coordinates": [
          53.55500091887574,
          62.67499944364918
        ]
      }
    },
    {
      "type": "Feature",
      "properties": {
        "sample_id": "958417352d9424fbe3fbf2f47ed34864247e4541",
        "source_file": "validation_2001_2022.geojson",
        "source_id": "8271",
        "lat": 59.72500092670883,
        "lon": 35.135000709807095,
        "driver": "Logging",
        "confidence": "High",
        "source_event_year": null,
        "event_year": null,
        "total_loss_area_ha": null,
        "dominant_loss_area_ha": null,
        "dominant_year_share": null,
        "sample_status": null,
        "pre_scene_id": null,
        "pre_date": null,
        "post_scene_id": null,
        "post_date": null,
        "pre_local_cloud": null,
        "post_local_cloud": null,
        "manual_validation": null,
        "manual_notes": null,
        "event_mask_metadata": null,
        "local_raster_paths": null
      },
      "geometry": {
        "type": "Point",
        "coordinates": [
          35.135000709807095,
          59.72500092670883
        ]
      }
    },
    {
      "type": "Feature",
      "properties": {
        "sample_id": "97cb55d59edd4cb7fe1a95dba0d6f15ac049b2d5",
        "source_file": "validation_2001_2022.geojson",
        "source_id": "8272",
        "lat": 50.39500089961145,
        "lon": 138.52499972634828,
        "driver": "Logging",
        "confidence": "High",
        "source_event_year": null,
        "event_year": null,
        "total_loss_area_ha": null,
        "dominant_loss_area_ha": null,
        "dominant_year_share": null,
        "sample_status": null,
        "pre_scene_id": null,
        "pre_date": null,
        "post_scene_id": null,
        "post_date": null,
        "pre_local_cloud": null,
        "post_local_cloud": null,
        "manual_validation": null,
        "manual_notes": null,
        "event_mask_metadata": null,
        "local_raster_paths": null
      },
      "geometry": {
        "type": "Point",
        "coordinates": [
          138.52499972634828,
          50.39500089961145
        ]
      }
    },
    {
      "type": "Feature",
      "properties": {
        "sample_id": "5198f2147b3c2800daf2fb7d8f9913e6717139dc",
        "source_file": "validation_2001_2022.geojson",
        "source_id": "8274",
        "lat": 60.985000170369005,
        "lon": 49.74500008570258,
        "driver": "Logging",
        "confidence": "High",
        "source_event_year": null,
        "event_year": null,
        "total_loss_area_ha": null,
        "dominant_loss_area_ha": null,
        "dominant_year_share": null,
        "sample_status": null,
        "pre_scene_id": null,
        "pre_date": null,
        "post_scene_id": null,
        "post_date": null,
        "pre_local_cloud": null,
        "post_local_cloud": null,
        "manual_validation": null,
        "manual_notes": null,
        "event_mask_metadata": null,
        "local_raster_paths": null
      },
      "geometry": {
        "type": "Point",
        "coordinates": [
          49.74500008570258,
          60.985000170369005
        ]
      }
    },
    {
      "type": "Feature",
      "properties": {
        "sample_id": "d332ddee8e24a2ecda26f0cf756e3898c1a7974f",
        "source_file": "validation_2001_2022.geojson",
        "source_id": "8276",
        "lat": 62.63499910581686,
        "lon": 50.395000958551655,
        "driver": "Logging",
        "confidence": "High",
        "source_event_year": null,
        "event_year": null,
        "total_loss_area_ha": null,
        "dominant_loss_area_ha": null,
        "dominant_year_share": null,
        "sample_status": null,
        "pre_scene_id": null,
        "pre_date": null,
        "post_scene_id": null,
        "post_date": null,
        "pre_local_cloud": null,
        "post_local_cloud": null,
        "manual_validation": null,
        "manual_notes": null,
        "event_mask_metadata": null,
        "local_raster_paths": null
      },
      "geometry": {
        "type": "Point",
        "coordinates": [
          50.395000958551655,
          62.63499910581686
        ]
      }
    },
    {
      "type": "Feature",
      "properties": {
        "sample_id": "dfda7dad7679eb6cb112bcc7eba238e68450242e",
        "source_file": "validation_2001_2022.geojson",
        "source_id": "8277",
        "lat": 62.61500003718516,
        "lon": 33.325000289798375,
        "driver": "Logging",
        "confidence": "High",
        "source_event_year": null,
        "event_year": null,
        "total_loss_area_ha": null,
        "dominant_loss_area_ha": null,
        "dominant_year_share": null,
        "sample_status": null,
        "pre_scene_id": null,
        "pre_date": null,
        "post_scene_id": null,
        "post_date": null,
        "pre_local_cloud": null,
        "post_local_cloud": null,
        "manual_validation": null,
        "manual_notes": null,
        "event_mask_metadata": null,
        "local_raster_paths": null
      },
      "geometry": {
        "type": "Point",
        "coordinates": [
          33.325000289798375,
          62.61500003718516
        ]
      }
    },
    {
      "type": "Feature",
      "properties": {
        "sample_id": "8fe813c435195ea1f58df4516fcb2d76bfafcadb",
        "source_file": "validation_2001_2022.geojson",
        "source_id": "8278",
        "lat": 57.464999225369525,
        "lon": 46.68499991737848,
        "driver": "Logging",
        "confidence": "High",
        "source_event_year": null,
        "event_year": null,
        "total_loss_area_ha": null,
        "dominant_loss_area_ha": null,
        "dominant_year_share": null,
        "sample_status": null,
        "pre_scene_id": null,
        "pre_date": null,
        "post_scene_id": null,
        "post_date": null,
        "pre_local_cloud": null,
        "post_local_cloud": null,
        "manual_validation": null,
        "manual_notes": null,
        "event_mask_metadata": null,
        "local_raster_paths": null
      },
      "geometry": {
        "type": "Point",
        "coordinates": [
          46.68499991737848,
          57.464999225369525
        ]
      }
    },
    {
      "type": "Feature",
      "properties": {
        "sample_id": "0a2235af3e6177bb0d1c25fd9528865d84006c1f",
        "source_file": "validation_2001_2022.geojson",
        "source_id": "8280",
        "lat": 47.00500057510117,
        "lon": 128.7749991412758,
        "driver": "Logging",
        "confidence": "Low",
        "source_event_year": null,
        "event_year": null,
        "total_loss_area_ha": null,
        "dominant_loss_area_ha": null,
        "dominant_year_share": null,
        "sample_status": null,
        "pre_scene_id": null,
        "pre_date": null,
        "post_scene_id": null,
        "post_date": null,
        "pre_local_cloud": null,
        "post_local_cloud": null,
        "manual_validation": null,
        "manual_notes": null,
        "event_mask_metadata": null,
        "local_raster_paths": null
      },
      "geometry": {
        "type": "Point",
        "coordinates": [
          128.7749991412758,
          47.00500057510117
        ]
      }
    },
    {
      "type": "Feature",
      "properties": {
        "sample_id": "d81c40d82fdac9e3cdd2f136facd243b2f0cd349",
        "source_file": "validation_2001_2022.geojson",
        "source_id": "8282",
        "lat": 59.645000199068456,
        "lon": 39.95500131573655,
        "driver": "Logging",
        "confidence": "High",
        "source_event_year": null,
        "event_year": null,
        "total_loss_area_ha": null,
        "dominant_loss_area_ha": null,
        "dominant_year_share": null,
        "sample_status": null,
        "pre_scene_id": null,
        "pre_date": null,
        "post_scene_id": null,
        "post_date": null,
        "pre_local_cloud": null,
        "post_local_cloud": null,
        "manual_validation": null,
        "manual_notes": null,
        "event_mask_metadata": null,
        "local_raster_paths": null
      },
      "geometry": {
        "type": "Point",
        "coordinates": [
          39.95500131573655,
          59.645000199068456
        ]
      }
    },
    {
      "type": "Feature",
      "properties": {
        "sample_id": "cd5083457258368fd0181998443bf158c84718e9",
        "source_file": "validation_2001_2022.geojson",
        "source_id": "8285",
        "lat": 59.04499913325524,
        "lon": 58.73500038076088,
        "driver": "Logging",
        "confidence": "High",
        "source_event_year": null,
        "event_year": null,
        "total_loss_area_ha": null,
        "dominant_loss_area_ha": null,
        "dominant_year_share": null,
        "sample_status": null,
        "pre_scene_id": null,
        "pre_date": null,
        "post_scene_id": null,
        "post_date": null,
        "pre_local_cloud": null,
        "post_local_cloud": null,
        "manual_validation": null,
        "manual_notes": null,
        "event_mask_metadata": null,
        "local_raster_paths": null
      },
      "geometry": {
        "type": "Point",
        "coordinates": [
          58.73500038076088,
          59.04499913325524
        ]
      }
    },
    {
      "type": "Feature",
      "properties": {
        "sample_id": "28554235f6eef7c5d1d7efe26584f89304414950",
        "source_file": "validation_2001_2022.geojson",
        "source_id": "8287",
        "lat": 62.9850005916677,
        "lon": 35.38500017798328,
        "driver": "Logging",
        "confidence": "High",
        "source_event_year": null,
        "event_year": null,
        "total_loss_area_ha": null,
        "dominant_loss_area_ha": null,
        "dominant_year_share": null,
        "sample_status": null,
        "pre_scene_id": null,
        "pre_date": null,
        "post_scene_id": null,
        "post_date": null,
        "pre_local_cloud": null,
        "post_local_cloud": null,
        "manual_validation": null,
        "manual_notes": null,
        "event_mask_metadata": null,
        "local_raster_paths": null
      },
      "geometry": {
        "type": "Point",
        "coordinates": [
          35.38500017798328,
          62.9850005916677
        ]
      }
    },
    {
      "type": "Feature",
      "properties": {
        "sample_id": "babc15e7fdb8045364ea95b933b6c7e9375a1caa",
        "source_file": "validation_2001_2022.geojson",
        "source_id": "8288",
        "lat": 56.51500114706606,
        "lon": 40.47499937542355,
        "driver": "Logging",
        "confidence": "Medium",
        "source_event_year": null,
        "event_year": null,
        "total_loss_area_ha": null,
        "dominant_loss_area_ha": null,
        "dominant_year_share": null,
        "sample_status": null,
        "pre_scene_id": null,
        "pre_date": null,
        "post_scene_id": null,
        "post_date": null,
        "pre_local_cloud": null,
        "post_local_cloud": null,
        "manual_validation": null,
        "manual_notes": null,
        "event_mask_metadata": null,
        "local_raster_paths": null
      },
      "geometry": {
        "type": "Point",
        "coordinates": [
          40.47499937542355,
          56.51500114706606
        ]
      }
    },
    {
      "type": "Feature",
      "properties": {
        "sample_id": "ad7e58434bad997f87529ef74608033512ba0134",
        "source_file": "validation_2001_2022.geojson",
        "source_id": "8292",
        "lat": 56.32499881888153,
        "lon": 32.79500047941523,
        "driver": "Logging",
        "confidence": "High",
        "source_event_year": null,
        "event_year": null,
        "total_loss_area_ha": null,
        "dominant_loss_area_ha": null,
        "dominant_year_share": null,
        "sample_status": null,
        "pre_scene_id": null,
        "pre_date": null,
        "post_scene_id": null,
        "post_date": null,
        "pre_local_cloud": null,
        "post_local_cloud": null,
        "manual_validation": null,
        "manual_notes": null,
        "event_mask_metadata": null,
        "local_raster_paths": null
      },
      "geometry": {
        "type": "Point",
        "coordinates": [
          32.79500047941523,
          56.32499881888153
        ]
      }
    },
    {
      "type": "Feature",
      "properties": {
        "sample_id": "fa87a477b0444c10adc052a33d82211f8540516f",
        "source_file": "validation_2001_2022.geojson",
        "source_id": "8293",
        "lat": 54.6749999276572,
        "lon": 49.435001149547055,
        "driver": "Logging",
        "confidence": "Medium",
        "source_event_year": null,
        "event_year": null,
        "total_loss_area_ha": null,
        "dominant_loss_area_ha": null,
        "dominant_year_share": null,
        "sample_status": null,
        "pre_scene_id": null,
        "pre_date": null,
        "post_scene_id": null,
        "post_date": null,
        "pre_local_cloud": null,
        "post_local_cloud": null,
        "manual_validation": null,
        "manual_notes": null,
        "event_mask_metadata": null,
        "local_raster_paths": null
      },
      "geometry": {
        "type": "Point",
        "coordinates": [
          49.435001149547055,
          54.6749999276572
        ]
      }
    },
    {
      "type": "Feature",
      "properties": {
        "sample_id": "a9a5166035e0a06fe63b5ebe7ae371b53f44e9da",
        "source_file": "validation_2001_2022.geojson",
        "source_id": "8294",
        "lat": 47.07499955320444,
        "lon": 128.6450007553466,
        "driver": "Logging",
        "confidence": "Low",
        "source_event_year": null,
        "event_year": null,
        "total_loss_area_ha": null,
        "dominant_loss_area_ha": null,
        "dominant_year_share": null,
        "sample_status": null,
        "pre_scene_id": null,
        "pre_date": null,
        "post_scene_id": null,
        "post_date": null,
        "pre_local_cloud": null,
        "post_local_cloud": null,
        "manual_validation": null,
        "manual_notes": null,
        "event_mask_metadata": null,
        "local_raster_paths": null
      },
      "geometry": {
        "type": "Point",
        "coordinates": [
          128.6450007553466,
          47.07499955320444
        ]
      }
    },
    {
      "type": "Feature",
      "properties": {
        "sample_id": "1fd8f3e6e0898a6460100ba5aa0a557dfc49ce7a",
        "source_file": "validation_2001_2022.geojson",
        "source_id": "8296",
        "lat": 58.05500069351836,
        "lon": 33.54499892689153,
        "driver": "Logging",
        "confidence": "High",
        "source_event_year": null,
        "event_year": null,
        "total_loss_area_ha": null,
        "dominant_loss_area_ha": null,
        "dominant_year_share": null,
        "sample_status": null,
        "pre_scene_id": null,
        "pre_date": null,
        "post_scene_id": null,
        "post_date": null,
        "pre_local_cloud": null,
        "post_local_cloud": null,
        "manual_validation": null,
        "manual_notes": null,
        "event_mask_metadata": null,
        "local_raster_paths": null
      },
      "geometry": {
        "type": "Point",
        "coordinates": [
          33.54499892689153,
          58.05500069351836
        ]
      }
    },
    {
      "type": "Feature",
      "properties": {
        "sample_id": "d071ad0bd66e830253c1a0dd09d5731b3801410d",
        "source_file": "validation_2001_2022.geojson",
        "source_id": "8298",
        "lat": 58.43500080663564,
        "lon": 44.98500110610763,
        "driver": "Logging",
        "confidence": "High",
        "source_event_year": null,
        "event_year": null,
        "total_loss_area_ha": null,
        "dominant_loss_area_ha": null,
        "dominant_year_share": null,
        "sample_status": null,
        "pre_scene_id": null,
        "pre_date": null,
        "post_scene_id": null,
        "post_date": null,
        "pre_local_cloud": null,
        "post_local_cloud": null,
        "manual_validation": null,
        "manual_notes": null,
        "event_mask_metadata": null,
        "local_raster_paths": null
      },
      "geometry": {
        "type": "Point",
        "coordinates": [
          44.98500110610763,
          58.43500080663564
        ]
      }
    },
    {
      "type": "Feature",
      "properties": {
        "sample_id": "73f4368337e76b17d990b01d2e9a47468ed9b5a9",
        "source_file": "validation_2001_2022.geojson",
        "source_id": "8445",
        "lat": 59.98499998190863,
        "lon": 30.74500014662864,
        "driver": "Logging",
        "confidence": "High",
        "source_event_year": null,
        "event_year": null,
        "total_loss_area_ha": null,
        "dominant_loss_area_ha": null,
        "dominant_year_share": null,
        "sample_status": null,
        "pre_scene_id": null,
        "pre_date": null,
        "post_scene_id": null,
        "post_date": null,
        "pre_local_cloud": null,
        "post_local_cloud": null,
        "manual_validation": null,
        "manual_notes": null,
        "event_mask_metadata": null,
        "local_raster_paths": null
      },
      "geometry": {
        "type": "Point",
        "coordinates": [
          30.74500014662864,
          59.98499998190863
        ]
      }
    },
    {
      "type": "Feature",
      "properties": {
        "sample_id": "4eb8745573f81c4f712a660ca33a2193e6ed1931",
        "source_file": "validation_2001_2022.geojson",
        "source_id": "8488",
        "lat": 58.77500060857445,
        "lon": 82.9749992259283,
        "driver": "Logging",
        "confidence": "High",
        "source_event_year": null,
        "event_year": null,
        "total_loss_area_ha": null,
        "dominant_loss_area_ha": null,
        "dominant_year_share": null,
        "sample_status": null,
        "pre_scene_id": null,
        "pre_date": null,
        "post_scene_id": null,
        "post_date": null,
        "pre_local_cloud": null,
        "post_local_cloud": null,
        "manual_validation": null,
        "manual_notes": null,
        "event_mask_metadata": null,
        "local_raster_paths": null
      },
      "geometry": {
        "type": "Point",
        "coordinates": [
          82.9749992259283,
          58.77500060857445
        ]
      }
    }
  ]
}